id,tvt
000d7d20_1442,11854.145884128533
000d7d20_1443,11854.033734933966
000d7d20_1444,11853.921263491407
000d7d20_1445,11853.808470002235
000d7d20_1446,11853.695354667829
000d7d20_1447,11853.581917689566
000d7d20_1448,11853.468159268823
000d7d20_1449,11853.35407960698
000d7d20_1450,11853.239678905413
000d7d20_1451,11853.1249573655
000d7d20_1452,11853.00991518862
000d7d20_1453,11852.894552576152
000d7d20_1454,11852.77886972947
000d7d20_1455,11852.662866849958
000d7d20_1456,11852.546544138988
000d7d20_1457,11852.429901797943
000d7d20_1458,11852.312940028196
000d7d20_1459,11852.19565903113
000d7d20_1460,11852.078059008118
000d7d20_1461,11851.960140160541
000d7d20_1462,11851.841902689779
000d7d20_1463,11851.723346797206
000d7d20_1464,11851.6044726842
000d7d20_1465,11851.48528055214
000d7d20_1466,11851.365770602406
000d7d20_1467,11851.245943036374
000d7d20_1468,11851.125798055422
000d7d20_1469,11851.00533586093
000d7d20_1470,11850.884556654271
000d7d20_1471,11850.763460636828
000d7d20_1472,11850.642048010184
000d7d20_1473,11850.520327752029
000d7d20_1474,11850.398311118424
000d7d20_1475,11850.276003283481
000d7d20_1476,11850.153430420838
000d7d20_1477,11850.015631748218
000d7d20_1478,11849.877243704244
000d7d20_1479,11849.74069897841
000d7d20_1480,11849.603968196252
000d7d20_1481,11849.469712769078
000d7d20_1482,11849.335661982537
000d7d20_1483,11849.201931695943
000d7d20_1484,11849.099355623006
000d7d20_1485,11848.995698655845
000d7d20_1486,11848.890489353922
000d7d20_1487,11848.718283946051
000d7d20_1488,11848.622396100665
000d7d20_1489,11848.524846709695
000d7d20_1490,11848.425917534989
000d7d20_1491,11848.32537264878
000d7d20_1492,11848.22348654298
000d7d20_1493,11848.120011380692
000d7d20_1494,11848.01494299781
000d7d20_1495,11847.787994325361
000d7d20_1496,11847.577417006773
000d7d20_1497,11847.38527142336
000d7d20_1498,11847.211202404103
000d7d20_1499,11847.05436767098
000d7d20_1500,11846.914311752847
000d7d20_1501,11846.916730286634
000d7d20_1502,11846.91328642929
000d7d20_1503,11846.903991979301
000d7d20_1504,11846.888876009956
000d7d20_1505,11846.867937105879
000d7d20_1506,11846.841191120313
000d7d20_1507,11846.808662527115
000d7d20_1508,11846.770361269168
000d7d20_1509,11846.726517751556
000d7d20_1510,11846.67690631966
000d7d20_1511,11846.621558010436
000d7d20_1512,11846.560525080502
000d7d20_1513,11846.366818538887
000d7d20_1514,11846.18621175073
000d7d20_1515,11846.018898089347
000d7d20_1516,11845.864423000627
000d7d20_1517,11845.72495390205
000d7d20_1518,11845.60014822094
000d7d20_1519,11845.489514905245
000d7d20_1520,11845.391753916698
000d7d20_1521,11845.306325172933
000d7d20_1522,11845.368044044519
000d7d20_1523,11845.417347616569
000d7d20_1524,11845.453758331249
000d7d20_1525,11845.47753403255
000d7d20_1526,11845.488678482221
000d7d20_1527,11845.486923096614
000d7d20_1528,11845.472544363101
000d7d20_1529,11845.445318426504
000d7d20_1530,11845.270259980549
000d7d20_1531,11845.10502487592
000d7d20_1532,11844.950032076375
000d7d20_1533,11844.804006572791
000d7d20_1534,11844.666138011002
000d7d20_1535,11844.535901480636
000d7d20_1536,11844.412237076574
000d7d20_1537,11844.43041676644
000d7d20_1538,11844.447734529991
000d7d20_1539,11844.452753788111
000d7d20_1540,11844.443639561307
000d7d20_1541,11844.423018350959
000d7d20_1542,11844.389072107318
000d7d20_1543,11844.344476233971
000d7d20_1544,11844.290124856087
000d7d20_1545,11844.190806392846
000d7d20_1546,11844.07413668525
000d7d20_1547,11843.882597069658
000d7d20_1548,11843.760730874046
000d7d20_1549,11843.564797028961
000d7d20_1550,11843.358503963604
000d7d20_1551,11843.141786703047
000d7d20_1552,11842.914981141612
000d7d20_1553,11842.678004394736
000d7d20_1554,11842.43116723142
000d7d20_1555,11842.16303088071
000d7d20_1556,11842.029224322001
000d7d20_1557,11841.91549112335
000d7d20_1558,11841.81751428422
000d7d20_1559,11841.73630787493
000d7d20_1560,11841.681516290862
000d7d20_1561,11841.64330834474
000d7d20_1562,11841.484893482935
000d7d20_1563,11841.32095964817
000d7d20_1564,11841.1490531361
000d7d20_1565,11840.969162630481
000d7d20_1566,11840.792402569197
000d7d20_1567,11840.605674537004
000d7d20_1568,11840.408960885492
000d7d20_1569,11840.202109269247
000d7d20_1570,11839.985055217574
000d7d20_1571,11839.757969415201
000d7d20_1572,11839.520612428429
000d7d20_1573,11839.284445125306
000d7d20_1574,11839.187975367962
000d7d20_1575,11839.107751191052
000d7d20_1576,11839.042340544416
000d7d20_1577,11838.993178397159
000d7d20_1578,11838.958157872603
000d7d20_1579,11838.938052838797
000d7d20_1580,11838.933084706367
000d7d20_1581,11838.946620093824
000d7d20_1582,11839.049144549868
000d7d20_1583,11838.996154920695
000d7d20_1584,11838.923713921327
000d7d20_1585,11838.832299750336
000d7d20_1586,11838.72197468177
000d7d20_1587,11838.592926438718
000d7d20_1588,11838.445410464301
000d7d20_1589,11838.279825761398
000d7d20_1590,11838.096343717845
000d7d20_1591,11838.054012232069
000d7d20_1592,11838.019702039328
000d7d20_1593,11837.993461956778
000d7d20_1594,11837.976218579573
000d7d20_1595,11837.969122190994
000d7d20_1596,11837.916297273388
000d7d20_1597,11837.887933820211
000d7d20_1598,11837.72372701568
000d7d20_1599,11837.558729323327
000d7d20_1600,11837.39240553353
000d7d20_1601,11837.223484869919
000d7d20_1602,11837.187481029996
000d7d20_1603,11837.124145210399
000d7d20_1604,11837.033461904955
000d7d20_1605,11836.915431594023
000d7d20_1606,11836.63423906969
000d7d20_1607,11836.349142578863
000d7d20_1608,11836.127373457142
000d7d20_1609,11835.911185002376
000d7d20_1610,11835.700750509499
000d7d20_1611,11835.497945750407
000d7d20_1612,11835.303297351564
000d7d20_1613,11835.116478097789
000d7d20_1614,11834.938055618155
000d7d20_1615,11834.7679471884
000d7d20_1616,11834.619623019802
000d7d20_1617,11834.482011742832
000d7d20_1618,11834.352478053575
000d7d20_1619,11834.23398370626
000d7d20_1620,11834.12636590438
000d7d20_1621,11834.01969968926
000d7d20_1622,11833.922849693492
000d7d20_1623,11833.823015627167
000d7d20_1624,11833.729220703915
000d7d20_1625,11833.643500416443
000d7d20_1626,11833.566361618803
000d7d20_1627,11833.484680832255
000d7d20_1628,11833.41005000354
000d7d20_1629,11833.342453058487
000d7d20_1630,11833.282564558966
000d7d20_1631,11833.230205064627
000d7d20_1632,11833.185887741492
000d7d20_1633,11833.150066416785
000d7d20_1634,11833.109302772098
000d7d20_1635,11833.208599640284
000d7d20_1636,11833.28851325819
000d7d20_1637,11833.352416840371
000d7d20_1638,11833.401126389614
000d7d20_1639,11833.436192705232
000d7d20_1640,11833.458298425558
000d7d20_1641,11833.468990490152
000d7d20_1642,11833.466360084116
000d7d20_1643,11833.368681292319
000d7d20_1644,11833.249097294856
000d7d20_1645,11833.108430430726
000d7d20_1646,11832.94719240472
000d7d20_1647,11832.766625602733
000d7d20_1648,11832.567117988205
000d7d20_1649,11832.349932933103
000d7d20_1650,11832.115453706268
000d7d20_1651,11831.864811128136
000d7d20_1652,11831.59883316403
000d7d20_1653,11831.318468939517
000d7d20_1654,11831.024372573216
000d7d20_1655,11830.717942360658
000d7d20_1656,11830.399666534191
000d7d20_1657,11830.137263521367
000d7d20_1658,11829.871889425143
000d7d20_1659,11829.476106216114
000d7d20_1660,11829.100691785658
000d7d20_1661,11828.743517439705
000d7d20_1662,11828.407429526114
000d7d20_1663,11827.93023116017
000d7d20_1664,11827.449786461575
000d7d20_1665,11826.965951387592
000d7d20_1666,11826.477941151928
000d7d20_1667,11826.14500686442
000d7d20_1668,11825.831082876273
000d7d20_1669,11825.536168395967
000d7d20_1670,11825.260766978763
000d7d20_1671,11825.004381698267
000d7d20_1672,11824.7672770965
000d7d20_1673,11824.54923305201
000d7d20_1674,11824.350505522649
000d7d20_1675,11824.170864516882
000d7d20_1676,11824.0105471195
000d7d20_1677,11824.005364119897
000d7d20_1678,11823.995869581286
000d7d20_1679,11823.983087400999
000d7d20_1680,11823.96756394039
000d7d20_1681,11823.853595235363
000d7d20_1682,11823.851988577602
000d7d20_1683,11823.849766948637
000d7d20_1684,11823.847481598745
000d7d20_1685,11823.845705279133
000d7d20_1686,11823.73466945575
000d7d20_1687,11823.642284599544
000d7d20_1688,11823.569451499347
000d7d20_1689,11823.516551059669
000d7d20_1690,11823.471182752748
000d7d20_1691,11823.451878946264
000d7d20_1692,11823.459170394877
000d7d20_1693,11823.628636617885
000d7d20_1694,11823.801027707654
000d7d20_1695,11823.977149284057
000d7d20_1696,11823.925938473376
000d7d20_1697,11823.864802331982
000d7d20_1698,11823.806970266816
000d7d20_1699,11823.739295344662
000d7d20_1700,11823.658818349688
000d7d20_1701,11823.566076273504
000d7d20_1702,11823.460798072025
000d7d20_1703,11823.343488659288
000d7d20_1704,11823.156731925823
000d7d20_1705,11822.970782218417
000d7d20_1706,11822.784358860683
000d7d20_1707,11822.597164888344
000d7d20_1708,11822.40792545159
000d7d20_1709,11822.21610740461
000d7d20_1710,11822.020925094706
000d7d20_1711,11821.82160359099
000d7d20_1712,11821.617081544957
000d7d20_1713,11821.407073300923
000d7d20_1714,11821.190294867438
000d7d20_1715,11820.96621110421
000d7d20_1716,11820.869616709271
000d7d20_1717,11820.74073043819
000d7d20_1718,11820.579531938383
000d7d20_1719,11820.386015075217
000d7d20_1720,11820.311297218741
000d7d20_1721,11820.228648526265
000d7d20_1722,11820.141396192932
000d7d20_1723,11820.048331955384
000d7d20_1724,11819.952830428767
000d7d20_1725,11819.853397563124
000d7d20_1726,11819.75051541346
000d7d20_1727,11819.644722620702
000d7d20_1728,11819.53703276755
000d7d20_1729,11819.428262839516
000d7d20_1730,11819.319212967594
000d7d20_1731,11819.210442846954
000d7d20_1732,11819.102944711087
000d7d20_1733,11818.99729562686
000d7d20_1734,11818.894554789656
000d7d20_1735,11818.79548990291
000d7d20_1736,11818.700918374228
000d7d20_1737,11818.61134637194
000d7d20_1738,11818.367530782023
000d7d20_1739,11818.105559036601
000d7d20_1740,11817.825419163866
000d7d20_1741,11817.526899123946
000d7d20_1742,11817.324255175556
000d7d20_1743,11817.00722153257
000d7d20_1744,11816.634313117607
000d7d20_1745,11816.2497908224
000d7d20_1746,11815.851296600153
000d7d20_1747,11815.570000688665
000d7d20_1748,11815.296609942954
000d7d20_1749,11815.03537235859
000d7d20_1750,11814.787466250431
000d7d20_1751,11814.570098101365
000d7d20_1752,11814.368149665279
000d7d20_1753,11814.182329286383
000d7d20_1754,11813.855968871185
000d7d20_1755,11813.52214478554
000d7d20_1756,11813.181403358678
000d7d20_1757,11812.920273852165
000d7d20_1758,11812.668356963693
000d7d20_1759,11812.35040212924
000d7d20_1760,11812.051740290133
000d7d20_1761,11811.774664020735
000d7d20_1762,11811.655181816242
000d7d20_1763,11811.5340838917
000d7d20_1764,11811.412349967808
000d7d20_1765,11811.35831309485
000d7d20_1766,11811.309962592577
000d7d20_1767,11811.268557493431
000d7d20_1768,11811.237196171609
000d7d20_1769,11811.214890019959
000d7d20_1770,11811.205140937926
000d7d20_1771,11811.082399372859
000d7d20_1772,11811.11921142276
000d7d20_1773,11811.047954515527
000d7d20_1774,11811.013628762763
000d7d20_1775,11811.016422985125
000d7d20_1776,11811.056088723548
000d7d20_1777,11810.972833273281
000d7d20_1778,11811.005759529604
000d7d20_1779,11811.02891859447
000d7d20_1780,11811.040543653617
000d7d20_1781,11811.04355013665
000d7d20_1782,11811.037996821722
000d7d20_1783,11811.026573417952
000d7d20_1784,11811.006844140917
000d7d20_1785,11810.978988182875
000d7d20_1786,11810.940912313286
000d7d20_1787,11810.897676987564
000d7d20_1788,11810.846781511678
000d7d20_1789,11810.78836231201
000d7d20_1790,11810.72252945424
000d7d20_1791,11810.651635152513
000d7d20_1792,11810.573103718676
000d7d20_1793,11810.487018725667
000d7d20_1794,11810.393698473688
000d7d20_1795,11810.290696187816
000d7d20_1796,11810.180907390148
000d7d20_1797,11810.149543862
000d7d20_1798,11810.010929247515
000d7d20_1799,11809.933916574872
000d7d20_1800,11809.838604189345
000d7d20_1801,11809.725322510916
000d7d20_1802,11809.5948389211
000d7d20_1803,11809.447006737768
000d7d20_1804,11809.282109177435
000d7d20_1805,11809.145482732494
000d7d20_1806,11809.000178801694
000d7d20_1807,11808.85174755498
000d7d20_1808,11808.628110096917
000d7d20_1809,11808.41785195592
000d7d20_1810,11808.216246073518
000d7d20_1811,11808.024110194487
000d7d20_1812,11807.842037464268
000d7d20_1813,11807.670628739505
000d7d20_1814,11807.510680529616
000d7d20_1815,11807.35976264006
000d7d20_1816,11807.222535886845
000d7d20_1817,11807.100365689128
000d7d20_1818,11806.991159749921
000d7d20_1819,11806.896834645426
000d7d20_1820,11806.888965655899
000d7d20_1821,11806.904016785338
000d7d20_1822,11806.942459888425
000d7d20_1823,11806.843796850932
000d7d20_1824,11806.743554782313
000d7d20_1825,11806.640454107612
000d7d20_1826,11806.533934763856
000d7d20_1827,11806.562134061314
000d7d20_1828,11806.565462820447
000d7d20_1829,11806.542221326565
000d7d20_1830,11806.494987909446
000d7d20_1831,11806.42141797195
000d7d20_1832,11806.470484405543
000d7d20_1833,11806.371271163041
000d7d20_1834,11806.392205370581
000d7d20_1835,11806.410512676124
000d7d20_1836,11806.42724116134
000d7d20_1837,11806.44344017701
000d7d20_1838,11806.32379843104
000d7d20_1839,11806.105721809921
000d7d20_1840,11805.896026078446
000d7d20_1841,11805.697044842673
000d7d20_1842,11805.50671162941
000d7d20_1843,11805.325195366853
000d7d20_1844,11805.149600049765
000d7d20_1845,11804.982150799291
000d7d20_1846,11804.822856854
000d7d20_1847,11804.763099780877
000d7d20_1848,11804.69113896736
000d7d20_1849,11804.612534458453
000d7d20_1850,11804.525696505048
000d7d20_1851,11804.431684947951
000d7d20_1852,11804.328899017784
000d7d20_1853,11804.22068000459
000d7d20_1854,11804.10791538125
000d7d20_1855,11803.991874920071
000d7d20_1856,11803.876295699989
000d7d20_1857,11803.759771184736
000d7d20_1858,11803.54286957312
000d7d20_1859,11803.412327062006
000d7d20_1860,11803.203566268821
000d7d20_1861,11802.985393289462
000d7d20_1862,11802.758498418958
000d7d20_1863,11802.523346379523
000d7d20_1864,11802.280808705891
000d7d20_1865,11802.1278761852
000d7d20_1866,11801.819348213952
000d7d20_1867,11801.515066620479
000d7d20_1868,11801.212497545086
000d7d20_1869,11800.996356275922
000d7d20_1870,11800.79425848694
000d7d20_1871,11800.60906203841
000d7d20_1872,11800.44094120305
000d7d20_1873,11800.290429863187
000d7d20_1874,11800.158173183987
000d7d20_1875,11800.044235497422
000d7d20_1876,11799.94953679933
000d7d20_1877,11799.872713582787
000d7d20_1878,11799.812312002476
000d7d20_1879,11799.904202358131
000d7d20_1880,11799.97879099443
000d7d20_1881,11800.048430930992
000d7d20_1882,11800.111936684782
000d7d20_1883,11800.170115991974
000d7d20_1884,11800.224633446831
000d7d20_1885,11800.162803635747
000d7d20_1886,11800.122157326652
000d7d20_1887,11800.102214337116
000d7d20_1888,11799.943175190034
000d7d20_1889,11799.78007266255
000d7d20_1890,11799.612167388002
000d7d20_1891,11799.438429837533
000d7d20_1892,11799.258568540008
000d7d20_1893,11799.071315397947
000d7d20_1894,11798.87608182637
000d7d20_1895,11798.671867672148
000d7d20_1896,11798.458162085517
000d7d20_1897,11798.23418057488
000d7d20_1898,11797.99887887194
000d7d20_1899,11797.911760314091
000d7d20_1900,11797.836746147752
000d7d20_1901,11797.773842049437
000d7d20_1902,11797.723560859005
000d7d20_1903,11797.685423535342
000d7d20_1904,11797.659411165354
000d7d20_1905,11797.645796249264
000d7d20_1906,11797.644342956697
000d7d20_1907,11797.655045181422
000d7d20_1908,11797.573619303212
000d7d20_1909,11797.491353465311
000d7d20_1910,11797.541463594293
000d7d20_1911,11797.43114596501
000d7d20_1912,11797.320713575296
000d7d20_1913,11797.209968632747
000d7d20_1914,11797.098950519274
000d7d20_1915,11797.123801357635
000d7d20_1916,11797.125196183388
000d7d20_1917,11797.104272277287
000d7d20_1918,11797.06165766424
000d7d20_1919,11796.998328437912
000d7d20_1920,11796.915265484125
000d7d20_1921,11796.813628267037
000d7d20_1922,11796.694238909653
000d7d20_1923,11796.558065396222
000d7d20_1924,11796.406389368422
000d7d20_1925,11796.144502101042
000d7d20_1926,11795.769090104637
000d7d20_1927,11795.533551888759
000d7d20_1928,11795.30502349229
000d7d20_1929,11795.081531320233
000d7d20_1930,11794.864012559314
000d7d20_1931,11794.646096542094
000d7d20_1932,11794.436409490665
000d7d20_1933,11794.358483082351
000d7d20_1934,11794.27166117138
000d7d20_1935,11794.050657103391
000d7d20_1936,11793.841491283029
000d7d20_1937,11793.64446606979
000d7d20_1938,11793.460092405709
000d7d20_1939,11793.291394694434
000d7d20_1940,11792.978045585518
000d7d20_1941,11792.668374392495
000d7d20_1942,11792.351761704924
000d7d20_1943,11792.029988306484
000d7d20_1944,11791.703359360923
000d7d20_1945,11791.371460381542
000d7d20_1946,11791.167969563025
000d7d20_1947,11790.976371736953
000d7d20_1948,11790.796913727823
000d7d20_1949,11790.62911463558
000d7d20_1950,11790.473481595034
000d7d20_1951,11790.329754808903
000d7d20_1952,11790.198177413498
000d7d20_1953,11790.078264824515
000d7d20_1954,11789.970484596235
000d7d20_1955,11789.874639434853
000d7d20_1956,11789.790710636247
000d7d20_1957,11789.718936932433
000d7d20_1958,11789.659097843767
000d7d20_1959,11789.611180514394
000d7d20_1960,11789.575220543882
000d7d20_1961,11789.659638797346
000d7d20_1962,11789.629080213233
000d7d20_1963,11789.610854855437
000d7d20_1964,11789.605435310372
000d7d20_1965,11789.612645123174
000d7d20_1966,11789.632447462818
000d7d20_1967,11789.66481934654
000d7d20_1968,11789.710046017582
000d7d20_1969,11789.767625334918
000d7d20_1970,11789.838036163806
000d7d20_1971,11789.761008397918
000d7d20_1972,11789.831877964496
000d7d20_1973,11789.914284240383
000d7d20_1974,11790.008506155657
000d7d20_1975,11790.114813248672
000d7d20_1976,11790.072901711617
000d7d20_1977,11790.017808291232
000d7d20_1978,11789.948739408002
000d7d20_1979,11789.864915435694
000d7d20_1980,11789.765514510376
000d7d20_1981,11789.64977964022
000d7d20_1982,11789.517166522466
000d7d20_1983,11789.36659923939
000d7d20_1984,11789.197360983584
000d7d20_1985,11789.008356758955
000d7d20_1986,11788.911546439716
000d7d20_1987,11788.814789244398
000d7d20_1988,11788.718118058881
000d7d20_1989,11788.619185247348
000d7d20_1990,11788.520558251726
000d7d20_1991,11788.422547223128
000d7d20_1992,11788.469378935275
000d7d20_1993,11788.487056411834
000d7d20_1994,11788.341492200685
000d7d20_1995,11788.152571464718
000d7d20_1996,11788.06661275136
000d7d20_1997,11787.973335262248
000d7d20_1998,11787.861159568145
000d7d20_1999,11787.731795032416
000d7d20_2000,11787.460493563387
000d7d20_2001,11787.196715356897
000d7d20_2002,11786.939702162204
000d7d20_2003,11786.68947794216
000d7d20_2004,11786.446097729913
000d7d20_2005,11786.209541005943
000d7d20_2006,11785.979812999529
000d7d20_2007,11785.756909358153
000d7d20_2008,11785.54081622452
000d7d20_2009,11785.467119396817
000d7d20_2010,11785.377048464728
000d7d20_2011,11785.138104334164
000d7d20_2012,11784.90654702673
000d7d20_2013,11784.68057509586
000d7d20_2014,11784.46448366193
000d7d20_2015,11784.256104013386
000d7d20_2016,11784.055323089897
000d7d20_2017,11783.862978756624
000d7d20_2018,11783.679111213585
000d7d20_2019,11783.50340724208
000d7d20_2020,11783.336407026096
000d7d20_2021,11783.177607034126
000d7d20_2022,11782.899702037508
000d7d20_2023,11782.73807937275
000d7d20_2024,11782.584255502925
000d7d20_2025,11782.438269999384
000d7d20_2026,11782.300074418481
000d7d20_2027,11782.16970820143
000d7d20_2028,11782.183011022335
000d7d20_2029,11782.180453706558
000d7d20_2030,11782.127067862844
000d7d20_2031,11782.062949131847
000d7d20_2032,11781.989586663338
000d7d20_2033,11781.909807318583
000d7d20_2034,11781.731484779213
000d7d20_2035,11781.565046395464
000d7d20_2036,11781.410003964364
000d7d20_2037,11781.266583801358
000d7d20_2038,11781.13508920757
000d7d20_2039,11781.014992161068
000d7d20_2040,11780.90673348213
000d7d20_2041,11780.81011399827
000d7d20_2042,11780.725113222517
000d7d20_2043,11780.651735030711
000d7d20_2044,11780.589975260686
000d7d20_2045,11780.540035927324
000d7d20_2046,11780.501704540016
000d7d20_2047,11780.475205166322
000d7d20_2048,11780.459995191797
000d7d20_2049,11780.456367438117
000d7d20_2050,11780.464526971042
000d7d20_2051,11780.484200813375
000d7d20_2052,11780.515679089993
000d7d20_2053,11780.398621085138
000d7d20_2054,11780.278122340895
000d7d20_2055,11780.145456118214
000d7d20_2056,11780.000221554315
000d7d20_2057,11779.844181164639
000d7d20_2058,11779.664023793526
000d7d20_2059,11779.47047684026
000d7d20_2060,11779.263568168963
000d7d20_2061,11779.188928386033
000d7d20_2062,11779.119652901978
000d7d20_2063,11779.055975405776
000d7d20_2064,11778.997629224556
000d7d20_2065,11778.945115770537
000d7d20_2066,11779.029469671977
000d7d20_2067,11779.09394154531
000d7d20_2068,11779.137478966044
000d7d20_2069,11779.163746607572
000d7d20_2070,11779.014337040475
000d7d20_2071,11778.82506150741
000d7d20_2072,11778.753274851177
000d7d20_2073,11778.667614917005
000d7d20_2074,11778.573544945626
000d7d20_2075,11778.465884047491
000d7d20_2076,11778.347544080125
000d7d20_2077,11778.219690700125
000d7d20_2078,11778.083139285409
000d7d20_2079,11777.938696834297
000d7d20_2080,11777.787484679156
000d7d20_2081,11777.630462380504
000d7d20_2082,11777.468879220034
000d7d20_2083,11777.303309034995
000d7d20_2084,11777.134906871592
000d7d20_2085,11776.96489195161
000d7d20_2086,11776.7939394363
000d7d20_2087,11776.623064043964
000d7d20_2088,11776.453101421901
000d7d20_2089,11776.125156145305
000d7d20_2090,11775.77518201167
000d7d20_2091,11775.445540567232
000d7d20_2092,11775.101661386818
000d7d20_2093,11774.746730831821
000d7d20_2094,11774.381311208383
000d7d20_2095,11774.11272160725
000d7d20_2096,11773.847793905354
000d7d20_2097,11773.587734828021
000d7d20_2098,11773.426208593179
000d7d20_2099,11773.257545751962
000d7d20_2100,11772.946969023571
000d7d20_2101,11772.654064861788
000d7d20_2102,11772.379318473022
000d7d20_2103,11772.122758900272
000d7d20_2104,11771.91045987021
000d7d20_2105,11771.70899105936
000d7d20_2106,11771.618359133641
000d7d20_2107,11771.404982431777
000d7d20_2108,11771.210476139695
000d7d20_2109,11771.03488122161
000d7d20_2110,11770.878461250097
000d7d20_2111,11770.740955916424
000d7d20_2112,11770.622633226822
000d7d20_2113,11770.523218469587
000d7d20_2114,11770.44296115118
000d7d20_2115,11770.381603832268
000d7d20_2116,11770.339417489204
000d7d20_2117,11770.316138340968
000d7d20_2118,11770.312002740542
000d7d20_2119,11770.32676306894
000d7d20_2120,11770.360701215095
000d7d20_2121,11770.413541527018
000d7d20_2122,11770.48526459298
000d7d20_2123,11770.576117463575
000d7d20_2124,11770.685890597091
000d7d20_2125,11770.81480991296
000d7d20_2126,11770.962617748719
000d7d20_2127,11770.97463137651
000d7d20_2128,11770.984617968234
000d7d20_2129,11770.994995844356
000d7d20_2130,11771.003454206508
000d7d20_2131,11771.009593709137
000d7d20_2132,11771.013413622648
000d7d20_2133,11771.014547649345
000d7d20_2134,11771.012814717582
000d7d20_2135,11771.005622770837
000d7d20_2136,11770.994889169582
000d7d20_2137,11770.980468398393
000d7d20_2138,11770.96245905784
000d7d20_2139,11770.940567564665
000d7d20_2140,11770.91470539379
000d7d20_2141,11770.885019809246
000d7d20_2142,11770.851268752378
000d7d20_2143,11770.813412354591
000d7d20_2144,11770.771664883476
000d7d20_2145,11770.725826622845
000d7d20_2146,11770.67590134998
000d7d20_2147,11770.621916776381
000d7d20_2148,11770.564136730985
000d7d20_2149,11770.502439284879
000d7d20_2150,11770.436895710756
000d7d20_2151,11770.474273381597
000d7d20_2152,11770.487043735078
000d7d20_2153,11770.478766347273
000d7d20_2154,11770.450888335425
000d7d20_2155,11770.39933339912
000d7d20_2156,11770.3230709956
000d7d20_2157,11770.228862334126
000d7d20_2158,11770.115481693758
000d7d20_2159,11769.877367487501
000d7d20_2160,11769.627446725734
000d7d20_2161,11769.499332713978
000d7d20_2162,11769.360613686704
000d7d20_2163,11769.209663287638
000d7d20_2164,11769.047495281979
000d7d20_2165,11768.844101434894
000d7d20_2166,11768.607325298537
000d7d20_2167,11768.247682550664
000d7d20_2168,11768.082354497019
000d7d20_2169,11767.902458089091
000d7d20_2170,11767.709315565062
000d7d20_2171,11767.503475628966
000d7d20_2172,11767.285719486272
000d7d20_2173,11767.05686347142
000d7d20_2174,11766.817463368046
000d7d20_2175,11766.568574437064
000d7d20_2176,11766.310984921762
000d7d20_2177,11766.045497531844
000d7d20_2178,11765.666816138626
000d7d20_2179,11765.270066780697
000d7d20_2180,11764.890618734193
000d7d20_2181,11764.528464816574
000d7d20_2182,11764.1835908666
000d7d20_2183,11763.855747705638
000d7d20_2184,11763.545213093612
000d7d20_2185,11763.25197856556
000d7d20_2186,11762.975808994384
000d7d20_2187,11762.716945737764
000d7d20_2188,11762.475398441116
000d7d20_2189,11762.251164102681
000d7d20_2190,11762.044006317572
000d7d20_2191,11761.854150489464
000d7d20_2192,11761.681619693834
000d7d20_2193,11761.526168582932
000d7d20_2194,11761.388058007085
000d7d20_2195,11761.26724415732
000d7d20_2196,11761.163522473853
000d7d20_2197,11761.07713809054
000d7d20_2198,11761.00805414185
000d7d20_2199,11760.956056990919
000d7d20_2200,11760.921404238035
000d7d20_2201,11760.904050006138
000d7d20_2202,11760.903786379851
000d7d20_2203,11760.920832258564
000d7d20_2204,11760.955205381124
000d7d20_2205,11761.006655027088
000d7d20_2206,11761.075405786938
000d7d20_2207,11761.161246756697
000d7d20_2208,11761.264401766337
000d7d20_2209,11761.384862897941
000d7d20_2210,11761.658206245838
000d7d20_2211,11761.925446003595
000d7d20_2212,11762.061452214191
000d7d20_2213,11762.176558921943
000d7d20_2214,11762.271644712227
000d7d20_2215,11762.344291660378
000d7d20_2216,11762.397726813904
000d7d20_2217,11762.437732705097
000d7d20_2218,11762.4607783168
000d7d20_2219,11762.47008159529
000d7d20_2220,11762.464404002356
000d7d20_2221,11762.281825926088
000d7d20_2222,11762.105162029813
000d7d20_2223,11761.931650803055
000d7d20_2224,11761.76352515294
000d7d20_2225,11761.600724809645
000d7d20_2226,11761.44296421825
000d7d20_2227,11761.317101757659
000d7d20_2228,11761.200626204665
000d7d20_2229,11761.137164922719
000d7d20_2230,11761.042500219926
000d7d20_2231,11760.916353917979
000d7d20_2232,11760.758489147434
000d7d20_2233,11760.569181320167
000d7d20_2234,11760.34857988224
000d7d20_2235,11760.09668978185
000d7d20_2236,11759.677409379245
000d7d20_2237,11759.249957474553
000d7d20_2238,11758.813530945486
000d7d20_2239,11758.492274814766
000d7d20_2240,11758.351363429801
000d7d20_2241,11758.20121196541
000d7d20_2242,11758.042847837805
000d7d20_2243,11757.876749961795
000d7d20_2244,11757.704204172907
000d7d20_2245,11757.52550658897
000d7d20_2246,11757.341624559791
000d7d20_2247,11757.153357832698
000d7d20_2248,11756.96149132178
000d7d20_2249,11756.76675584988
000d7d20_2250,11756.569871215737
000d7d20_2251,11756.371610994769
000d7d20_2252,11756.172815623951
000d7d20_2253,11755.838347210147
000d7d20_2254,11755.528490541195
000d7d20_2255,11755.242945479416
000d7d20_2256,11754.981693467691
000d7d20_2257,11754.880795865332
000d7d20_2258,11754.780926524807
000d7d20_2259,11754.682638821532
000d7d20_2260,11754.586891885789
000d7d20_2261,11754.49424821673
000d7d20_2262,11754.405695003008
000d7d20_2263,11754.321972368023
000d7d20_2264,11754.243669476495
000d7d20_2265,11754.171737675326
000d7d20_2266,11753.971131159124
000d7d20_2267,11753.801880598654
000d7d20_2268,11753.664163444217
000d7d20_2269,11753.557528862513
000d7d20_2270,11753.482140517794
000d7d20_2271,11753.27821978454
000d7d20_2272,11753.080481259569
000d7d20_2273,11752.888149978373
000d7d20_2274,11752.700437716638
000d7d20_2275,11752.516481970062
000d7d20_2276,11752.335776855256
000d7d20_2277,11752.157213195995
000d7d20_2278,11751.980291672884
000d7d20_2279,11751.803951355878
000d7d20_2280,11751.627831999145
000d7d20_2281,11751.450686305556
000d7d20_2282,11751.431967792088
000d7d20_2283,11751.435666191683
000d7d20_2284,11751.462217457392
000d7d20_2285,11751.511138706464
000d7d20_2286,11751.582471819927
000d7d20_2287,11751.676663392485
000d7d20_2288,11751.793498225843
000d7d20_2289,11751.932680239917
000d7d20_2290,11751.934448323926
000d7d20_2291,11751.933549410764
000d7d20_2292,11751.929458089071
000d7d20_2293,11751.921659394675
000d7d20_2294,11752.044912223868
000d7d20_2295,11752.138943108044
000d7d20_2296,11752.203707647195
000d7d20_2297,11752.399536121997
000d7d20_2298,11752.591428518534
000d7d20_2299,11752.64429904919
000d7d20_2300,11752.718231067505
000d7d20_2301,11752.653162213212
000d7d20_2302,11752.58410975698
000d7d20_2303,11752.510028939714
000d7d20_2304,11752.43037907538
000d7d20_2305,11752.344368430968
000d7d20_2306,11752.25118925796
000d7d20_2307,11752.14982637057
000d7d20_2308,11752.039979703555
000d7d20_2309,11751.920360739186
000d7d20_2310,11751.790387973397
000d7d20_2311,11751.649063082046
000d7d20_2312,11751.496084794264
000d7d20_2313,11751.330390406089
000d7d20_2314,11751.311030151464
000d7d20_2315,11751.302383565402
000d7d20_2316,11751.304483325552
000d7d20_2317,11751.317308527161
000d7d20_2318,11751.18077635051
000d7d20_2319,11751.02972459586
000d7d20_2320,11750.86353398748
000d7d20_2321,11750.681453789957
000d7d20_2322,11750.482475872217
000d7d20_2323,11750.265821609662
000d7d20_2324,11750.030961248858
000d7d20_2325,11749.777081070766
000d7d20_2326,11749.638997729315
000d7d20_2327,11749.616980318933
000d7d20_2328,11749.57574260539
000d7d20_2329,11749.51610772699
000d7d20_2330,11749.439084238737
000d7d20_2331,11749.345267901717
000d7d20_2332,11749.235456424081
000d7d20_2333,11749.110450638625
000d7d20_2334,11748.971320364553
000d7d20_2335,11748.818638856674
000d7d20_2336,11748.653257296372
000d7d20_2337,11748.47593113001
000d7d20_2338,11748.287735653044
000d7d20_2339,11748.089208793683
000d7d20_2340,11747.881179465257
000d7d20_2341,11747.664239020925
000d7d20_2342,11747.439382792485
000d7d20_2343,11747.207495742156
000d7d20_2344,11746.969352239457
000d7d20_2345,11746.72556802059
000d7d20_2346,11746.477189307609
000d7d20_2347,11746.225272869759
000d7d20_2348,11745.970126695904
000d7d20_2349,11745.71256075267
000d7d20_2350,11745.453645633608
000d7d20_2351,11745.193953316597
000d7d20_2352,11744.93478489413
000d7d20_2353,11744.676477596615
000d7d20_2354,11744.283998531566
000d7d20_2355,11743.757368605224
000d7d20_2356,11743.23166173744
000d7d20_2357,11742.706586361643
000d7d20_2358,11742.18091625676
000d7d20_2359,11741.789660802855
000d7d20_2360,11741.533140532403
000d7d20_2361,11741.276076512968
000d7d20_2362,11741.018973424403
000d7d20_2363,11740.635776837047
000d7d20_2364,11740.27361177184
000d7d20_2365,11739.93290997437
000d7d20_2366,11739.614119035796
000d7d20_2367,11739.320988033702
000d7d20_2368,11739.053292358649
000d7d20_2369,11738.810808403092
000d7d20_2370,11738.594032549077
000d7d20_2371,11738.402511868968
000d7d20_2372,11738.236689586003
000d7d20_2373,11738.096130442267
000d7d20_2374,11737.980820768551
000d7d20_2375,11737.891262399095
000d7d20_2376,11737.827003196277
000d7d20_2377,11737.788224369702
000d7d20_2378,11737.774721543867
000d7d20_2379,11737.78672649413
000d7d20_2380,11737.823972607048
000d7d20_2381,11737.88670803659
000d7d20_2382,11737.974701075133
000d7d20_2383,11738.088411020513
000d7d20_2384,11738.227418566961
000d7d20_2385,11738.391934982084
000d7d20_2386,11738.581721183646
000d7d20_2387,11738.637005331704
000d7d20_2388,11738.692515853421
000d7d20_2389,11738.747770124415
000d7d20_2390,11738.801703647297
000d7d20_2391,11738.951910827625
000d7d20_2392,11738.984173391904
000d7d20_2393,11739.013533532803
000d7d20_2394,11739.039238625024
000d7d20_2395,11739.060220939056
000d7d20_2396,11739.075947336532
000d7d20_2397,11739.206567989562
000d7d20_2398,11739.30648822762
000d7d20_2399,11739.375884069213
000d7d20_2400,11739.415174873857
000d7d20_2401,11739.315610673015
000d7d20_2402,11739.208722622829
000d7d20_2403,11739.093489328825
000d7d20_2404,11738.969367761401
000d7d20_2405,11738.93534296382
000d7d20_2406,11738.870452812842
000d7d20_2407,11738.77752100013
000d7d20_2408,11738.696561354685
000d7d20_2409,11738.581013099405
000d7d20_2410,11738.386586955032
000d7d20_2411,11738.16221895925
000d7d20_2412,11737.958175206224
000d7d20_2413,11737.718798797981
000d7d20_2414,11737.444059635207
000d7d20_2415,11737.294275564229
000d7d20_2416,11737.134206911665
000d7d20_2417,11736.964859377757
000d7d20_2418,11736.786818850598
000d7d20_2419,11736.600848187672
000d7d20_2420,11736.24797389225
000d7d20_2421,11735.863531084296
000d7d20_2422,11735.448011374347
000d7d20_2423,11735.001206950437
000d7d20_2424,11734.672981072932
000d7d20_2425,11734.340445859989
000d7d20_2426,11734.004813444166
000d7d20_2427,11733.667240093011
000d7d20_2428,11733.325525327475
000d7d20_2429,11732.98098863668
000d7d20_2430,11732.63414572047
000d7d20_2431,11732.285624380478
000d7d20_2432,11731.936461280418
000d7d20_2433,11731.587249130193
000d7d20_2434,11731.238994696736
000d7d20_2435,11730.892590403733
000d7d20_2436,11730.548579037388
000d7d20_2437,11730.208009980892
000d7d20_2438,11729.8714582641
000d7d20_2439,11729.539983758012
000d7d20_2440,11729.214174838413
000d7d20_2441,11728.895062983587
000d7d20_2442,11728.582980302695
000d7d20_2443,11728.279256643233
000d7d20_2444,11727.98447695595
000d7d20_2445,11727.699661488923
000d7d20_2446,11727.425155800287
000d7d20_2447,11727.162264508472
000d7d20_2448,11726.911553084577
000d7d20_2449,11726.673868637845
000d7d20_2450,11726.450008208558
000d7d20_2451,11726.240788943895
000d7d20_2452,11725.931382272145
000d7d20_2453,11725.735829570374
000d7d20_2454,11725.556824140927
000d7d20_2455,11725.394889203011
000d7d20_2456,11725.251101380978
000d7d20_2457,11725.126273551901
000d7d20_2458,11724.878423905371
000d7d20_2459,11724.632140339334
000d7d20_2460,11724.38804180218
000d7d20_2461,11724.147231358966
000d7d20_2462,11724.038799001995
000d7d20_2463,11723.951177582903
000d7d20_2464,11723.885475010627
000d7d20_2465,11723.842251010481
000d7d20_2466,11723.704744268127
000d7d20_2467,11723.440839123428
000d7d20_2468,11723.207659051362
000d7d20_2469,11722.957145729722
000d7d20_2470,11722.72820248616
000d7d20_2471,11722.57219832793
000d7d20_2472,11722.583667341727
000d7d20_2473,11722.544184017308
000d7d20_2474,11722.501022259126
000d7d20_2475,11722.428975057346
000d7d20_2476,11722.354745899387
000d7d20_2477,11722.278746893056
000d7d20_2478,11722.201297802245
000d7d20_2479,11722.122634157371
000d7d20_2480,11722.04312485381
000d7d20_2481,11721.963026479101
000d7d20_2482,11721.882626261491
000d7d20_2483,11721.714701084791
000d7d20_2484,11721.564865771148
000d7d20_2485,11721.432569603408
000d7d20_2486,11721.316515307011
000d7d20_2487,11721.292361866836
000d7d20_2488,11721.267187485579
000d7d20_2489,11721.241115956254
000d7d20_2490,11721.21422418578
000d7d20_2491,11721.186681964315
000d7d20_2492,11721.158564034533
000d7d20_2493,11721.129949682258
000d7d20_2494,11721.100910531208
000d7d20_2495,11721.071526948122
000d7d20_2496,11721.041978387426
000d7d20_2497,11721.012060672918
000d7d20_2498,11720.984027741404
000d7d20_2499,11720.911141420205
000d7d20_2500,11720.84786496989
000d7d20_2501,11720.793396039255
000d7d20_2502,11720.746703417548
000d7d20_2503,11720.707539322631
000d7d20_2504,11720.674830987155
000d7d20_2505,11720.64777762643
000d7d20_2506,11720.625572068899
000d7d20_2507,11720.607663523113
000d7d20_2508,11720.59280677968
000d7d20_2509,11720.58042383886
000d7d20_2510,11720.569956504805
000d7d20_2511,11720.56035219134
000d7d20_2512,11720.550814778946
000d7d20_2513,11720.540593969072
000d7d20_2514,11720.529086216524
000d7d20_2515,11720.515010462286
000d7d20_2516,11720.498053684943
000d7d20_2517,11720.477422851673
000d7d20_2518,11720.451842441424
000d7d20_2519,11720.420985332905
000d7d20_2520,11720.38381157161
000d7d20_2521,11720.346591391917
000d7d20_2522,11720.29345683665
000d7d20_2523,11720.231612923722
000d7d20_2524,11720.160536710437
000d7d20_2525,11720.079148335402
000d7d20_2526,11720.12274439291
000d7d20_2527,11720.131027024807
000d7d20_2528,11720.264277786153
000d7d20_2529,11720.387201950243
000d7d20_2530,11720.500826671649
000d7d20_2531,11720.605709738635
000d7d20_2532,11720.702852477543
000d7d20_2533,11720.632739527799
000d7d20_2534,11720.531460676622
000d7d20_2535,11720.399020647708
000d7d20_2536,11720.26516512879
000d7d20_2537,11720.108185463141
000d7d20_2538,11719.92870253633
000d7d20_2539,11719.727216110556
000d7d20_2540,11719.504673517866
000d7d20_2541,11719.261728440948
000d7d20_2542,11718.99893211665
000d7d20_2543,11718.717470944226
000d7d20_2544,11718.520651166678
000d7d20_2545,11718.319222622162
000d7d20_2546,11718.113958446333
000d7d20_2547,11717.905622745546
000d7d20_2548,11717.605242998987
000d7d20_2549,11717.292729692756
000d7d20_2550,11716.968994506547
000d7d20_2551,11716.634927467456
000d7d20_2552,11716.291351957185
000d7d20_2553,11715.93918466846
000d7d20_2554,11715.579403664073
000d7d20_2555,11715.21296501218
000d7d20_2556,11714.84083878654
000d7d20_2557,11714.464037635378
000d7d20_2558,11714.083483395967
000d7d20_2559,11713.697531426988
000d7d20_2560,11713.361409481899
000d7d20_2561,11713.028989066315
000d7d20_2562,11712.701046309112
000d7d20_2563,11712.378651410121
000d7d20_2564,11712.062367137338
000d7d20_2565,11711.752999602162
000d7d20_2566,11711.45131999346
000d7d20_2567,11711.158113700996
000d7d20_2568,11710.874157057475
000d7d20_2569,11710.60050618264
000d7d20_2570,11710.337709739984
000d7d20_2571,11710.086549254665
000d7d20_2572,11709.847804870313
000d7d20_2573,11709.62252877403
000d7d20_2574,11709.411265700532
000d7d20_2575,11709.120101692017
000d7d20_2576,11708.892084474117
000d7d20_2577,11708.68809780328
000d7d20_2578,11708.509017581315
000d7d20_2579,11708.35824702759
000d7d20_2580,11708.306126215299
000d7d20_2581,11708.271705380901
000d7d20_2582,11708.247276721348
000d7d20_2583,11708.112834517133
000d7d20_2584,11708.021850229694
000d7d20_2585,11708.109908747476
000d7d20_2586,11708.218016410554
000d7d20_2587,11708.186418823803
000d7d20_2588,11708.15145693852
000d7d20_2589,11708.112866145477
000d7d20_2590,11708.070661602194
000d7d20_2591,11708.024842833356
000d7d20_2592,11707.975641013456
000d7d20_2593,11707.922575564362
000d7d20_2594,11707.866120005465
000d7d20_2595,11707.730761487177
000d7d20_2596,11707.604088223525
000d7d20_2597,11707.562732666767
000d7d20_2598,11707.516638110337
000d7d20_2599,11707.466287973239
000d7d20_2600,11707.411679131832
000d7d20_2601,11707.352329646455
000d7d20_2602,11707.288712644056
000d7d20_2603,11707.220596046092
000d7d20_2604,11707.147979390338
000d7d20_2605,11707.071087345705
000d7d20_2606,11706.989677552965
000d7d20_2607,11706.903739334548
000d7d20_2608,11706.813260728282
000d7d20_2609,11706.718502979202
000d7d20_2610,11706.61944633855
000d7d20_2611,11706.515857839751
000d7d20_2612,11706.40771538639
000d7d20_2613,11706.295244000305
000d7d20_2614,11706.17821326738
000d7d20_2615,11706.056857860847
000d7d20_2616,11705.931159984611
000d7d20_2617,11705.80110966631
000d7d20_2618,11705.666189600026
000d7d20_2619,11705.52687928516
000d7d20_2620,11705.38315094887
000d7d20_2621,11705.234758223598
000d7d20_2622,11705.081953166902
000d7d20_2623,11704.924721241367
000d7d20_2624,11704.763033746387
000d7d20_2625,11704.594132744362
000d7d20_2626,11704.418414045806
000d7d20_2627,11704.236326207176
000d7d20_2628,11704.048290210114
000d7d20_2629,11703.85471700066
000d7d20_2630,11703.536403302292
000d7d20_2631,11703.236735582814
000d7d20_2632,11702.954910433275
000d7d20_2633,11702.690102621087
000d7d20_2634,11702.441472021694
000d7d20_2635,11702.207999235754
000d7d20_2636,11702.10071019624
000d7d20_2637,11701.988129951511
000d7d20_2638,11701.904085443857
000d7d20_2639,11701.848649858988
000d7d20_2640,11701.81923121789
000d7d20_2641,11701.82394430826
000d7d20_2642,11701.869617356802
000d7d20_2643,11701.767657662693
000d7d20_2644,11701.837376373762
000d7d20_2645,11701.94291804993
000d7d20_2646,11701.924192797464
000d7d20_2647,11701.916239743197
000d7d20_2648,11701.918514676734
000d7d20_2649,11701.929967585516
000d7d20_2650,11701.949789260985
000d7d20_2651,11701.977429768831
000d7d20_2652,11702.011847600928
000d7d20_2653,11702.052227864233
000d7d20_2654,11702.23383247715
000d7d20_2655,11702.396414527619
000d7d20_2656,11702.628946121036
000d7d20_2657,11702.85714705141
000d7d20_2658,11702.99116042812
000d7d20_2659,11703.107262198244
000d7d20_2660,11703.205187884681
000d7d20_2661,11703.284939889967
000d7d20_2662,11703.346768717087
000d7d20_2663,11703.390446409385
000d7d20_2664,11703.416217676877
000d7d20_2665,11703.42381415843
000d7d20_2666,11703.41324737361
000d7d20_2667,11703.384776995992
000d7d20_2668,11703.338163478817
000d7d20_2669,11703.273632664002
000d7d20_2670,11703.190979701327
000d7d20_2671,11703.090419776867
000d7d20_2672,11702.971935563557
000d7d20_2673,11702.83527769932
000d7d20_2674,11702.680462371487
000d7d20_2675,11702.50774754396
000d7d20_2676,11702.316871598023
000d7d20_2677,11701.972027836404
000d7d20_2678,11701.63245882901
000d7d20_2679,11701.297856082823
000d7d20_2680,11701.102729988406
000d7d20_2681,11700.887063177443
000d7d20_2682,11700.65109648878
000d7d20_2683,11700.394618089456
000d7d20_2684,11700.117850429258
000d7d20_2685,11699.820509466932
000d7d20_2686,11699.505834166
000d7d20_2687,11699.174396343078
000d7d20_2688,11698.826695044467
000d7d20_2689,11698.463530161396
000d7d20_2690,11698.085174459378
000d7d20_2691,11697.83314787878
000d7d20_2692,11697.585837078092
000d7d20_2693,11697.344288317103
000d7d20_2694,11697.10900207467
000d7d20_2695,11696.880825412663
000d7d20_2696,11696.661033080904
000d7d20_2697,11696.449902557177
000d7d20_2698,11696.248258795145
000d7d20_2699,11696.057113288874
000d7d20_2700,11695.877010573307
000d7d20_2701,11695.708737454986
000d7d20_2702,11695.446072319648
000d7d20_2703,11695.127258642848
000d7d20_2704,11694.957440162236
000d7d20_2705,11694.801560193127
000d7d20_2706,11694.660182257056
000d7d20_2707,11694.534363442246
000d7d20_2708,11694.424601018094
000d7d20_2709,11694.331945818745
000d7d20_2710,11694.256924767336
000d7d20_2711,11694.200590231567
000d7d20_2712,11694.163462987475
000d7d20_2713,11694.146603428795
000d7d20_2714,11694.150555163296
000d7d20_2715,11694.016308191683
000d7d20_2716,11693.879456449777
000d7d20_2717,11693.740223232238
000d7d20_2718,11693.598378792063
000d7d20_2719,11693.454154423103
000d7d20_2720,11693.307541733126
000d7d20_2721,11693.158328253685
000d7d20_2722,11693.006726754877
000d7d20_2723,11692.85273182471
000d7d20_2724,11692.696079656242
000d7d20_2725,11692.53536370753
000d7d20_2726,11692.369737560313
000d7d20_2727,11692.199447775129
000d7d20_2728,11692.025164809273
000d7d20_2729,11691.847311253741
000d7d20_2730,11691.66617206164
000d7d20_2731,11691.482335622615
000d7d20_2732,11691.295911159597
000d7d20_2733,11691.10977401377
000d7d20_2734,11690.921639438753
000d7d20_2735,11690.733928966029
000d7d20_2736,11690.546809880363
000d7d20_2737,11690.344394049718
000d7d20_2738,11690.302969537095
000d7d20_2739,11690.287719814027
000d7d20_2740,11690.29488692421
000d7d20_2741,11690.170986318873
000d7d20_2742,11690.074438025647
000d7d20_2743,11689.981364742991
000d7d20_2744,11689.889356086112
000d7d20_2745,11689.798391556249
000d7d20_2746,11689.70898164275
000d7d20_2747,11689.623589684836
000d7d20_2748,11689.53978983685
000d7d20_2749,11689.457820124875
000d7d20_2750,11689.37757306129
000d7d20_2751,11689.29723729231
000d7d20_2752,11689.219611329614
000d7d20_2753,11689.144840672598
000d7d20_2754,11689.07276626775
000d7d20_2755,11689.003757595043
000d7d20_2756,11688.93786644028
000d7d20_2757,11688.874913090784
000d7d20_2758,11688.896846669653
000d7d20_2759,11688.910793199646
000d7d20_2760,11688.916544454845
000d7d20_2761,11688.91432804583
000d7d20_2762,11688.904158927799
000d7d20_2763,11688.885800161894
000d7d20_2764,11688.859515440314
000d7d20_2765,11688.825508574782
000d7d20_2766,11688.78331861045
000d7d20_2767,11688.73318065486
000d7d20_2768,11688.67482413377
000d7d20_2769,11688.608783028343
000d7d20_2770,11688.534522338128
000d7d20_2771,11688.45230629377
000d7d20_2772,11688.361892738922
000d7d20_2773,11688.263788149983
000d7d20_2774,11688.15745433299
000d7d20_2775,11688.043166045547
000d7d20_2776,11687.920948055009
000d7d20_2777,11687.790751317849
000d7d20_2778,11687.652386383646
000d7d20_2779,11687.506319685384
000d7d20_2780,11687.35205930601
000d7d20_2781,11687.189839932107
000d7d20_2782,11687.019653477302
000d7d20_2783,11686.841277221829
000d7d20_2784,11686.654954757068
000d7d20_2785,11686.46069797404
000d7d20_2786,11686.260456574284
000d7d20_2787,11686.055655824406
000d7d20_2788,11685.847284503518
000d7d20_2789,11685.63544577905
000d7d20_2790,11685.420930700007
000d7d20_2791,11685.204288457275
000d7d20_2792,11684.986171472316
000d7d20_2793,11684.766930882533
000d7d20_2794,11684.544773643527
000d7d20_2795,11684.322364413294
000d7d20_2796,11684.098105333034
000d7d20_2797,11683.871837941648
000d7d20_2798,11683.662735845855
000d7d20_2799,11683.457713654045
000d7d20_2800,11683.257775535965
000d7d20_2801,11683.069034317989
000d7d20_2802,11682.887536411561
000d7d20_2803,11682.687932789375
000d7d20_2804,11682.490457960455
000d7d20_2805,11682.298381621547
000d7d20_2806,11682.11223597143
000d7d20_2807,11681.932990975627
000d7d20_2808,11681.7585640031
000d7d20_2809,11681.592238474026
000d7d20_2810,11681.434808410026
000d7d20_2811,11681.286844267132
000d7d20_2812,11681.15210982605
000d7d20_2813,11681.028967746002
000d7d20_2814,11680.918574107898
000d7d20_2815,11680.821557986872
000d7d20_2816,11680.739109298464
000d7d20_2817,11680.672169443751
000d7d20_2818,11680.621434438528
000d7d20_2819,11680.491942127544
000d7d20_2820,11680.362487656184
000d7d20_2821,11680.232834496406
000d7d20_2822,11680.103249623207
000d7d20_2823,11679.973533090853
000d7d20_2824,11679.843897090359
000d7d20_2825,11679.714362587702
000d7d20_2826,11679.58445883845
000d7d20_2827,11679.454660531135
000d7d20_2828,11679.324930243578
000d7d20_2829,11679.195103773953
000d7d20_2830,11679.06514465808
000d7d20_2831,11678.935065512953
000d7d20_2832,11678.669311096297
000d7d20_2833,11678.42709746743
000d7d20_2834,11678.207170829444
000d7d20_2835,11678.00924092557
000d7d20_2836,11677.832501360272
000d7d20_2837,11677.675674932161
000d7d20_2838,11677.674283101276
000d7d20_2839,11677.627726152636
000d7d20_2840,11677.487815499899
000d7d20_2841,11677.366522666214
000d7d20_2842,11677.398601781138
000d7d20_2843,11677.424218286247
000d7d20_2844,11677.3073693234
000d7d20_2845,11677.207282347237
000d7d20_2846,11677.123401755784
000d7d20_2847,11677.054472049307
000d7d20_2848,11677.000155981097
000d7d20_2849,11676.95943162901
000d7d20_2850,11676.93173155337
000d7d20_2851,11676.91579488636
000d7d20_2852,11676.911313817443
000d7d20_2853,11676.917214588206
000d7d20_2854,11676.992024853324
000d7d20_2855,11677.062594296784
000d7d20_2856,11677.07566167198
000d7d20_2857,11677.096651180598
000d7d20_2858,11677.124764185604
000d7d20_2859,11677.159195831744
000d7d20_2860,11677.234738805242
000d7d20_2861,11677.312876829563
000d7d20_2862,11677.38531614401
000d7d20_2863,11677.44339326314
000d7d20_2864,11677.497369637611
000d7d20_2865,11677.549605376997
000d7d20_2866,11677.60381467128
000d7d20_2867,11677.654166750699
000d7d20_2868,11677.697844590506
000d7d20_2869,11677.734909436958
000d7d20_2870,11677.76719874532
000d7d20_2871,11677.79163618983
000d7d20_2872,11677.808530977485
000d7d20_2873,11677.835509562234
000d7d20_2874,11677.851351405523
000d7d20_2875,11677.855666593716
000d7d20_2876,11677.846302345732
000d7d20_2877,11677.827552490731
000d7d20_2878,11677.794468931257
000d7d20_2879,11677.749761568293
000d7d20_2880,11677.695203450525
000d7d20_2881,11677.625631085233
000d7d20_2882,11677.56160212133
000d7d20_2883,11677.481549208711
000d7d20_2884,11677.387788564689
000d7d20_2885,11677.27947565712
000d7d20_2886,11677.15372299115
000d7d20_2887,11677.010366725963
000d7d20_2888,11676.849134260254
000d7d20_2889,11676.667448775388
000d7d20_2890,11676.470861722646
000d7d20_2891,11676.258083613451
000d7d20_2892,11676.028848342308
000d7d20_2893,11675.942171641705
000d7d20_2894,11675.861991552007
000d7d20_2895,11675.788796958741
000d7d20_2896,11675.722345523996
000d7d20_2897,11675.682677539477
000d7d20_2898,11675.643638243264
000d7d20_2899,11675.445402850271
000d7d20_2900,11675.259811568021
000d7d20_2901,11675.17524080053
000d7d20_2902,11675.096436706803
000d7d20_2903,11674.863084062827
000d7d20_2904,11674.610517238661
000d7d20_2905,11674.497973770644
000d7d20_2906,11674.389643997882
000d7d20_2907,11674.285248398175
000d7d20_2908,11674.185324728442
000d7d20_2909,11674.089418572405
000d7d20_2910,11673.997515692496
000d7d20_2911,11673.909861659959
000d7d20_2912,11673.96228649907
000d7d20_2913,11673.995342780185
000d7d20_2914,11674.010092048255
000d7d20_2915,11673.937481252
000d7d20_2916,11673.84036517728
000d7d20_2917,11673.683203201703
000d7d20_2918,11673.524387681111
000d7d20_2919,11673.36488849845
000d7d20_2920,11673.205176877036
000d7d20_2921,11673.004478256325
000d7d20_2922,11672.793733875453
000d7d20_2923,11672.697667791761
000d7d20_2924,11672.593560561201
000d7d20_2925,11672.473527806224
000d7d20_2926,11672.336103157011
000d7d20_2927,11672.176688856758
000d7d20_2928,11672.000811339214
000d7d20_2929,11671.811948981207
000d7d20_2930,11671.47515535704
000d7d20_2931,11671.148239397273
000d7d20_2932,11670.834094034248
000d7d20_2933,11670.532927669747
000d7d20_2934,11670.223859853431
000d7d20_2935,11669.92534574682
000d7d20_2936,11669.637724686343
000d7d20_2937,11669.363837199826
000d7d20_2938,11669.099614404677
000d7d20_2939,11668.850256231244
000d7d20_2940,11668.61391715572
000d7d20_2941,11668.388365766
000d7d20_2942,11668.179011464046
000d7d20_2943,11667.962938568471
000d7d20_2944,11667.758234626277
000d7d20_2945,11667.562923367876
000d7d20_2946,11667.377001616427
000d7d20_2947,11667.203158317443
000d7d20_2948,11667.042011972995
000d7d20_2949,11666.893621367783
000d7d20_2950,11666.76145803911
000d7d20_2951,11666.640272472609
000d7d20_2952,11666.530133797187
000d7d20_2953,11666.431020405385
000d7d20_2954,11666.342913036164
000d7d20_2955,11666.265808424709
000d7d20_2956,11666.199739071513
000d7d20_2957,11666.144643953765
000d7d20_2958,11666.0766537784
000d7d20_2959,11666.155135047848
000d7d20_2960,11666.22121404798
000d7d20_2961,11666.289995128624
000d7d20_2962,11666.347662030892
000d7d20_2963,11666.394993622986
000d7d20_2964,11666.432829985899
000d7d20_2965,11666.46191316012
000d7d20_2966,11666.483042534455
000d7d20_2967,11666.494283242862
000d7d20_2968,11666.496872831289
000d7d20_2969,11666.491829505509
000d7d20_2970,11666.478543525034
000d7d20_2971,11666.460723676824
000d7d20_2972,11666.43933699977
000d7d20_2973,11666.25595671731
000d7d20_2974,11665.989995077955
000d7d20_2975,11665.710154449294
000d7d20_2976,11665.41648636381
000d7d20_2977,11665.108452494263
000d7d20_2978,11664.903031399022
000d7d20_2979,11664.702042334262
000d7d20_2980,11664.506396792316
000d7d20_2981,11664.317213718836
000d7d20_2982,11664.133106122485
000d7d20_2983,11663.958216431754
000d7d20_2984,11663.655786293826
000d7d20_2985,11663.33972360525
000d7d20_2986,11663.01234701865
000d7d20_2987,11662.670665404241
000d7d20_2988,11662.314591441045
000d7d20_2989,11661.9463801481
000d7d20_2990,11661.562750359197
000d7d20_2991,11661.32626215503
000d7d20_2992,11661.098798934569
000d7d20_2993,11660.880984375432
000d7d20_2994,11660.675855609172
000d7d20_2995,11660.481111955485
000d7d20_2996,11660.297477256165
000d7d20_2997,11660.127582587505
000d7d20_2998,11659.969564204344
000d7d20_2999,11659.842028793302
000d7d20_3000,11659.726297824185
000d7d20_3001,11659.62048718225
000d7d20_3002,11659.52500148044
000d7d20_3003,11659.442861317497
000d7d20_3004,11659.371746318082
000d7d20_3005,11659.439553862223
000d7d20_3006,11659.500398574735
000d7d20_3007,11659.555343175007
000d7d20_3008,11659.604862194496
000d7d20_3009,11659.65000312172
000d7d20_3010,11659.691549002318
000d7d20_3011,11659.730266689323
000d7d20_3012,11659.76672451093
000d7d20_3013,11659.666329338985
000d7d20_3014,11659.588666271296
000d7d20_3015,11659.533919357902
000d7d20_3016,11659.507568468745
000d7d20_3017,11659.633571149296
000d7d20_3018,11659.623261033867
000d7d20_3019,11659.636626542258
000d7d20_3020,11659.513662085188
000d7d20_3021,11659.3893555053
000d7d20_3022,11659.262931547924
000d7d20_3023,11659.269648416923
000d7d20_3024,11659.248964617658
000d7d20_3025,11659.20136758442
000d7d20_3026,11658.997428300128
000d7d20_3027,11658.788267042886
000d7d20_3028,11658.573878668085
000d7d20_3029,11658.354614791428
000d7d20_3030,11658.132919504811
000d7d20_3031,11657.91195111179
000d7d20_3032,11657.706421339768
000d7d20_3033,11657.491062481895
000d7d20_3034,11657.268710229459
000d7d20_3035,11657.106426010567
000d7d20_3036,11656.945877711853
000d7d20_3037,11656.787162370789
000d7d20_3038,11656.632537637983
000d7d20_3039,11656.482756009826
000d7d20_3040,11656.340301760118
000d7d20_3041,11656.205570484437
000d7d20_3042,11656.0787921862
000d7d20_3043,11655.96262640006
000d7d20_3044,11655.855141499176
000d7d20_3045,11655.756791771102
000d7d20_3046,11655.667883670943
000d7d20_3047,11655.642385871386
000d7d20_3048,11655.613994380728
000d7d20_3049,11655.583834644984
000d7d20_3050,11655.637727832995
000d7d20_3051,11655.679433837291
000d7d20_3052,11655.707282476238
000d7d20_3053,11655.724646070159
000d7d20_3054,11655.634280461725
000d7d20_3055,11655.64896552798
000d7d20_3056,11655.656010150462
000d7d20_3057,11655.656474941135
000d7d20_3058,11655.649093008458
000d7d20_3059,11655.637381215982
000d7d20_3060,11655.600825255575
000d7d20_3061,11655.556502359726
000d7d20_3062,11655.507653862867
000d7d20_3063,11655.455642909012
000d7d20_3064,11655.398795523364
000d7d20_3065,11655.340782947775
000d7d20_3066,11654.997332065885
000d7d20_3067,11654.651959728923
000d7d20_3068,11654.303636651672
000d7d20_3069,11653.951827154004
000d7d20_3070,11653.595469675842
000d7d20_3071,11653.23401562435
000d7d20_3072,11652.866432348506
000d7d20_3073,11652.49216614814
000d7d20_3074,11652.27025009827
000d7d20_3075,11652.065050627858
000d7d20_3076,11651.876375064445
000d7d20_3077,11651.697786436924
000d7d20_3078,11651.381125697442
000d7d20_3079,11651.257653216184
000d7d20_3080,11651.140140201473
000d7d20_3081,11651.031331946819
000d7d20_3082,11650.929541509304
000d7d20_3083,11650.83526074614
000d7d20_3084,11650.58909341938
000d7d20_3085,11650.327009462917
000d7d20_3086,11650.046366107315
000d7d20_3087,11649.901855595885
000d7d20_3088,11649.765492308637
000d7d20_3089,11649.642888096801
000d7d20_3090,11649.532616252583
000d7d20_3091,11649.433193617435
000d7d20_3092,11649.3466351103
000d7d20_3093,11649.252823422354
000d7d20_3094,11649.30224340247
000d7d20_3095,11649.344621882792
000d7d20_3096,11649.381368781667
000d7d20_3097,11649.413578326694
000d7d20_3098,11649.442508191512
000d7d20_3099,11649.467281648847
000d7d20_3100,11649.487967742749
000d7d20_3101,11649.505140716272
000d7d20_3102,11649.519543555538
000d7d20_3103,11649.531989065397
000d7d20_3104,11649.543544422802
000d7d20_3105,11649.554501004148
000d7d20_3106,11649.565961909324
000d7d20_3107,11649.578683592863
000d7d20_3108,11649.526848409867
000d7d20_3109,11649.470755383783
000d7d20_3110,11649.411395206042
000d7d20_3111,11649.2466079227
000d7d20_3112,11649.04870123377
000d7d20_3113,11648.829413516323
000d7d20_3114,11648.589415915098
000d7d20_3115,11648.44499449324
000d7d20_3116,11648.18229547494
000d7d20_3117,11647.900385508503
000d7d20_3118,11647.597336292942
000d7d20_3119,11647.27614611924
000d7d20_3120,11646.937098100343
000d7d20_3121,11646.580728953459
000d7d20_3122,11646.207070195042
000d7d20_3123,11645.81618348077
000d7d20_3124,11645.408515189003
000d7d20_3125,11644.984280135086
000d7d20_3126,11644.543688008029
000d7d20_3127,11644.246939110812
000d7d20_3128,11643.882826938141
000d7d20_3129,11643.544592972525
000d7d20_3130,11643.232008609606
000d7d20_3131,11642.9453271078
000d7d20_3132,11642.684548150115
000d7d20_3133,11642.449671756618
000d7d20_3134,11642.240681537905
000d7d20_3135,11642.057540240134
000d7d20_3136,11641.900290977977
000d7d20_3137,11641.768663553152
000d7d20_3138,11641.663217164749
000d7d20_3139,11641.583675398075
000d7d20_3140,11641.480960373614
000d7d20_3141,11641.399814723312
000d7d20_3142,11641.337798737903
000d7d20_3143,11641.297252483528
000d7d20_3144,11641.278709811942
000d7d20_3145,11641.282467550476
000d7d20_3146,11641.308846495453
000d7d20_3147,11641.360845885374
000d7d20_3148,11641.436563285723
000d7d20_3149,11641.536175171073
000d7d20_3150,11641.657630615968
000d7d20_3151,11641.845102778374
000d7d20_3152,11642.047568442935
000d7d20_3153,11642.263508754042
000d7d20_3154,11642.493712432195
000d7d20_3155,11642.60034702087
000d7d20_3156,11642.696685141967
000d7d20_3157,11642.782670417344
000d7d20_3158,11642.8581939719
000d7d20_3159,11642.923121018748
000d7d20_3160,11642.977183362887
000d7d20_3161,11643.022691610333
000d7d20_3162,11643.056835836353
000d7d20_3163,11643.079466970448
000d7d20_3164,11643.090366569275
000d7d20_3165,11643.089180299094
000d7d20_3166,11643.076188825415
000d7d20_3167,11643.05091407007
000d7d20_3168,11643.013099420446
000d7d20_3169,11642.962334899248
000d7d20_3170,11642.898539211048
000d7d20_3171,11642.822207855635
000d7d20_3172,11642.73469376368
000d7d20_3173,11642.65004980075
000d7d20_3174,11642.614940660978
000d7d20_3175,11642.642039439686
000d7d20_3176,11642.63552867012
000d7d20_3177,11642.603198569477
000d7d20_3178,11642.541450448565
000d7d20_3179,11642.453862599996
000d7d20_3180,11642.338831385032
000d7d20_3181,11642.196814610468
000d7d20_3182,11642.006431663422
000d7d20_3183,11641.816729201371
000d7d20_3184,11641.602583371756
000d7d20_3185,11641.364351960387
000d7d20_3186,11641.069564486937
000d7d20_3187,11640.755273004781
000d7d20_3188,11640.422755728425
000d7d20_3189,11640.165165628816
000d7d20_3190,11639.808185118307
000d7d20_3191,11639.465795894235
000d7d20_3192,11639.137552377117
000d7d20_3193,11638.823656999795
000d7d20_3194,11638.52388896945
000d7d20_3195,11638.238256137467
000d7d20_3196,11638.102846189011
000d7d20_3197,11637.822310664238
000d7d20_3198,11637.556959901296
000d7d20_3199,11637.306822109367
000d7d20_3200,11637.207490366252
000d7d20_3201,11637.099718911013
000d7d20_3202,11636.984304040838
000d7d20_3203,11636.86227085282
000d7d20_3204,11636.734438421105
000d7d20_3205,11636.601375227701
000d7d20_3206,11636.463888375783
000d7d20_3207,11636.322787192652
000d7d20_3208,11636.179070450415
000d7d20_3209,11636.033292658736
000d7d20_3210,11635.886503824226
000d7d20_3211,11635.739311190717
000d7d20_3212,11635.543626687862
000d7d20_3213,11635.344764060781
000d7d20_3214,11635.143782448557
000d7d20_3215,11634.941999687228
000d7d20_3216,11634.72700166639
000d7d20_3217,11634.5111505165
000d7d20_3218,11634.295507666859
000d7d20_3219,11634.081123821541
000d7d20_3220,11633.869139355917
000d7d20_3221,11633.52502076889
000d7d20_3222,11633.206300007705
000d7d20_3223,11632.915571443924
000d7d20_3224,11632.65317443942
000d7d20_3225,11632.419475932475
000d7d20_3226,11632.215065940247
000d7d20_3227,11632.040162307036
000d7d20_3228,11631.895171726692
000d7d20_3229,11631.895493263548
000d7d20_3230,11631.904048515178
000d7d20_3231,11631.922447624622
000d7d20_3232,11631.951369139564
000d7d20_3233,11631.99016549567
000d7d20_3234,11632.039722750122
000d7d20_3235,11632.034324580158
000d7d20_3236,11631.842380287002
000d7d20_3237,11631.7575901085
000d7d20_3238,11631.700551390299
000d7d20_3239,11631.580980290631
000d7d20_3240,11631.450013945647
000d7d20_3241,11631.359318815123
000d7d20_3242,11631.251476347594
000d7d20_3243,11631.017005223843
000d7d20_3244,11630.902663845527
000d7d20_3245,11630.634444309615
000d7d20_3246,11630.372086089077
000d7d20_3247,11630.15376296479
000d7d20_3248,11629.949126640497
000d7d20_3249,11629.757651955912
000d7d20_3250,11629.577042319419
000d7d20_3251,11629.519726461347
000d7d20_3252,11629.488897994826
000d7d20_3253,11629.485038871102
000d7d20_3254,11629.507680311106
000d7d20_3255,11629.557035131667
000d7d20_3256,11629.633390176457
000d7d20_3257,11629.712030280969
000d7d20_3258,11629.92926827284
000d7d20_3259,11630.149844470667
000d7d20_3260,11630.37452021022
000d7d20_3261,11630.44404415025
000d7d20_3262,11630.494239571413
000d7d20_3263,11630.5253791004
000d7d20_3264,11630.536983002223
000d7d20_3265,11630.529498988148
000d7d20_3266,11630.50268105819
000d7d20_3267,11630.456774979655
000d7d20_3268,11630.391534496533
000d7d20_3269,11630.306942005001
000d7d20_3270,11630.203197248607
000d7d20_3271,11630.080064626423
000d7d20_3272,11629.937773379539
000d7d20_3273,11629.77629941442
000d7d20_3274,11629.59540565927
000d7d20_3275,11629.395342970662
000d7d20_3276,11629.176066310492
000d7d20_3277,11628.937331080988
000d7d20_3278,11628.679370942444
000d7d20_3279,11628.402133403071
000d7d20_3280,11628.105651753986
000d7d20_3281,11627.789646739753
000d7d20_3282,11627.61440220522
000d7d20_3283,11627.444853144749
000d7d20_3284,11627.281758629848
000d7d20_3285,11627.125892191456
000d7d20_3286,11626.978042989598
000d7d20_3287,11626.838957704687
000d7d20_3288,11626.709169880542
000d7d20_3289,11626.589710952703
000d7d20_3290,11626.345888275278
000d7d20_3291,11626.09621702433
000d7d20_3292,11625.8411405292
000d7d20_3293,11625.581235155587
000d7d20_3294,11625.317155485587
000d7d20_3295,11625.049551912403
000d7d20_3296,11624.779522108704
000d7d20_3297,11624.6201805428
000d7d20_3298,11624.36146304092
000d7d20_3299,11624.051139112928
000d7d20_3300,11623.784141935821
000d7d20_3301,11623.517747980244
000d7d20_3302,11623.192054833113
000d7d20_3303,11622.809560821368
000d7d20_3304,11622.58182736537
000d7d20_3305,11622.213933561927
000d7d20_3306,11622.004447478
000d7d20_3307,11621.813517811677
000d7d20_3308,11621.569420486034
000d7d20_3309,11621.363948946613
000d7d20_3310,11621.197595638003
000d7d20_3311,11621.069840383494
000d7d20_3312,11621.116493376338
000d7d20_3313,11621.178789256917
000d7d20_3314,11621.257017188449
000d7d20_3315,11621.220592723437
000d7d20_3316,11621.2219480817
000d7d20_3317,11621.26357696796
000d7d20_3318,11621.18573544682
000d7d20_3319,11621.123828149348
000d7d20_3320,11621.213415803657
000d7d20_3321,11621.158119788573
000d7d20_3322,11621.117673946128
000d7d20_3323,11621.091313314366
000d7d20_3324,11621.077733881382
000d7d20_3325,11621.076637140504
000d7d20_3326,11621.086740798548
000d7d20_3327,11621.107748635242
000d7d20_3328,11621.138600884597
000d7d20_3329,11621.178526288615
000d7d20_3330,11621.226750800626
000d7d20_3331,11621.282445795388
000d7d20_3332,11621.345043147925
000d7d20_3333,11621.413284478636
000d7d20_3334,11621.48661122239
000d7d20_3335,11621.700297306708
000d7d20_3336,11621.894057437621
000d7d20_3337,11622.067872135767
000d7d20_3338,11622.221763420253
000d7d20_3339,11622.355748313372
000d7d20_3340,11622.469848059332
000d7d20_3341,11622.564022319873
000d7d20_3342,11622.638518047046
000d7d20_3343,11622.693092970445
000d7d20_3344,11622.591915836154
000d7d20_3345,11622.494236544582
000d7d20_3346,11622.399255516199
000d7d20_3347,11622.306173188314
000d7d20_3348,11622.214191202016
000d7d20_3349,11622.122774012836
000d7d20_3350,11622.030908746929
000d7d20_3351,11621.937810090396
000d7d20_3352,11621.842680484662
000d7d20_3353,11621.744949929027
000d7d20_3354,11621.643593862664
000d7d20_3355,11621.537813648541
000d7d20_3356,11621.426811606801
000d7d20_3357,11621.407585617093
000d7d20_3358,11621.361842038414
000d7d20_3359,11621.289874682689
000d7d20_3360,11621.191938481334
000d7d20_3361,11621.068442237325
000d7d20_3362,11620.971150874408
000d7d20_3363,11620.842395357255
000d7d20_3364,11620.736958482488
000d7d20_3365,11620.611878562433
000d7d20_3366,11620.467966224378
000d7d20_3367,11620.303363964997
000d7d20_3368,11620.123614251988
000d7d20_3369,11620.016509740877
000d7d20_3370,11619.90449653806
000d7d20_3371,11619.78810343815
000d7d20_3372,11619.668407008023
000d7d20_3373,11619.386184488747
000d7d20_3374,11619.077029563512
000d7d20_3375,11618.741197552734
000d7d20_3376,11618.533808097452
000d7d20_3377,11618.327265085425
000d7d20_3378,11618.120213279122
000d7d20_3379,11617.913851126972
000d7d20_3380,11617.708233137684
000d7d20_3381,11617.343851679369
000d7d20_3382,11617.11685120248
000d7d20_3383,11616.891964784783
000d7d20_3384,11616.66998932162
000d7d20_3385,11616.45197507814
000d7d20_3386,11616.238468631069
000d7d20_3387,11615.894719568236
000d7d20_3388,11615.716376529012
000d7d20_3389,11615.544195283212
000d7d20_3390,11615.379235496182
000d7d20_3391,11615.222291434777
000d7d20_3392,11615.073885739386
000d7d20_3393,11614.934821102443
000d7d20_3394,11614.806159657279
000d7d20_3395,11614.688471752941
000d7d20_3396,11614.422510697073
000d7d20_3397,11614.144117845219
000d7d20_3398,11613.85328984783
000d7d20_3399,11613.550297267579
000d7d20_3400,11613.234932178042
000d7d20_3401,11612.907186378257
000d7d20_3402,11612.567052116214
000d7d20_3403,11612.078725399408
000d7d20_3404,11611.601484367395
000d7d20_3405,11611.294565575965
000d7d20_3406,11611.022149959492
000d7d20_3407,11610.784236554653
000d7d20_3408,11610.581056867508
000d7d20_3409,11610.548182037213
000d7d20_3410,11610.526382381751
000d7d20_3411,11610.516452180133
000d7d20_3412,11610.519185773655
000d7d20_3413,11610.535390813573
000d7d20_3414,11610.565608274464
000d7d20_3415,11610.610851534362
000d7d20_3416,11610.671927027652
000d7d20_3417,11610.749641252858
000d7d20_3418,11610.729271448221
000d7d20_3419,11610.57655311243
000d7d20_3420,11610.451435899278
000d7d20_3421,11610.35390257974
000d7d20_3422,11610.283722285976
000d7d20_3423,11610.1801018484
000d7d20_3424,11610.091212957323
000d7d20_3425,11610.016266141873
000d7d20_3426,11609.954479189233
000d7d20_3427,11609.905056606045
000d7d20_3428,11609.867209064752
000d7d20_3429,11609.840147273648
000d7d20_3430,11609.822815236099
000d7d20_3431,11609.814648794581
000d7d20_3432,11609.814887136548
000d7d20_3433,11609.906398836993
000d7d20_3434,11609.987505228413
000d7d20_3435,11609.980251620776
000d7d20_3436,11609.979178471218
000d7d20_3437,11609.983495598046
000d7d20_3438,11609.992412855347
000d7d20_3439,11610.005140132982
000d7d20_3440,11610.156433142656
000d7d20_3441,11610.286504529427
000d7d20_3442,11610.395349578426
000d7d20_3443,11610.347139413994
000d7d20_3444,11610.301127163464
000d7d20_3445,11610.256514320121
000d7d20_3446,11610.21252180803
000d7d20_3447,11610.168373641198
000d7d20_3448,11610.283304170285
000d7d20_3449,11610.391276915243
000d7d20_3450,11610.472335154409
000d7d20_3451,11610.524654192242
000d7d20_3452,11610.551057725705
000d7d20_3453,11610.44124744677
000d7d20_3454,11610.325655486722
000d7d20_3455,11610.204005777898
000d7d20_3456,11610.078766927443
000d7d20_3457,11609.949146857725
000d7d20_3458,11609.814346320138
000d7d20_3459,11609.673579389499
000d7d20_3460,11609.526035268116
000d7d20_3461,11609.370936814663
000d7d20_3462,11609.207498063666
000d7d20_3463,11609.034942124195
000d7d20_3464,11609.012735039234
000d7d20_3465,11609.00477477817
000d7d20_3466,11609.011070749953
000d7d20_3467,11609.031619083093
000d7d20_3468,11609.066429221326
000d7d20_3469,11609.115230589012
000d7d20_3470,11609.018439656014
000d7d20_3471,11608.91082339372
000d7d20_3472,11608.791590244355
000d7d20_3473,11608.659949765468
000d7d20_3474,11608.651169225262
000d7d20_3475,11608.604941063018
000d7d20_3476,11608.52127611335
000d7d20_3477,11608.400165857343
000d7d20_3478,11608.241828750148
000d7d20_3479,11608.046032175142
000d7d20_3480,11607.972813285962
000d7d20_3481,11607.887395264519
000d7d20_3482,11607.7902926031
000d7d20_3483,11607.682299376802
000d7d20_3484,11607.564456448297
000d7d20_3485,11607.437286370156
000d7d20_3486,11607.301597747906
000d7d20_3487,11607.158418409761
000d7d20_3488,11607.00827830309
000d7d20_3489,11606.852207628044
000d7d20_3490,11606.690750822707
000d7d20_3491,11606.524932214204
000d7d20_3492,11606.35529752727
000d7d20_3493,11606.182627304734
000d7d20_3494,11605.909380778996
000d7d20_3495,11605.622557448993
000d7d20_3496,11605.415273057648
000d7d20_3497,11605.20716763025
000d7d20_3498,11604.999269214652
000d7d20_3499,11604.792121176954
000d7d20_3500,11604.58590559906
000d7d20_3501,11604.219561975544
000d7d20_3502,11603.829167924216
000d7d20_3503,11603.424643318393
000d7d20_3504,11603.158195831098
000d7d20_3505,11602.880190995407
000d7d20_3506,11602.605794855186
000d7d20_3507,11602.336409841815
000d7d20_3508,11602.073194930024
000d7d20_3509,11601.843124406734
000d7d20_3510,11601.466876328364
000d7d20_3511,11601.077576599282
000d7d20_3512,11600.542366704518
000d7d20_3513,11600.019061361158
000d7d20_3514,11599.638142669268
000d7d20_3515,11599.288910819136
000d7d20_3516,11598.972084737474
000d7d20_3517,11598.684873322416
000d7d20_3518,11598.427283344809
000d7d20_3519,11598.199087720888
000d7d20_3520,11598.000545311039
000d7d20_3521,11597.831671663711
000d7d20_3522,11597.692442788604
000d7d20_3523,11597.582628392047
000d7d20_3524,11597.502485208623
000d7d20_3525,11597.451750950258
000d7d20_3526,11597.43064927592
000d7d20_3527,11597.439172685134
000d7d20_3528,11597.477309556378
000d7d20_3529,11597.5448563884
000d7d20_3530,11597.642074818157
000d7d20_3531,11597.768707454692
000d7d20_3532,11597.924982857026
000d7d20_3533,11598.110898427229
000d7d20_3534,11598.326473186844
000d7d20_3535,11598.411389832349
000d7d20_3536,11598.500925364342
000d7d20_3537,11598.730099940283
000d7d20_3538,11598.938913663978
000d7d20_3539,11599.127119449664
000d7d20_3540,11599.294941840562
000d7d20_3541,11599.442392992092
000d7d20_3542,11599.569219551948
000d7d20_3543,11599.675654149509
000d7d20_3544,11599.76171857964
000d7d20_3545,11599.827161994774
000d7d20_3546,11599.872208171835
000d7d20_3547,11599.896895973943
000d7d20_3548,11599.76513849616
000d7d20_3549,11599.63644420298
000d7d20_3550,11599.509766035779
000d7d20_3551,11599.384556050738
000d7d20_3552,11599.259774519736
000d7d20_3553,11599.134874751493
000d7d20_3554,11599.009339465658
000d7d20_3555,11598.88181578352
000d7d20_3556,11598.751795903614
000d7d20_3557,11598.61824522343
000d7d20_3558,11598.480609061451
000d7d20_3559,11598.337867269716
000d7d20_3560,11598.189479624809
000d7d20_3561,11598.035641112605
000d7d20_3562,11597.877750408505
000d7d20_3563,11597.715744699604
000d7d20_3564,11597.538253072895
000d7d20_3565,11597.35120271986
000d7d20_3566,11597.171281201214
000d7d20_3567,11597.122038242767
000d7d20_3568,11597.043834235747
000d7d20_3569,11596.801458544118
000d7d20_3570,11596.524585040866
000d7d20_3571,11596.265730859324
000d7d20_3572,11595.957681571965
000d7d20_3573,11595.93204451836
000d7d20_3574,11595.893244495399
000d7d20_3575,11595.842075265087
000d7d20_3576,11595.77982371599
000d7d20_3577,11595.706793130288
000d7d20_3578,11595.623807886934
000d7d20_3579,11595.531872337524
000d7d20_3580,11595.431778327644
000d7d20_3581,11595.324080293984
000d7d20_3582,11595.209825446509
000d7d20_3583,11595.089547494184
000d7d20_3584,11594.964319665913
000d7d20_3585,11594.834943798594
000d7d20_3586,11594.701950255534
000d7d20_3587,11594.566368589718
000d7d20_3588,11594.428749729614
000d7d20_3589,11594.2901333362
000d7d20_3590,11594.151288437663
000d7d20_3591,11594.013057082951
000d7d20_3592,11593.875967960998
000d7d20_3593,11593.740835708473
000d7d20_3594,11593.608695377197
000d7d20_3595,11593.480090196868
000d7d20_3596,11593.356056613444
000d7d20_3597,11593.237139250676
000d7d20_3598,11592.964353347557
000d7d20_3599,11592.673472017232
000d7d20_3600,11592.364270451359
000d7d20_3601,11592.036995316817
000d7d20_3602,11591.691401567272
000d7d20_3603,11591.327737263606
000d7d20_3604,11590.809933401642
000d7d20_3605,11590.340484100327
000d7d20_3606,11589.825165707622
000d7d20_3607,11589.31363649901
000d7d20_3608,11588.805305004393
000d7d20_3609,11588.459217069068
000d7d20_3610,11588.166341320091
000d7d20_3611,11587.892685060746
000d7d20_3612,11587.638692516366
000d7d20_3613,11587.405209670627
000d7d20_3614,11587.192834946505
000d7d20_3615,11586.999445773008
000d7d20_3616,11586.830985649733
000d7d20_3617,11586.68533600895
000d7d20_3618,11586.563037642172
000d7d20_3619,11586.464442020893
000d7d20_3620,11586.392123153259
000d7d20_3621,11586.347251778621
000d7d20_3622,11586.329338894462
000d7d20_3623,11586.338867324697
000d7d20_3624,11586.375834173523
000d7d20_3625,11586.440241384411
000d7d20_3626,11586.532091847723
000d7d20_3627,11586.786724998567
000d7d20_3628,11586.749514554233
000d7d20_3629,11586.715537722059
000d7d20_3630,11586.97987911355
000d7d20_3631,11587.2472000418
000d7d20_3632,11587.482278088943
000d7d20_3633,11587.752580920356
000d7d20_3634,11587.868034907275
000d7d20_3635,11587.964709336231
000d7d20_3636,11588.042604013965
000d7d20_3637,11588.098760858471
000d7d20_3638,11588.133725806836
000d7d20_3639,11588.14798251715
000d7d20_3640,11588.141735245283
000d7d20_3641,11588.115488051022
000d7d20_3642,11588.069893384065
000d7d20_3643,11588.005110381106
000d7d20_3644,11587.921765436573
000d7d20_3645,11587.82477430607
000d7d20_3646,11587.711201135033
000d7d20_3647,11587.579007763825
000d7d20_3648,11587.42830934674
000d7d20_3649,11587.289793260308
000d7d20_3650,11587.131091809948
000d7d20_3651,11586.95226507572
000d7d20_3652,11586.753304709067
000d7d20_3653,11586.488457270807
000d7d20_3654,11586.211073886454
000d7d20_3655,11585.920752367
000d7d20_3656,11585.61529759632
000d7d20_3657,11585.29468655059
000d7d20_3658,11584.9616088876
000d7d20_3659,11584.669702209203
000d7d20_3660,11584.355954844808
000d7d20_3661,11584.02060371871
000d7d20_3662,11583.663399243163
000d7d20_3663,11583.284598129809
000d7d20_3664,11582.883731838847
000d7d20_3665,11582.621354240264
000d7d20_3666,11582.311509597555
000d7d20_3667,11582.04840535755
000d7d20_3668,11581.790092454117
000d7d20_3669,11581.537145756185
000d7d20_3670,11581.29058745023
000d7d20_3671,11581.019691503983
000d7d20_3672,11580.75499478527
000d7d20_3673,11580.497874067752
000d7d20_3674,11580.249287762166
000d7d20_3675,11580.010449367524
000d7d20_3676,11579.785435503432
000d7d20_3677,11579.57039093774
000d7d20_3678,11579.368795303435
000d7d20_3679,11579.181908797946
000d7d20_3680,11579.011214689886
000d7d20_3681,11578.855624852802
000d7d20_3682,11578.714915630075
000d7d20_3683,11578.590159754132
000d7d20_3684,11578.481916894292
000d7d20_3685,11578.390967181675
000d7d20_3686,11578.318125373838
000d7d20_3687,11578.264159529224
000d7d20_3688,11578.069851953824
000d7d20_3689,11578.031111447992
000d7d20_3690,11577.877043721088
000d7d20_3691,11577.607662715562
000d7d20_3692,11577.35799156225
000d7d20_3693,11577.263333277797
000d7d20_3694,11577.16343266442
000d7d20_3695,11577.058271774225
000d7d20_3696,11576.946769164579
000d7d20_3697,11576.829581387467
000d7d20_3698,11576.707700850018
000d7d20_3699,11576.584563838
000d7d20_3700,11576.460780371448
000d7d20_3701,11576.3347099492
000d7d20_3702,11576.209851946043
000d7d20_3703,11576.086690592247
000d7d20_3704,11575.96585195726
000d7d20_3705,11575.847996436898
000d7d20_3706,11575.739943344113
000d7d20_3707,11575.631369534321
000d7d20_3708,11575.525383453356
000d7d20_3709,11575.422372438594
000d7d20_3710,11575.287531347369
000d7d20_3711,11575.14812000702
000d7d20_3712,11574.989327969886
000d7d20_3713,11574.827996240661
000d7d20_3714,11574.718334520036
000d7d20_3715,11574.613059016536
000d7d20_3716,11574.515200789483
000d7d20_3717,11574.425531904959
000d7d20_3718,11574.345228036484
000d7d20_3719,11574.281855673215
000d7d20_3720,11574.164115065088
000d7d20_3721,11574.045475207724
000d7d20_3722,11573.923656210058
000d7d20_3723,11573.801292834356
000d7d20_3724,11573.676085199795
000d7d20_3725,11573.546384814052
000d7d20_3726,11573.417204946698
000d7d20_3727,11573.286235441337
000d7d20_3728,11573.153760571899
000d7d20_3729,11573.020059084256
000d7d20_3730,11572.885410933917
000d7d20_3731,11572.750063084808
000d7d20_3732,11572.614244453851
000d7d20_3733,11572.478347140695
000d7d20_3734,11572.34237608969
000d7d20_3735,11572.206540126603
000d7d20_3736,11572.070984653777
000d7d20_3737,11571.935874403855
000d7d20_3738,11571.801334062257
000d7d20_3739,11571.667476027125
000d7d20_3740,11571.534418957732
000d7d20_3741,11571.402243599608
000d7d20_3742,11571.271026750603
000d7d20_3743,11571.14084164362
000d7d20_3744,11571.095400314307
000d7d20_3745,11571.039449489996
000d7d20_3746,11570.972972287487
000d7d20_3747,11570.895984764022
000d7d20_3748,11570.80849387197
000d7d20_3749,11570.7107603817
000d7d20_3750,11570.501763266053
000d7d20_3751,11570.45689615789
000d7d20_3752,11570.44099892421
000d7d20_3753,11570.454764981027
000d7d20_3754,11570.341084037265
000d7d20_3755,11570.232982740765
000d7d20_3756,11570.128046605987
000d7d20_3757,11570.03001617726
000d7d20_3758,11569.93832520494
000d7d20_3759,11569.855572317208
000d7d20_3760,11569.908690479362
000d7d20_3761,11569.94881106929
000d7d20_3762,11569.97875323563
000d7d20_3763,11569.996403824094
000d7d20_3764,11570.001924334307
000d7d20_3765,11569.995459344847
000d7d20_3766,11569.977215207617
000d7d20_3767,11569.933838177487
000d7d20_3768,11569.876199287959
000d7d20_3769,11569.80404699253
000d7d20_3770,11569.717601566812
000d7d20_3771,11569.616839138756
000d7d20_3772,11569.50179458601
000d7d20_3773,11569.390202797626
000d7d20_3774,11569.267790556445
000d7d20_3775,11569.134759786934
000d7d20_3776,11568.99396694127
000d7d20_3777,11568.843353807926
000d7d20_3778,11568.685828584697
000d7d20_3779,11568.52203132093
000d7d20_3780,11568.341960136171
000d7d20_3781,11568.152621865176
000d7d20_3782,11567.954232229094
000d7d20_3783,11567.7496826025
000d7d20_3784,11567.536926054596
000d7d20_3785,11567.318901947356
000d7d20_3786,11567.098936284148
000d7d20_3787,11566.872813640373
000d7d20_3788,11566.643475222074
000d7d20_3789,11566.411642361301
000d7d20_3790,11566.178028306365
000d7d20_3791,11565.943099538892
000d7d20_3792,11565.705123532558
000d7d20_3793,11565.471133083252
000d7d20_3794,11565.238295473711
000d7d20_3795,11565.007583832947
000d7d20_3796,11564.77981385468
000d7d20_3797,11564.555851711833
000d7d20_3798,11564.334475608446
000d7d20_3799,11564.116156638294
000d7d20_3800,11563.904549914168
000d7d20_3801,11563.698355762252
000d7d20_3802,11563.498947722568
000d7d20_3803,11563.185956713247
000d7d20_3804,11562.906388543312
000d7d20_3805,11562.561813522105
000d7d20_3806,11562.2322770272
000d7d20_3807,11561.916783864337
000d7d20_3808,11561.614768097095
000d7d20_3809,11561.325446450839
000d7d20_3810,11561.149918181494
000d7d20_3811,11561.083845485547
000d7d20_3812,11561.03066850091
000d7d20_3813,11560.991785195269
000d7d20_3814,11560.968558682387
000d7d20_3815,11560.959719376506
000d7d20_3816,11560.968909429435
000d7d20_3817,11561.00016418398
000d7d20_3818,11561.052430229147
000d7d20_3819,11561.127322680219
000d7d20_3820,11561.226198141023
000d7d20_3821,11561.195836799656
000d7d20_3822,11561.165473273391
000d7d20_3823,11561.137456699364
000d7d20_3824,11561.109214508399
000d7d20_3825,11561.083075802098
000d7d20_3826,11561.054191016514
000d7d20_3827,11561.029604965215
000d7d20_3828,11561.004247677345
000d7d20_3829,11560.98041452921
000d7d20_3830,11560.95545886406
000d7d20_3831,11560.93165459552
000d7d20_3832,11560.90862345716
000d7d20_3833,11560.885771359692
000d7d20_3834,11560.862913988878
000d7d20_3835,11560.839637289948
000d7d20_3836,11560.902982700163
000d7d20_3837,11560.95036738361
000d7d20_3838,11560.982046478362
000d7d20_3839,11560.998019851248
000d7d20_3840,11560.998045164908
000d7d20_3841,11560.982391789898
000d7d20_3842,11560.951036572798
000d7d20_3843,11560.903742898972
000d7d20_3844,11560.748786894135
000d7d20_3845,11560.59325935152
000d7d20_3846,11560.436905022869
000d7d20_3847,11560.279265311054
000d7d20_3848,11560.119707408734
000d7d20_3849,11559.957985263394
000d7d20_3850,11559.793438232098
000d7d20_3851,11559.721747440139
000d7d20_3852,11559.630693619394
000d7d20_3853,11559.523588149721
000d7d20_3854,11559.39391784801
000d7d20_3855,11559.142180703298
000d7d20_3856,11558.885686176529
000d7d20_3857,11558.624381675416
000d7d20_3858,11558.46943249252
000d7d20_3859,11558.295471975754
000d7d20_3860,11558.104030069288
000d7d20_3861,11557.892735054045
000d7d20_3862,11557.66439081833
000d7d20_3863,11557.419833668162
000d7d20_3864,11557.302861604443
000d7d20_3865,11557.189656143419
000d7d20_3866,11557.081251363643
000d7d20_3867,11556.978188252087
000d7d20_3868,11556.881522454709
000d7d20_3869,11556.674724472818
000d7d20_3870,11556.49331207257
000d7d20_3871,11556.217621762573
000d7d20_3872,11555.952889553384
000d7d20_3873,11555.699611989485
000d7d20_3874,11555.45827057176
000d7d20_3875,11555.229392896286
000d7d20_3876,11555.014640858253
000d7d20_3877,11554.815920238441
000d7d20_3878,11554.633246544734
000d7d20_3879,11554.466864021266
000d7d20_3880,11554.316615725138
000d7d20_3881,11554.182606151748
000d7d20_3882,11554.067566453601
000d7d20_3883,11553.969339238327
000d7d20_3884,11553.885378904157
000d7d20_3885,11553.818079120627
000d7d20_3886,11553.764887343048
000d7d20_3887,11553.73091338104
000d7d20_3888,11553.708927776914
000d7d20_3889,11553.703431438098
000d7d20_3890,11553.71193689847
000d7d20_3891,11553.73689121722
000d7d20_3892,11553.775795261772
000d7d20_3893,11553.828471793102
000d7d20_3894,11553.894691738149
000d7d20_3895,11553.974341760668
000d7d20_3896,11554.06721219819
000d7d20_3897,11554.070060264401
000d7d20_3898,11554.069198110015
000d7d20_3899,11554.06362029005
000d7d20_3900,11554.05226118791
000d7d20_3901,11554.034848820585
000d7d20_3902,11554.010325684114
000d7d20_3903,11553.977885058048
000d7d20_3904,11553.936723151524
000d7d20_3905,11553.994460666794
000d7d20_3906,11554.059725932242
000d7d20_3907,11554.131933763385
000d7d20_3908,11554.211171485676
000d7d20_3909,11554.297477688791
000d7d20_3910,11554.390253323993
000d7d20_3911,11554.489844657654
000d7d20_3912,11554.482885935751
000d7d20_3913,11554.463909261553
000d7d20_3914,11554.4321215431
000d7d20_3915,11554.386729484868
000d7d20_3916,11554.447894426978
000d7d20_3917,11554.516091104351
000d7d20_3918,11554.727710423516
000d7d20_3919,11554.792480409635
000d7d20_3920,11554.819156101867
000d7d20_3921,11554.807238541756
000d7d20_3922,11554.757194972652
000d7d20_3923,11554.66883056704
000d7d20_3924,11554.5421239491
000d7d20_3925,11554.37705717441
000d7d20_3926,11554.173883659458
000d7d20_3927,11553.932096988223
000d7d20_3928,11553.651930646087
000d7d20_3929,11553.333675193202
000d7d20_3930,11553.115103717837
000d7d20_3931,11552.883084253259
000d7d20_3932,11552.638752216706
000d7d20_3933,11552.38333225759
000d7d20_3934,11552.118315390284
000d7d20_3935,11551.844718888995
000d7d20_3936,11551.429745344672
000d7d20_3937,11551.028946861312
000d7d20_3938,11550.642509480835
000d7d20_3939,11550.27047241639
000d7d20_3940,11549.913066811181
000d7d20_3941,11549.57006411832
000d7d20_3942,11549.241450477595
000d7d20_3943,11548.927223714201
000d7d20_3944,11548.62763747648
000d7d20_3945,11548.342426090896
000d7d20_3946,11548.07159516655
000d7d20_3947,11547.815158256057
000d7d20_3948,11547.573347748455
000d7d20_3949,11547.34590007418
000d7d20_3950,11547.13281715027
000d7d20_3951,11546.934093776625
000d7d20_3952,11546.749712009205
000d7d20_3953,11546.579943053888
000d7d20_3954,11546.424506720874
000d7d20_3955,11546.419491160645
000d7d20_3956,11546.405392193054
000d7d20_3957,11546.38302554813
000d7d20_3958,11546.353179456592
000d7d20_3959,11546.316880893712
000d7d20_3960,11546.274627274643
000d7d20_3961,11546.227484566689
000d7d20_3962,11546.176005305453
000d7d20_3963,11546.120985808182
000d7d20_3964,11546.06317834095
000d7d20_3965,11546.003684206582
000d7d20_3966,11545.94302791999
000d7d20_3967,11545.882002100045
000d7d20_3968,11545.82162207623
000d7d20_3969,11545.762473103221
000d7d20_3970,11545.70532557278
000d7d20_3971,11545.651242841286
000d7d20_3972,11545.600740094087
000d7d20_3973,11545.55461839769
000d7d20_3974,11545.513911227237
000d7d20_3975,11545.479147670354
000d7d20_3976,11545.322448441173
000d7d20_3977,11545.192792851592
000d7d20_3978,11545.0909269504
000d7d20_3979,11544.994244196121
000d7d20_3980,11544.880424221172
000d7d20_3981,11544.749208976496
000d7d20_3982,11544.600828909053
000d7d20_3983,11544.435066458733
000d7d20_3984,11544.252143812453
000d7d20_3985,11544.051807474616
000d7d20_3986,11543.834058099024
000d7d20_3987,11543.598919716173
000d7d20_3988,11543.346628127036
000d7d20_3989,11542.941370551904
000d7d20_3990,11542.542136417565
000d7d20_3991,11542.148372412223
000d7d20_3992,11541.75877592732
000d7d20_3993,11541.3730780414
000d7d20_3994,11541.126328753808
000d7d20_3995,11540.858200077826
000d7d20_3996,11540.56894224688
000d7d20_3997,11540.416297044367
000d7d20_3998,11540.269034617351
000d7d20_3999,11540.126464378549
000d7d20_4000,11539.98935728562
000d7d20_4001,11539.858004214751
000d7d20_4002,11539.733704197737
000d7d20_4003,11539.617255797117
000d7d20_4004,11539.509448163753
000d7d20_4005,11539.410582863584
000d7d20_4006,11539.321932056278
000d7d20_4007,11539.24429929757
000d7d20_4008,11539.178267896556
000d7d20_4009,11539.124591600377
000d7d20_4010,11539.084303766414
000d7d20_4011,11539.057970712944
000d7d20_4012,11539.046627768532
000d7d20_4013,11538.91503747739
000d7d20_4014,11538.82320637204
000d7d20_4015,11538.771356522655
000d7d20_4016,11538.599212292847
000d7d20_4017,11538.577900665345
000d7d20_4018,11538.547368206724
000d7d20_4019,11538.507370932482
000d7d20_4020,11538.457885565482
000d7d20_4021,11538.399151810696
000d7d20_4022,11538.330924426891
000d7d20_4023,11538.253448760568
000d7d20_4024,11538.166686345921
000d7d20_4025,11538.07044249221
000d7d20_4026,11537.964944005489
000d7d20_4027,11537.850158075551
000d7d20_4028,11537.590257500176
000d7d20_4029,11537.344270935202
000d7d20_4030,11537.111636865657
000d7d20_4031,11536.89152040323
000d7d20_4032,11536.683137415772
000d7d20_4033,11536.485464840553
000d7d20_4034,11536.399524821878
000d7d20_4035,11536.30265322967
000d7d20_4036,11536.195117202866
000d7d20_4037,11536.226634900971
000d7d20_4038,11536.275358307817
000d7d20_4039,11536.39292524177
000d7d20_4040,11536.363050243885
000d7d20_4041,11536.320137662478
000d7d20_4042,11536.2641572004
000d7d20_4043,11536.194903483021
000d7d20_4044,11536.11259965343
000d7d20_4045,11536.017231869264
000d7d20_4046,11535.908773559691
000d7d20_4047,11535.787484998875
000d7d20_4048,11535.653109924056
000d7d20_4049,11535.505612701143
000d7d20_4050,11535.504825935956
000d7d20_4051,11535.38011594376
000d7d20_4052,11535.427325568884
000d7d20_4053,11535.48748340207
000d7d20_4054,11535.524174286402
000d7d20_4055,11535.418693960539
000d7d20_4056,11535.307125800286
000d7d20_4057,11535.189674160016
000d7d20_4058,11535.066811082226
000d7d20_4059,11534.93851410435
000d7d20_4060,11534.85833625225
000d7d20_4061,11534.76658195389
000d7d20_4062,11534.66352011768
000d7d20_4063,11534.487285818937
000d7d20_4064,11534.30734708352
000d7d20_4065,11534.12381948172
000d7d20_4066,11533.9370272376
000d7d20_4067,11533.746833925525
000d7d20_4068,11533.553270604383
000d7d20_4069,11533.356631325114
000d7d20_4070,11533.15673234668
000d7d20_4071,11532.953552794892
000d7d20_4072,11532.747337990791
000d7d20_4073,11532.540121868431
000d7d20_4074,11532.44315508959
000d7d20_4075,11532.3781900191
000d7d20_4076,11532.345229119805
000d7d20_4077,11532.344525860832
000d7d20_4078,11532.21603793827
000d7d20_4079,11532.094509029132
000d7d20_4080,11531.979408594698
000d7d20_4081,11531.869721489827
000d7d20_4082,11531.764634264333
000d7d20_4083,11531.663604366444
000d7d20_4084,11531.565604062847
000d7d20_4085,11531.469858640989
000d7d20_4086,11531.441508610293
000d7d20_4087,11531.39976593037
000d7d20_4088,11531.344718016246
000d7d20_4089,11531.47943396117
000d7d20_4090,11531.618739304877
000d7d20_4091,11531.763642166366
000d7d20_4092,11531.958802424828
000d7d20_4093,11532.156595699058
000d7d20_4094,11532.358070136312
000d7d20_4095,11532.444112491341
000d7d20_4096,11532.519976272422
000d7d20_4097,11532.586112432495
000d7d20_4098,11532.64611577263
000d7d20_4099,11532.69828891359
000d7d20_4100,11532.684483847384
000d7d20_4101,11532.516060914852
000d7d20_4102,11532.352267818718
000d7d20_4103,11532.328165781926
000d7d20_4104,11532.284189948703
000d7d20_4105,11532.219859908866
000d7d20_4106,11532.135158652418
000d7d20_4107,11532.030344504072
000d7d20_4108,11531.905158104943
000d7d20_4109,11531.75960081662
000d7d20_4110,11531.534658780296
000d7d20_4111,11531.299343379085
000d7d20_4112,11531.273431741862
000d7d20_4113,11531.091460968266
000d7d20_4114,11530.889492685823
000d7d20_4115,11530.710778279381
000d7d20_4116,11530.462005528168
000d7d20_4117,11530.211352879414
000d7d20_4118,11529.88940340295
000d7d20_4119,11529.58216053202
000d7d20_4120,11529.289626974012
000d7d20_4121,11528.948889517185
000d7d20_4122,11528.609793309302
000d7d20_4123,11528.271583183474
000d7d20_4124,11528.006283919955
000d7d20_4125,11527.75483982862
000d7d20_4126,11527.517328675947
000d7d20_4127,11527.362348353436
000d7d20_4128,11527.209235149989
000d7d20_4129,11527.056348033057
000d7d20_4130,11526.97796905439
000d7d20_4131,11526.892172753584
000d7d20_4132,11526.799672245119
000d7d20_4133,11526.701452767564
000d7d20_4134,11526.595843746567
000d7d20_4135,11526.540742719906
000d7d20_4136,11526.487901248707
000d7d20_4137,11526.43809843534
000d7d20_4138,11526.392148439603
000d7d20_4139,11526.350576000454
000d7d20_4140,11526.314434815336
000d7d20_4141,11526.284538045893
000d7d20_4142,11526.261686113137
000d7d20_4143,11526.246686036004
000d7d20_4144,11526.240327912508
000d7d20_4145,11526.243444786478
000d7d20_4146,11526.256837210825
000d7d20_4147,11526.203908444
000d7d20_4148,11526.153981432548
000d7d20_4149,11526.108003610008
000d7d20_4150,11526.016241058001
000d7d20_4151,11525.922413350356
000d7d20_4152,11525.826788593886
000d7d20_4153,11525.67894740748
000d7d20_4154,11525.519977357397
000d7d20_4155,11525.349907005953
000d7d20_4156,11525.16871147672
000d7d20_4157,11524.976153101814
000d7d20_4158,11524.772466186572
000d7d20_4159,11524.55765848211
000d7d20_4160,11524.331494512737
000d7d20_4161,11524.094006737763
000d7d20_4162,11524.005458983385
000d7d20_4163,11523.930815017324
000d7d20_4164,11523.575017641002
000d7d20_4165,11523.232654928173
000d7d20_4166,11522.98114548658
000d7d20_4167,11522.725879287984
000d7d20_4168,11522.466705708091
000d7d20_4169,11522.203776843748
000d7d20_4170,11521.939685343375
000d7d20_4171,11521.741426800007
000d7d20_4172,11521.550922484012
000d7d20_4173,11521.297553915585
000d7d20_4174,11521.041327538709
000d7d20_4175,11520.862244075819
000d7d20_4176,11520.668981176404
000d7d20_4177,11520.532300772746
000d7d20_4178,11520.26227969388
000d7d20_4179,11520.096853125675
000d7d20_4180,11519.965825940744
000d7d20_4181,11519.869203003218
000d7d20_4182,11519.806733217321
000d7d20_4183,11519.778719790329
000d7d20_4184,11519.785136189998
000d7d20_4185,11519.825462851779
000d7d20_4186,11519.900193949543
000d7d20_4187,11520.02997632819
000d7d20_4188,11520.107161604354
000d7d20_4189,11520.20077903915
000d7d20_4190,11520.313967640319
000d7d20_4191,11520.350752571941
000d7d20_4192,11520.395929341856
000d7d20_4193,11520.584750353419
000d7d20_4194,11520.756910830118
000d7d20_4195,11520.912697822023
000d7d20_4196,11521.051825870405
000d7d20_4197,11521.174560681786
000d7d20_4198,11521.28064537769
000d7d20_4199,11521.370095214466
000d7d20_4200,11521.443199093776
000d7d20_4201,11521.499674456203
000d7d20_4202,11521.53977631671
000d7d20_4203,11521.563242906015
000d7d20_4204,11521.570334309901
000d7d20_4205,11521.560801002677
000d7d20_4206,11521.447763044278
000d7d20_4207,11521.330603004784
000d7d20_4208,11521.209086935254
000d7d20_4209,11521.178135592476
000d7d20_4210,11521.12923845997
000d7d20_4211,11520.961775024076
000d7d20_4212,11520.790750562077
000d7d20_4213,11520.616316579066
000d7d20_4214,11520.438110702436
000d7d20_4215,11520.256153152448
000d7d20_4216,11520.183818400383
000d7d20_4217,11520.090243477938
000d7d20_4218,11519.975425832547
000d7d20_4219,11519.839354729644
000d7d20_4220,11519.682041387157
000d7d20_4221,11519.503758550509
000d7d20_4222,11519.168447244
000d7d20_4223,11518.835353732322
000d7d20_4224,11518.503681535394
000d7d20_4225,11518.332675859498
000d7d20_4226,11518.186752831523
000d7d20_4227,11517.97412716059
000d7d20_4228,11517.775237597034
000d7d20_4229,11517.590145978385
000d7d20_4230,11517.419109682962
000d7d20_4231,11517.259356662058
000d7d20_4232,11517.1129972111
000d7d20_4233,11516.980370865185
000d7d20_4234,11516.99762336415
000d7d20_4235,11517.005417035523
000d7d20_4236,11516.91014933091
000d7d20_4237,11516.789361056832
000d7d20_4238,11516.643073416113
000d7d20_4239,11516.628729913165
000d7d20_4240,11516.480212031574
000d7d20_4241,11516.491264502503
000d7d20_4242,11516.366761169147
000d7d20_4243,11516.266767825948
000d7d20_4244,11516.191291646208
000d7d20_4245,11516.140074698425
000d7d20_4246,11516.113619444746
000d7d20_4247,11516.111448462423
000d7d20_4248,11516.10944078174
000d7d20_4249,11516.13108973565
000d7d20_4250,11516.177230214764
000d7d20_4251,11516.247782354592
000d7d20_4252,11516.43119900743
000d7d20_4253,11516.622863509367
000d7d20_4254,11516.66378497472
000d7d20_4255,11516.689970382406
000d7d20_4256,11516.701234955559
000d7d20_4257,11516.698085687813
000d7d20_4258,11516.680113125863
000d7d20_4259,11516.64761701875
000d7d20_4260,11516.600624519178
000d7d20_4261,11516.539069595752
000d7d20_4262,11516.462988574662
000d7d20_4263,11516.372090040513
000d7d20_4264,11516.264306896606
000d7d20_4265,11516.141978242907
000d7d20_4266,11516.005457252822
000d7d20_4267,11515.95678678195
000d7d20_4268,11515.914705245583
000d7d20_4269,11515.87759286264
000d7d20_4270,11515.729924860923
000d7d20_4271,11515.547840528787
000d7d20_4272,11515.476923466567
000d7d20_4273,11515.458177602595
000d7d20_4274,11515.444224251507
000d7d20_4275,11515.436053410405
000d7d20_4276,11515.539735345115
000d7d20_4277,11515.501569878563
000d7d20_4278,11515.432639865247
000d7d20_4279,11515.332952697107
000d7d20_4280,11515.202292346925
000d7d20_4281,11515.04090999207
000d7d20_4282,11514.848795951872
000d7d20_4283,11514.662356063089
000d7d20_4284,11514.488871530479
000d7d20_4285,11514.457531447566
000d7d20_4286,11514.42058268694
000d7d20_4287,11514.37884315764
000d7d20_4288,11514.33308019054
000d7d20_4289,11514.283863714443
000d7d20_4290,11514.232196361656
000d7d20_4291,11514.178669168423
000d7d20_4292,11514.124296277692
000d7d20_4293,11514.070107031295
000d7d20_4294,11514.016432629971
000d7d20_4295,11513.804258204333
000d7d20_4296,11513.569185594268
000d7d20_4297,11513.311427614486
000d7d20_4298,11513.030998362858
000d7d20_4299,11512.727900315034
000d7d20_4300,11512.40210646638
000d7d20_4301,11512.213678589298
000d7d20_4302,11511.86752074027
000d7d20_4303,11511.659248997374
000d7d20_4304,11511.454335996033
000d7d20_4305,11511.25327405534
000d7d20_4306,11511.056867024656
000d7d20_4307,11510.865930189357
000d7d20_4308,11510.681235135296
000d7d20_4309,11510.50358129524
000d7d20_4310,11510.333970000898
000d7d20_4311,11510.172677660885
000d7d20_4312,11510.021018983829
000d7d20_4313,11509.79034901483
000d7d20_4314,11509.55998720995
000d7d20_4315,11509.330332034015
000d7d20_4316,11508.966822750062
000d7d20_4317,11508.629561317399
000d7d20_4318,11508.318406526712
000d7d20_4319,11508.03340642736
000d7d20_4320,11507.774929211444
000d7d20_4321,11507.54311294059
000d7d20_4322,11507.337856836497
000d7d20_4323,11507.15949456764
000d7d20_4324,11507.007949946188
000d7d20_4325,11506.886359283997
000d7d20_4326,11506.792649817407
000d7d20_4327,11506.72681672062
000d7d20_4328,11506.689285687471
000d7d20_4329,11506.6776394006
000d7d20_4330,11506.694398023787
000d7d20_4331,11506.745173595975
000d7d20_4332,11506.850300772938
000d7d20_4333,11506.986358241005
000d7d20_4334,11507.108053183601
000d7d20_4335,11507.25666580009
000d7d20_4336,11507.432425423018
000d7d20_4337,11507.51152289864
000d7d20_4338,11507.595805385223
000d7d20_4339,11507.684476139231
000d7d20_4340,11507.776702057108
000d7d20_4341,11507.87192754813
000d7d20_4342,11507.96911774386
000d7d20_4343,11508.067460656554
000d7d20_4344,11508.311815736579
000d7d20_4345,11508.581559391547
000d7d20_4346,11508.725479682469
000d7d20_4347,11508.86904330784
000d7d20_4348,11509.01115558036
000d7d20_4349,11509.15100396352
000d7d20_4350,11509.288042845248
000d7d20_4351,11509.421260849223
000d7d20_4352,11509.550091007151
000d7d20_4353,11509.673497756276
000d7d20_4354,11509.790678744625
000d7d20_4355,11509.901330655537
000d7d20_4356,11510.00414376164
000d7d20_4357,11510.098572204086
000d7d20_4358,11510.183590916335
000d7d20_4359,11510.258655663976
000d7d20_4360,11510.322987527936
000d7d20_4361,11510.375494559556
000d7d20_4362,11510.415648158923
000d7d20_4363,11510.44242132646
000d7d20_4364,11510.455500055588
000d7d20_4365,11510.453592533833
000d7d20_4366,11510.435925116819
000d7d20_4367,11510.402176400976
000d7d20_4368,11510.351052116443
000d7d20_4369,11510.282023659038
000d7d20_4370,11510.194302885006
000d7d20_4371,11510.08682394795
000d7d20_4372,11509.959091900904
000d7d20_4373,11509.810286434875
000d7d20_4374,11509.639350627738
000d7d20_4375,11509.445720817157
000d7d20_4376,11509.228614100895
000d7d20_4377,11509.147054744486
000d7d20_4378,11509.06545034315
000d7d20_4379,11508.98356065314
000d7d20_4380,11508.901864522555
000d7d20_4381,11508.81988594517
000d7d20_4382,11508.73785516161
000d7d20_4383,11508.655523184581
000d7d20_4384,11508.573121878597
000d7d20_4385,11508.490670619301
000d7d20_4386,11508.408177832467
000d7d20_4387,11508.325382022751
000d7d20_4388,11508.24254416365
000d7d20_4389,11508.159428045814
000d7d20_4390,11508.076266919095
000d7d20_4391,11507.992806218312
000d7d20_4392,11507.909297016544
000d7d20_4393,11507.825985180441
000d7d20_4394,11507.74238747168
000d7d20_4395,11507.658765071516
000d7d20_4396,11507.574875122371
000d7d20_4397,11507.490961336434
000d7d20_4398,11507.406781462527
000d7d20_4399,11507.322587552244
000d7d20_4400,11507.302523694898
000d7d20_4401,11507.206974309529
000d7d20_4402,11507.111794137218
000d7d20_4403,11507.016739890703
000d7d20_4404,11506.92208628279
000d7d20_4405,11506.82758693078
000d7d20_4406,11506.733485820227
000d7d20_4407,11506.685346001532
000d7d20_4408,11506.626797879375
000d7d20_4409,11506.558612510993
000d7d20_4410,11506.481697243771
000d7d20_4411,11506.396568470116
000d7d20_4412,11506.301850102587
000d7d20_4413,11506.308890565419
000d7d20_4414,11506.294345296812
000d7d20_4415,11506.258991877508
000d7d20_4416,11506.203134238727
000d7d20_4417,11506.128054691248
000d7d20_4418,11506.034311819745
000d7d20_4419,11505.92296978649
000d7d20_4420,11505.794594401943
000d7d20_4421,11505.649971283545
000d7d20_4422,11505.489898556429
000d7d20_4423,11505.315429854996
000d7d20_4424,11504.991301364602
000d7d20_4425,11504.677563449699
000d7d20_4426,11504.374209746398
000d7d20_4427,11504.08151209192
000d7d20_4428,11503.798971569962
000d7d20_4429,11503.527087677396
000d7d20_4430,11503.265629454278
000d7d20_4431,11503.014598119009
000d7d20_4432,11502.773984747777
000d7d20_4433,11502.544062803227
000d7d20_4434,11502.324347596996
000d7d20_4435,11502.115339440548
000d7d20_4436,11501.91654151432
000d7d20_4437,11501.828186929752
000d7d20_4438,11501.73048660663
000d7d20_4439,11501.626696522319
000d7d20_4440,11501.55699559495
000d7d20_4441,11501.476083713385
000d7d20_4442,11501.38475061359
000d7d20_4443,11501.283565433358
000d7d20_4444,11501.173809941192
000d7d20_4445,11501.055793366815
000d7d20_4446,11500.930803302277
000d7d20_4447,11500.797696108904
000d7d20_4448,11500.65679251426
000d7d20_4449,11500.508883282253
000d7d20_4450,11500.355640551254
000d7d20_4451,11500.197827914757
000d7d20_4452,11500.037092337629
000d7d20_4453,11499.874158403905
000d7d20_4454,11499.710378348573
000d7d20_4455,11499.546958154078
000d7d20_4456,11499.384796415414
000d7d20_4457,11499.225459531239
000d7d20_4458,11499.069602198502
000d7d20_4459,11498.816200228603
000d7d20_4460,11498.724587052913
000d7d20_4461,11498.56014405992
000d7d20_4462,11498.463034523293
000d7d20_4463,11498.369900333739
000d7d20_4464,11498.281534204043
000d7d20_4465,11498.198496913268
000d7d20_4466,11498.12207310982
000d7d20_4467,11498.052552481828
000d7d20_4468,11497.84847396047
000d7d20_4469,11497.660305800457
000d7d20_4470,11497.447665805785
000d7d20_4471,11497.398492973434
000d7d20_4472,11497.354003971075
000d7d20_4473,11497.317969325857
000d7d20_4474,11497.161663770463
000d7d20_4475,11496.990662244905
000d7d20_4476,11496.787538350996
000d7d20_4477,11496.570043182357
000d7d20_4478,11496.336204329247
000d7d20_4479,11495.980616153996
000d7d20_4480,11495.633377111475
000d7d20_4481,11495.29368978598
000d7d20_4482,11494.960536081273
000d7d20_4483,11494.633603905544
000d7d20_4484,11494.314032448548
000d7d20_4485,11494.1562974819
000d7d20_4486,11494.026925087373
000d7d20_4487,11493.92615527429
000d7d20_4488,11493.85400119906
000d7d20_4489,11493.810457587846
000d7d20_4490,11493.795520207696
000d7d20_4491,11493.8091905261
000d7d20_4492,11493.85145783586
000d7d20_4493,11493.922330202571
000d7d20_4494,11494.021567120177
000d7d20_4495,11494.149656581596
000d7d20_4496,11494.306095044682
000d7d20_4497,11494.491360541417
000d7d20_4498,11494.587449437537
000d7d20_4499,11494.696883318082
000d7d20_4500,11494.816938871907
000d7d20_4501,11494.900531211628
000d7d20_4502,11494.985987925977
000d7d20_4503,11495.072509305694
000d7d20_4504,11495.15955678736
000d7d20_4505,11495.245852189466
000d7d20_4506,11495.330856984323
000d7d20_4507,11495.413765968271
000d7d20_4508,11495.49549042753
000d7d20_4509,11495.57692343969
000d7d20_4510,11495.657738006345
000d7d20_4511,11495.737690404592
000d7d20_4512,11495.816466162025
000d7d20_4513,11495.893852571988
000d7d20_4514,11495.969570160249
000d7d20_4515,11496.043214956178
000d7d20_4516,11496.115014116129
000d7d20_4517,11496.184543867263
000d7d20_4518,11496.251670200414
000d7d20_4519,11496.316191545093
000d7d20_4520,11496.498840107184
000d7d20_4521,11496.534337172845
000d7d20_4522,11496.557708959092
000d7d20_4523,11496.568162574586
000d7d20_4524,11496.564892822691
000d7d20_4525,11496.547094505653
000d7d20_4526,11496.514232350786
000d7d20_4527,11496.465027601796
000d7d20_4528,11496.399192238792
000d7d20_4529,11496.420060116066
000d7d20_4530,11496.441900085912
000d7d20_4531,11496.514135140964
000d7d20_4532,11496.432311992025
000d7d20_4533,11496.396878270383
000d7d20_4534,11496.327543074189
000d7d20_4535,11496.227040383992
000d7d20_4536,11496.0923017193
000d7d20_4537,11495.944019115997
000d7d20_4538,11495.770314571477
000d7d20_4539,11495.569535784913
000d7d20_4540,11495.47046444788
000d7d20_4541,11495.36497106403
000d7d20_4542,11495.25118860131
000d7d20_4543,11495.127799642396
000d7d20_4544,11495.095254538512
000d7d20_4545,11495.040182084838
000d7d20_4546,11494.865324333961
000d7d20_4547,11494.687402536683
000d7d20_4548,11494.50916903289
000d7d20_4549,11494.328533730715
000d7d20_4550,11494.146179613103
000d7d20_4551,11493.962657538781
000d7d20_4552,11493.781066712983
000d7d20_4553,11493.715712447174
000d7d20_4554,11493.633324203343
000d7d20_4555,11493.534473551477
000d7d20_4556,11493.41995177821
000d7d20_4557,11493.29054450213
000d7d20_4558,11493.147067972719
000d7d20_4559,11492.990292011711
000d7d20_4560,11492.821281010645
000d7d20_4561,11492.640328550213
000d7d20_4562,11492.44871964244
000d7d20_4563,11492.246759870977
000d7d20_4564,11492.03572748541
000d7d20_4565,11491.815928936847
000d7d20_4566,11491.588643280966
000d7d20_4567,11491.354668898102
000d7d20_4568,11491.114306735015
000d7d20_4569,11490.868836942578
000d7d20_4570,11490.618585384313
000d7d20_4571,11490.364816447853
000d7d20_4572,11490.10783743751
000d7d20_4573,11489.848928269725
000d7d20_4574,11489.588396083895
000d7d20_4575,11489.327527259074
000d7d20_4576,11489.067104086964
000d7d20_4577,11488.75390616238
000d7d20_4578,11488.449320836628
000d7d20_4579,11488.076826435567
000d7d20_4580,11487.730741862168
000d7d20_4581,11487.410807500155
000d7d20_4582,11487.117019196481
000d7d20_4583,11486.849384879139
000d7d20_4584,11486.608132208099
000d7d20_4585,11486.392764999313
000d7d20_4586,11486.203790695577
000d7d20_4587,11486.040952179892
000d7d20_4588,11485.904242787716
000d7d20_4589,11485.793659259762
000d7d20_4590,11485.709436796613
000d7d20_4591,11485.651579915711
000d7d20_4592,11485.619822003426
000d7d20_4593,11485.614180905619
000d7d20_4594,11485.557895026826
000d7d20_4595,11485.519051126903
000d7d20_4596,11485.494888477775
000d7d20_4597,11485.487957785084
000d7d20_4598,11485.498169269827
000d7d20_4599,11485.523191106473
000d7d20_4600,11485.567877081288
000d7d20_4601,11485.630325446024
000d7d20_4602,11485.707848491495
000d7d20_4603,11485.803086564207
000d7d20_4604,11485.918690215965
000d7d20_4605,11485.93794548659
000d7d20_4606,11485.954682071659
000d7d20_4607,11486.089483380832
000d7d20_4608,11486.242242684568
000d7d20_4609,11486.410783796999
000d7d20_4610,11486.597687283165
000d7d20_4611,11486.803192554597
000d7d20_4612,11487.0274425178
000d7d20_4613,11487.268082233844
000d7d20_4614,11487.52610353729
000d7d20_4615,11487.755646953354
000d7d20_4616,11487.956687540638
000d7d20_4617,11487.993149452612
000d7d20_4618,11488.024538472271
000d7d20_4619,11488.050038271469
000d7d20_4620,11488.068840408923
000d7d20_4621,11488.079911255782
000d7d20_4622,11488.08294226283
000d7d20_4623,11488.0766356401
000d7d20_4624,11488.060667647595
000d7d20_4625,11488.033755177357
000d7d20_4626,11487.99558917532
000d7d20_4627,11487.944871377264
000d7d20_4628,11487.880802119966
000d7d20_4629,11487.803074860756
000d7d20_4630,11487.710632306143
000d7d20_4631,11487.602678630408
000d7d20_4632,11487.478413729588
000d7d20_4633,11487.337050888433
000d7d20_4634,11487.177792552355
000d7d20_4635,11486.999848986095
000d7d20_4636,11486.802437279348
000d7d20_4637,11486.584729921076
000d7d20_4638,11486.409019276847
000d7d20_4639,11486.224417182526
000d7d20_4640,11486.244300668657
000d7d20_4641,11486.122836417388
000d7d20_4642,11486.004008939415
000d7d20_4643,11485.888332221191
000d7d20_4644,11485.775550816514
000d7d20_4645,11485.776851148383
000d7d20_4646,11485.75921715774
000d7d20_4647,11485.723727223833
000d7d20_4648,11485.664678765317
000d7d20_4649,11485.616265758954
000d7d20_4650,11485.550087408894
000d7d20_4651,11485.467284090284
000d7d20_4652,11485.258566953053
000d7d20_4653,11485.057229783482
000d7d20_4654,11484.86351784637
000d7d20_4655,11484.813035962557
000d7d20_4656,11484.746523516953
000d7d20_4657,11484.664771137113
000d7d20_4658,11484.568576324322
000d7d20_4659,11484.458732285248
000d7d20_4660,11484.33602693848
000d7d20_4661,11484.201246355015
000d7d20_4662,11484.05520548404
000d7d20_4663,11483.898702572335
000d7d20_4664,11483.732531602345
000d7d20_4665,11483.55774447526
000d7d20_4666,11483.374855946135
000d7d20_4667,11483.184676353108
000d7d20_4668,11482.988006190548
000d7d20_4669,11482.785885693464
000d7d20_4670,11482.578858040568
000d7d20_4671,11482.367462149261
000d7d20_4672,11482.152742092467
000d7d20_4673,11481.935736691614
000d7d20_4674,11481.716988704831
000d7d20_4675,11481.337283094525
000d7d20_4676,11480.932429069744
000d7d20_4677,11480.502396101303
000d7d20_4678,11480.12498413305
000d7d20_4679,11479.761220483553
000d7d20_4680,11479.415783655948
000d7d20_4681,11479.081930425715
000d7d20_4682,11478.760273337153
000d7d20_4683,11478.453630938988
000d7d20_4684,11478.160371394708
000d7d20_4685,11477.88103886515
000d7d20_4686,11477.616633055004
000d7d20_4687,11477.367661264947
000d7d20_4688,11477.132841155237
000d7d20_4689,11476.915565079045
000d7d20_4690,11476.686168578273
000d7d20_4691,11476.483311527616
000d7d20_4692,11476.307251811804
000d7d20_4693,11476.15777411575
000d7d20_4694,11476.035137621286
000d7d20_4695,11476.074958760073
000d7d20_4696,11476.118247547827
000d7d20_4697,11476.165566656784
000d7d20_4698,11476.217475719252
000d7d20_4699,11476.275319309574
000d7d20_4700,11476.339683735227
000d7d20_4701,11476.131280065874
000d7d20_4702,11476.076090483679
000d7d20_4703,11476.0517474335
000d7d20_4704,11476.19412363782
000d7d20_4705,11476.263442910991
000d7d20_4706,11476.220993465226
000d7d20_4707,11476.181737262445
000d7d20_4708,11476.23470284782
000d7d20_4709,11476.28713204353
000d7d20_4710,11476.303871385764
000d7d20_4711,11476.310406462186
000d7d20_4712,11476.307115450825
000d7d20_4713,11476.424983514278
000d7d20_4714,11476.551439247736
000d7d20_4715,11476.687552022197
000d7d20_4716,11476.673836111138
000d7d20_4717,11476.64639822332
000d7d20_4718,11476.509978762318
000d7d20_4719,11476.471263288906
000d7d20_4720,11476.41806442704
000d7d20_4721,11476.350642179208
000d7d20_4722,11476.26876640737
000d7d20_4723,11476.172472125512
000d7d20_4724,11476.062016981869
000d7d20_4725,11475.937172140766
000d7d20_4726,11475.79769547252
000d7d20_4727,11475.644067365887
000d7d20_4728,11475.476054321174
000d7d20_4729,11475.293682890779
000d7d20_4730,11475.096932493612
000d7d20_4731,11474.885792401243
000d7d20_4732,11474.660291077636
000d7d20_4733,11474.284606825937
000d7d20_4734,11473.917749535363
000d7d20_4735,11473.559401664652
000d7d20_4736,11473.20851423119
000d7d20_4737,11472.864037087857
000d7d20_4738,11472.525440632033
000d7d20_4739,11472.288890972184
000d7d20_4740,11472.072293489076
000d7d20_4741,11471.87010884332
000d7d20_4742,11471.689071400448
000d7d20_4743,11471.529531993125
000d7d20_4744,11471.389007821319
000d7d20_4745,11471.269946361863
000d7d20_4746,11471.172548182976
000d7d20_4747,11471.097026096866
000d7d20_4748,11471.043609862187
000d7d20_4749,11471.015214405315
000d7d20_4750,11471.009836065421
000d7d20_4751,11471.06302301625
000d7d20_4752,11471.142200544738
000d7d20_4753,11471.247383739257
000d7d20_4754,11471.514388134528
000d7d20_4755,11471.783951647569
000d7d20_4756,11471.760978603194
000d7d20_4757,11471.740309743791
000d7d20_4758,11471.721401536655
000d7d20_4759,11471.703727125758
000d7d20_4760,11471.686006303642
000d7d20_4761,11471.667691090568
000d7d20_4762,11471.807994973997
000d7d20_4763,11471.970860038271
000d7d20_4764,11472.156781891312
000d7d20_4765,11472.205469452862
000d7d20_4766,11472.346587121776
000d7d20_4767,11472.502920394478
000d7d20_4768,11472.674205669538
000d7d20_4769,11472.756473696918
000d7d20_4770,11472.834837756973
000d7d20_4771,11472.908509062023
000d7d20_4772,11472.97665727526
000d7d20_4773,11473.038484700737
000d7d20_4774,11473.09320447073
000d7d20_4775,11473.14024937482
000d7d20_4776,11473.17832630097
000d7d20_4777,11473.207122941152
000d7d20_4778,11473.225587680854
000d7d20_4779,11473.344884328177
000d7d20_4780,11473.357790058417
000d7d20_4781,11473.358748419234
000d7d20_4782,11473.346471273373
000d7d20_4783,11473.320645097881
000d7d20_4784,11473.280469457652
000d7d20_4785,11473.224648392083
000d7d20_4786,11473.152869643827
000d7d20_4787,11473.06433342282
000d7d20_4788,11472.957734967003
000d7d20_4789,11472.832753183564
000d7d20_4790,11472.824407917828
000d7d20_4791,11472.636553961249
000d7d20_4792,11472.42842043214
000d7d20_4793,11472.199468493924
000d7d20_4794,11472.108931663546
000d7d20_4795,11472.0209560282
000d7d20_4796,11471.990907281426
000d7d20_4797,11471.950910551064
000d7d20_4798,11471.904218340731
000d7d20_4799,11471.848914708917
000d7d20_4800,11471.78574422924
000d7d20_4801,11471.715456184418
000d7d20_4802,11471.638562707705
000d7d20_4803,11471.555985278497
000d7d20_4804,11471.46841204051
000d7d20_4805,11471.376499619273
000d7d20_4806,11471.28091071633
000d7d20_4807,11471.182275388872
000d7d20_4808,11471.083467805278
000d7d20_4809,11470.982270897988
000d7d20_4810,11470.8772354417
000d7d20_4811,11470.771603480902
000d7d20_4812,11470.666198461457
000d7d20_4813,11470.561354587306
000d7d20_4814,11470.45757245642
000d7d20_4815,11470.195329175609
000d7d20_4816,11469.91016386762
000d7d20_4817,11469.76180158674
000d7d20_4818,11469.617412514248
000d7d20_4819,11469.475354459471
000d7d20_4820,11469.337811380106
000d7d20_4821,11469.205017938284
000d7d20_4822,11469.07674093362
000d7d20_4823,11468.95297281999
000d7d20_4824,11468.833930940797
000d7d20_4825,11468.719394557127
000d7d20_4826,11468.745171293953
000d7d20_4827,11468.752259091285
000d7d20_4828,11468.741208574907
000d7d20_4829,11468.577217338614
000d7d20_4830,11468.42012298794
000d7d20_4831,11468.405993229972
000d7d20_4832,11468.375337008967
000d7d20_4833,11468.328934143872
000d7d20_4834,11468.26782190406
000d7d20_4835,11468.192566042524
000d7d20_4836,11468.103947743153
000d7d20_4837,11468.003014962824
000d7d20_4838,11467.89034150328
000d7d20_4839,11467.76668031983
000d7d20_4840,11467.633330064291
000d7d20_4841,11467.490576511405
000d7d20_4842,11467.339205039772
000d7d20_4843,11467.180252018292
000d7d20_4844,11467.014311800924
000d7d20_4845,11466.842156248793
000d7d20_4846,11466.664838933102
000d7d20_4847,11466.39185311223
000d7d20_4848,11466.130527559182
000d7d20_4849,11465.879000192324
000d7d20_4850,11465.637753517278
000d7d20_4851,11465.247452718353
000d7d20_4852,11465.003846010442
000d7d20_4853,11464.772226165474
000d7d20_4854,11464.552805735508
000d7d20_4855,11464.346223993318
000d7d20_4856,11464.15309694783
000d7d20_4857,11463.90865299578
000d7d20_4858,11463.671945718435
000d7d20_4859,11463.440863683343
000d7d20_4860,11463.218388047797
000d7d20_4861,11463.005442784452
000d7d20_4862,11462.802544622093
000d7d20_4863,11462.610651073759
000d7d20_4864,11462.430304788975
000d7d20_4865,11462.263172886505
000d7d20_4866,11462.247601919757
000d7d20_4867,11462.224349586953
000d7d20_4868,11462.194499279374
000d7d20_4869,11462.156498875278
000d7d20_4870,11462.113933372957
000d7d20_4871,11462.07040694553
000d7d20_4872,11462.024819417773
000d7d20_4873,11461.978319381127
000d7d20_4874,11461.932101835222
000d7d20_4875,11461.887385867856
000d7d20_4876,11461.845379057235
000d7d20_4877,11461.807292213149
000d7d20_4878,11461.774382529142
000d7d20_4879,11461.745249888685
000d7d20_4880,11461.722493964931
000d7d20_4881,11461.705024426112
000d7d20_4882,11461.693671798037
000d7d20_4883,11461.689004643367
000d7d20_4884,11461.69208884024
000d7d20_4885,11461.703720920259
000d7d20_4886,11461.724708917967
000d7d20_4887,11461.595807578495
000d7d20_4888,11461.452627260704
000d7d20_4889,11461.295424131245
000d7d20_4890,11461.284275929997
000d7d20_4891,11461.28391446769
000d7d20_4892,11460.999527331027
000d7d20_4893,11460.726184697436
000d7d20_4894,11460.462880907155
000d7d20_4895,11460.209107694325
000d7d20_4896,11459.963837031917
000d7d20_4897,11459.726527428847
000d7d20_4898,11459.49617607227
000d7d20_4899,11459.272254750444
000d7d20_4900,11459.053754135899
000d7d20_4901,11458.839848636868
000d7d20_4902,11458.629763378825
000d7d20_4903,11458.422966245278
000d7d20_4904,11458.218442986481
000d7d20_4905,11458.01563637344
000d7d20_4906,11457.94936849502
000d7d20_4907,11457.858572268768
000d7d20_4908,11457.849391361253
000d7d20_4909,11457.831802099525
000d7d20_4910,11457.80971155155
000d7d20_4911,11457.7845883369
000d7d20_4912,11457.758076778415
000d7d20_4913,11457.612392856454
000d7d20_4914,11457.490938955958
000d7d20_4915,11457.394222774428
000d7d20_4916,11457.322577435472
000d7d20_4917,11457.276581040767
000d7d20_4918,11457.256090029128
000d7d20_4919,11457.261663738123
000d7d20_4920,11457.293693585449
000d7d20_4921,11457.352597811943
000d7d20_4922,11457.438545821971
000d7d20_4923,11457.552167575963
000d7d20_4924,11457.693899478061
000d7d20_4925,11457.864196492103
000d7d20_4926,11458.062404527242
000d7d20_4927,11458.126518514151
000d7d20_4928,11458.191804023712
000d7d20_4929,11458.25747396393
000d7d20_4930,11458.32250446896
000d7d20_4931,11458.386367249394
000d7d20_4932,11458.448269951508
000d7d20_4933,11458.507407051102
000d7d20_4934,11458.56297993872
000d7d20_4935,11458.614194746318
000d7d20_4936,11458.660015628851
000d7d20_4937,11458.699902674032
000d7d20_4938,11458.733056105677
000d7d20_4939,11458.784895148532
000d7d20_4940,11458.93323499535
000d7d20_4941,11459.049179638685
000d7d20_4942,11458.996659854527
000d7d20_4943,11458.935166671174
000d7d20_4944,11458.863921979697
000d7d20_4945,11458.782146348305
000d7d20_4946,11458.824859243472
000d7d20_4947,11458.831758265333
000d7d20_4948,11458.803078979057
000d7d20_4949,11458.60298337597
000d7d20_4950,11458.413638868007
000d7d20_4951,11458.20460059538
000d7d20_4952,11458.003080167267
000d7d20_4953,11457.894671175634
000d7d20_4954,11457.796231079326
000d7d20_4955,11457.70824211482
000d7d20_4956,11457.630203082514
000d7d20_4957,11457.562360983726
000d7d20_4958,11457.504743407466
000d7d20_4959,11457.457327803639
000d7d20_4960,11457.420104926201
000d7d20_4961,11457.393056162455
000d7d20_4962,11457.375971991922
000d7d20_4963,11457.369316418786
000d7d20_4964,11457.37257640648
000d7d20_4965,11457.386234266127
000d7d20_4966,11457.409782455816
000d7d20_4967,11457.283646822454
000d7d20_4968,11457.144094969053
000d7d20_4969,11456.991892378463
000d7d20_4970,11456.82717183824
000d7d20_4971,11456.649372720174
000d7d20_4972,11456.458472684602
000d7d20_4973,11456.253973827852
000d7d20_4974,11456.175823462218
000d7d20_4975,11456.102634266725
000d7d20_4976,11456.034345335302
000d7d20_4977,11455.970721596239
000d7d20_4978,11455.911730628926
000d7d20_4979,11455.857593933035
000d7d20_4980,11455.808274977579
000d7d20_4981,11455.763499194467
000d7d20_4982,11455.723520495883
000d7d20_4983,11455.82415219337
000d7d20_4984,11455.906105693353
000d7d20_4985,11455.970145030156
000d7d20_4986,11456.016802428087
000d7d20_4987,11456.047130738152
000d7d20_4988,11456.061858311201
000d7d20_4989,11456.061765576687
000d7d20_4990,11456.04762134698
000d7d20_4991,11456.0204665262
000d7d20_4992,11455.980824925558
000d7d20_4993,11455.929461216441
000d7d20_4994,11455.867140007169
000d7d20_4995,11455.79462859632
000d7d20_4996,11455.712693862059
000d7d20_4997,11455.486535582591
000d7d20_4998,11455.275943637056
000d7d20_4999,11455.080900486979
000d7d20_5000,11454.870467728282
000d7d20_5001,11454.541807726282
000d7d20_5002,11454.339316201162
000d7d20_5003,11454.26346186594
000d7d20_5004,11454.178686512783
000d7d20_5005,11454.086032424111
000d7d20_5006,11453.986038288976
000d7d20_5007,11453.719448049324
000d7d20_5008,11453.42255454294
000d7d20_5009,11453.09483832691
000d7d20_5010,11452.896607595087
000d7d20_5011,11452.665611309327
000d7d20_5012,11452.428877517214
000d7d20_5013,11452.15527730919
000d7d20_5014,11451.922654780641
000d7d20_5015,11451.687352364226
000d7d20_5016,11451.449652813755
000d7d20_5017,11451.210610339509
000d7d20_5018,11450.969370109913
000d7d20_5019,11450.725862332944
000d7d20_5020,11450.4817524541
000d7d20_5021,11450.237814720813
000d7d20_5022,11449.995526563405
000d7d20_5023,11449.756270466116
000d7d20_5024,11449.520778553157
000d7d20_5025,11449.290640860294
000d7d20_5026,11449.066565002187
000d7d20_5027,11448.850144153837
000d7d20_5028,11448.644481550575
000d7d20_5029,11448.447801179866
000d7d20_5030,11448.156928078308
000d7d20_5031,11447.897882972502
000d7d20_5032,11447.671177276632
000d7d20_5033,11447.476545483947
000d7d20_5034,11447.313732342333
000d7d20_5035,11447.183242372525
000d7d20_5036,11447.084816419127
000d7d20_5037,11447.018225263879
000d7d20_5038,11446.983962752794
000d7d20_5039,11446.981780822427
000d7d20_5040,11447.011658958369
000d7d20_5041,11447.20917657854
000d7d20_5042,11447.415619528168
000d7d20_5043,11447.631503594084
000d7d20_5044,11447.697591052281
000d7d20_5045,11447.74968719755
000d7d20_5046,11447.787778856864
000d7d20_5047,11447.811906127308
000d7d20_5048,11447.822086935612
000d7d20_5049,11447.741785656275
000d7d20_5050,11447.658087397343
000d7d20_5051,11447.652818797655
000d7d20_5052,11447.632673865592
000d7d20_5053,11447.597649011454
000d7d20_5054,11447.547741874485
000d7d20_5055,11447.392821530018
000d7d20_5056,11447.328704200088
000d7d20_5057,11447.24917539415
000d7d20_5058,11447.314062104911
000d7d20_5059,11447.388596075865
000d7d20_5060,11447.473569563335
000d7d20_5061,11447.569787691158
000d7d20_5062,11447.598922078041
000d7d20_5063,11447.491858441894
000d7d20_5064,11447.384184745519
000d7d20_5065,11447.276101021575
000d7d20_5066,11447.257271554194
000d7d20_5067,11447.224911206873
000d7d20_5068,11447.17930496848
000d7d20_5069,11447.12018760359
000d7d20_5070,11447.047804909786
000d7d20_5071,11446.962157988417
000d7d20_5072,11446.86328527952
000d7d20_5073,11446.750931400973
000d7d20_5074,11446.62535083363
000d7d20_5075,11446.4865534949
000d7d20_5076,11446.33406633926
000d7d20_5077,11446.168407493564
000d7d20_5078,11445.989591503594
000d7d20_5079,11445.799636184887
000d7d20_5080,11445.599941969846
000d7d20_5081,11445.38840945807
000d7d20_5082,11445.165922175476
000d7d20_5083,11444.933279377246
000d7d20_5084,11444.691475710688
000d7d20_5085,11444.441672475108
000d7d20_5086,11444.184660277446
000d7d20_5087,11443.921590780665
000d7d20_5088,11443.653237805913
000d7d20_5089,11443.377888849227
000d7d20_5090,11443.098786662798
000d7d20_5091,11442.940292764484
000d7d20_5092,11442.796394338531
000d7d20_5093,11442.670192859332
000d7d20_5094,11442.560091952068
000d7d20_5095,11442.46740459466
000d7d20_5096,11442.296490357347
000d7d20_5097,11442.257721467658
000d7d20_5098,11442.238942989725
000d7d20_5099,11442.240914346277
000d7d20_5100,11442.264617193276
000d7d20_5101,11442.311006017204
000d7d20_5102,11442.22107266062
000d7d20_5103,11442.133029262226
000d7d20_5104,11441.966874560549
000d7d20_5105,11441.888782872516
000d7d20_5106,11441.740259065697
000d7d20_5107,11441.605802447737
000d7d20_5108,11441.485134377504
000d7d20_5109,11441.377223923804
000d7d20_5110,11441.371467676767
000d7d20_5111,11441.394070492213
000d7d20_5112,11441.348511282406
000d7d20_5113,11441.313447107545
000d7d20_5114,11441.423903077262
000d7d20_5115,11441.51981693901
000d7d20_5116,11441.707378598618
000d7d20_5117,11441.654713132488
000d7d20_5118,11441.611460888782
000d7d20_5119,11441.577081561532
000d7d20_5120,11441.550536725677
000d7d20_5121,11441.53103217173
000d7d20_5122,11441.517523993127
000d7d20_5123,11441.602712829284
000d7d20_5124,11441.710234850503
000d7d20_5125,11441.976044178986
000d7d20_5126,11442.24106807735
000d7d20_5127,11442.40036530888
000d7d20_5128,11442.541507086004
000d7d20_5129,11442.66424772135
000d7d20_5130,11442.768579481297
000d7d20_5131,11442.8542575046
000d7d20_5132,11442.921556921649
000d7d20_5133,11442.970442720145
000d7d20_5134,11443.000905611838
000d7d20_5135,11443.012704508328
000d7d20_5136,11443.006084738632
000d7d20_5137,11442.98130313471
000d7d20_5138,11442.93811838992
000d7d20_5139,11442.876510198692
000d7d20_5140,11442.796243370027
000d7d20_5141,11442.697562861043
000d7d20_5142,11442.583289835251
000d7d20_5143,11442.453895258845
000d7d20_5144,11442.17452081638
000d7d20_5145,11441.9047244407
000d7d20_5146,11441.644226577771
000d7d20_5147,11441.392541921226
000d7d20_5148,11441.149685765016
000d7d20_5149,11440.915418954177
000d7d20_5150,11440.689526960836
000d7d20_5151,11440.472014675044
000d7d20_5152,11440.398123165278
000d7d20_5153,11440.308690470853
000d7d20_5154,11440.201689562324
000d7d20_5155,11439.944186088509
000d7d20_5156,11439.695862044126
000d7d20_5157,11439.57049686393
000d7d20_5158,11439.35866740854
000d7d20_5159,11439.156530101354
000d7d20_5160,11438.963794517145
000d7d20_5161,11438.780668229423
000d7d20_5162,11438.60709583203
000d7d20_5163,11438.443262187637
000d7d20_5164,11438.286295070953
000d7d20_5165,11438.22951972591
000d7d20_5166,11438.107528717423
000d7d20_5167,11438.078005101712
000d7d20_5168,11438.068600615221
000d7d20_5169,11438.144550275627
000d7d20_5170,11438.228528559312
000d7d20_5171,11438.318906955532
000d7d20_5172,11438.416500835545
000d7d20_5173,11438.522383127736
000d7d20_5174,11438.63710790142
000d7d20_5175,11438.603479523374
000d7d20_5176,11438.638996391335
000d7d20_5177,11438.647582881798
000d7d20_5178,11438.789553419057
000d7d20_5179,11438.929621601086
000d7d20_5180,11439.068337591096
000d7d20_5181,11439.070911935958
000d7d20_5182,11439.097370260573
000d7d20_5183,11439.147960435794
000d7d20_5184,11439.35827073794
000d7d20_5185,11439.569033768537
000d7d20_5186,11439.620777466045
000d7d20_5187,11439.649561477014
000d7d20_5188,11439.655627962002
000d7d20_5189,11439.638724911745
000d7d20_5190,11439.598851365923
000d7d20_5191,11439.535989952541
000d7d20_5192,11439.450169836604
000d7d20_5193,11439.341408519997
000d7d20_5194,11439.209688382478
000d7d20_5195,11439.054986411275
000d7d20_5196,11438.877557754298
000d7d20_5197,11438.677165691022
000d7d20_5198,11438.453782929893
000d7d20_5199,11438.207158713949
000d7d20_5200,11437.93755875458
000d7d20_5201,11437.645232328421
000d7d20_5202,11437.32993686952
000d7d20_5203,11436.991650754562
000d7d20_5204,11436.630635863738
000d7d20_5205,11436.406683542413
000d7d20_5206,11436.184507071219
000d7d20_5207,11435.96516749055
000d7d20_5208,11435.749703214284
000d7d20_5209,11435.538672315322
000d7d20_5210,11435.332853839936
000d7d20_5211,11435.133026741449
000d7d20_5212,11434.939969880234
000d7d20_5213,11434.594670522893
000d7d20_5214,11434.232509570338
000d7d20_5215,11433.853733100885
000d7d20_5216,11433.618376312274
000d7d20_5217,11433.391647556438
000d7d20_5218,11433.174112427647
000d7d20_5219,11432.966545032135
000d7d20_5220,11432.769722049567
000d7d20_5221,11432.584698925666
000d7d20_5222,11432.377171365875
000d7d20_5223,11432.18843075184
000d7d20_5224,11432.01893013791
000d7d20_5225,11431.869514356555
000d7d20_5226,11431.741102209051
000d7d20_5227,11431.634096335003
000d7d20_5228,11431.549122285534
000d7d20_5229,11431.486814948008
000d7d20_5230,11431.370639961415
000d7d20_5231,11431.266970944956
000d7d20_5232,11431.178607629028
000d7d20_5233,11431.10627517039
000d7d20_5234,11431.050711882826
000d7d20_5235,11431.012658254736
000d7d20_5236,11430.990261671153
000d7d20_5237,11430.887443874046
000d7d20_5238,11430.785546332523
000d7d20_5239,11430.684370422865
000d7d20_5240,11430.58372025825
000d7d20_5241,11430.483685987341
000d7d20_5242,11430.543901862136
000d7d20_5243,11430.629132831362
000d7d20_5244,11430.739984584196
000d7d20_5245,11430.716999921135
000d7d20_5246,11430.695825260571
000d7d20_5247,11430.6765210489
000d7d20_5248,11430.6690516242
000d7d20_5249,11430.662644697828
000d7d20_5250,11430.657005949835
000d7d20_5251,11430.651841060482
000d7d20_5252,11430.646855710027
000d7d20_5253,11430.64175557873
000d7d20_5254,11430.63624634685
000d7d20_5255,11430.630033694648
000d7d20_5256,11430.62282330238
000d7d20_5257,11430.614320850307
000d7d20_5258,11430.604232018688
000d7d20_5259,11430.592262487782
000d7d20_5260,11430.57811793785
000d7d20_5261,11430.561504049148
000d7d20_5262,11430.54212650194
000d7d20_5263,11430.51969097648
000d7d20_5264,11430.493903153028
000d7d20_5265,11430.464468711847
000d7d20_5266,11430.431093333194
000d7d20_5267,11430.393482697327
000d7d20_5268,11430.351342484508
000d7d20_5269,11430.304378374993
000d7d20_5270,11430.252296049044
000d7d20_5271,11430.194801186919
000d7d20_5272,11430.131599468876
000d7d20_5273,11430.062396575177
000d7d20_5274,11429.98689818608
000d7d20_5275,11429.904809981843
000d7d20_5276,11429.815837642727
000d7d20_5277,11429.71968684899
00bbac68_1545,12343.21915364114
00bbac68_1546,12343.026448348774
00bbac68_1547,12342.84635566278
00bbac68_1548,12342.678420059367
00bbac68_1549,12342.522186014752
00bbac68_1550,12342.377198005148
00bbac68_1551,12342.243000506769
00bbac68_1552,12342.119137995829
00bbac68_1553,12342.005154948543
00bbac68_1554,12341.900595841124
00bbac68_1555,12341.805005149783
00bbac68_1556,12341.717927350739
00bbac68_1557,12341.638906920203
00bbac68_1558,12341.567488334389
00bbac68_1559,12341.503216069512
00bbac68_1560,12341.445634601783
00bbac68_1561,12341.394288407419
00bbac68_1562,12341.348721962633
00bbac68_1563,12341.308479743639
00bbac68_1564,12341.27310622665
00bbac68_1565,12341.242145887882
00bbac68_1566,12341.215143203546
00bbac68_1567,12341.191642649857
00bbac68_1568,12341.17118870303
00bbac68_1569,12341.15332583928
00bbac68_1570,12341.137598534817
00bbac68_1571,12341.123551265857
00bbac68_1572,12341.110728508613
00bbac68_1573,12341.0986747393
00bbac68_1574,12341.086934434132
00bbac68_1575,12341.075052069542
00bbac68_1576,12341.025118612157
00bbac68_1577,12340.973501314144
00bbac68_1578,12340.948530211948
00bbac68_1579,12340.9201453297
00bbac68_1580,12340.88832784969
00bbac68_1581,12340.853070475045
00bbac68_1582,12340.814378731255
00bbac68_1583,12340.772233045373
00bbac68_1584,12340.726634457618
00bbac68_1585,12340.677547991725
00bbac68_1586,12340.624985018701
00bbac68_1587,12340.568930686908
00bbac68_1588,12340.509356509927
00bbac68_1589,12340.446247168798
00bbac68_1590,12340.37959537558
00bbac68_1591,12340.309636464754
00bbac68_1592,12340.23612434309
00bbac68_1593,12340.159036404131
00bbac68_1594,12340.078377176927
00bbac68_1595,12339.994110766547
00bbac68_1596,12339.906478553203
00bbac68_1597,12339.81519138057
00bbac68_1598,12339.720258130272
00bbac68_1599,12339.621929524672
00bbac68_1600,12339.519926974366
00bbac68_1601,12339.414461769307
00bbac68_1602,12339.305490465604
00bbac68_1603,12339.19277074674
00bbac68_1604,12339.076538603933
00bbac68_1605,12338.956538719865
00bbac68_1606,12338.832726432633
00bbac68_1607,12338.705348989992
00bbac68_1608,12338.574399959427
00bbac68_1609,12338.383476932862
00bbac68_1610,12338.198328395774
00bbac68_1611,12338.01841817787
00bbac68_1612,12337.841639613654
00bbac68_1613,12337.66760931983
00bbac68_1614,12337.498932008326
00bbac68_1615,12337.397918614794
00bbac68_1616,12337.403765271396
00bbac68_1617,12337.424493373164
00bbac68_1618,12337.46116258456
00bbac68_1619,12337.455221370577
00bbac68_1620,12337.473933410825
00bbac68_1621,12337.393250037976
00bbac68_1622,12337.314095097883
00bbac68_1623,12337.310609702568
00bbac68_1624,12337.302751285419
00bbac68_1625,12337.290786960119
00bbac68_1626,12337.206526305043
00bbac68_1627,12337.12933383004
00bbac68_1628,12337.059043829848
00bbac68_1629,12336.998285805266
00bbac68_1630,12336.947380022755
00bbac68_1631,12336.885878529698
00bbac68_1632,12336.825220328468
00bbac68_1633,12336.785568805068
00bbac68_1634,12336.75505817734
00bbac68_1635,12336.736792640051
00bbac68_1636,12336.733289764923
00bbac68_1637,12336.742350763861
00bbac68_1638,12336.764445836307
00bbac68_1639,12336.766894140812
00bbac68_1640,12336.775050058932
00bbac68_1641,12336.90052397114
00bbac68_1642,12337.014633392664
00bbac68_1643,12337.000621457311
00bbac68_1644,12336.992832644793
00bbac68_1645,12336.991025635833
00bbac68_1646,12336.995163591473
00bbac68_1647,12337.132136835728
00bbac68_1648,12337.25490483985
00bbac68_1649,12337.363491661637
00bbac68_1650,12337.456534232755
00bbac68_1651,12337.533066648675
00bbac68_1652,12337.593551035388
00bbac68_1653,12337.638590102924
00bbac68_1654,12337.668412296416
00bbac68_1655,12337.683400275313
00bbac68_1656,12337.684124703419
00bbac68_1657,12337.67074781839
00bbac68_1658,12337.643643058891
00bbac68_1659,12337.603327196462
00bbac68_1660,12337.549903889407
00bbac68_1661,12337.483715207589
00bbac68_1662,12337.40497393285
00bbac68_1663,12337.313970303712
00bbac68_1664,12337.211155911918
00bbac68_1665,12337.096574805317
00bbac68_1666,12336.970469441287
00bbac68_1667,12336.8332578068
00bbac68_1668,12336.684927981616
00bbac68_1669,12336.440985471556
00bbac68_1670,12336.351959908783
00bbac68_1671,12336.262739935468
00bbac68_1672,12336.171380697431
00bbac68_1673,12336.083699318255
00bbac68_1674,12336.066797306017
00bbac68_1675,12336.044099122271
00bbac68_1676,12335.94223298181
00bbac68_1677,12335.823232099057
00bbac68_1678,12335.687374354064
00bbac68_1679,12335.534645850259
00bbac68_1680,12335.432093113663
00bbac68_1681,12335.325937985875
00bbac68_1682,12335.217240235968
00bbac68_1683,12335.110381289358
00bbac68_1684,12334.92013471165
00bbac68_1685,12334.714396205822
00bbac68_1686,12334.492881523292
00bbac68_1687,12334.3358312722
00bbac68_1688,12334.175735097704
00bbac68_1689,12334.012985938178
00bbac68_1690,12333.847977000169
00bbac68_1691,12333.68083824086
00bbac68_1692,12333.536070800294
00bbac68_1693,12333.394263431563
00bbac68_1694,12333.25870266543
00bbac68_1695,12333.133254163766
00bbac68_1696,12333.016222867751
00bbac68_1697,12332.90614080379
00bbac68_1698,12332.806328362385
00bbac68_1699,12332.718048625266
00bbac68_1700,12332.641913004598
00bbac68_1701,12332.579423986012
00bbac68_1702,12332.399689698834
00bbac68_1703,12332.211972285928
00bbac68_1704,12332.154086468514
00bbac68_1705,12332.112728159818
00bbac68_1706,12332.089300447771
00bbac68_1707,12332.084530671644
00bbac68_1708,12331.949931515128
00bbac68_1709,12331.810292384915
00bbac68_1710,12331.665372333402
00bbac68_1711,12331.517059691745
00bbac68_1712,12331.367003305533
00bbac68_1713,12331.21545237099
00bbac68_1714,12331.062954099456
00bbac68_1715,12330.910187614256
00bbac68_1716,12330.757700430922
00bbac68_1717,12330.605810219082
00bbac68_1718,12330.455260789606
00bbac68_1719,12330.30640380266
00bbac68_1720,12330.159899189332
00bbac68_1721,12330.016527464566
00bbac68_1722,12329.876919010216
00bbac68_1723,12329.741508565832
00bbac68_1724,12329.611136460728
00bbac68_1725,12329.486283285747
00bbac68_1726,12329.232199569706
00bbac68_1727,12329.008611422605
00bbac68_1728,12328.8152223538
00bbac68_1729,12328.652182460039
00bbac68_1730,12328.619258034953
00bbac68_1731,12328.53246626381
00bbac68_1732,12328.47620957979
00bbac68_1733,12328.511683323562
00bbac68_1734,12328.565596938382
00bbac68_1735,12328.558530551834
00bbac68_1736,12328.556531860526
00bbac68_1737,12328.650283047331
00bbac68_1738,12328.7363334142
00bbac68_1739,12328.814656239128
00bbac68_1740,12328.749174969002
00bbac68_1741,12328.699376891196
00bbac68_1742,12328.664470501677
00bbac68_1743,12328.643701785197
00bbac68_1744,12328.636243017712
00bbac68_1745,12328.642142887718
00bbac68_1746,12328.658481158353
00bbac68_1747,12328.685755973573
00bbac68_1748,12328.7229246787
00bbac68_1749,12328.769449402162
00bbac68_1750,12328.824527456123
00bbac68_1751,12328.887348140537
00bbac68_1752,12328.957126513453
00bbac68_1753,12329.033068888615
00bbac68_1754,12329.11417005138
00bbac68_1755,12329.199895259397
00bbac68_1756,12329.289178995044
00bbac68_1757,12329.381473284864
00bbac68_1758,12329.475995044
00bbac68_1759,12329.619068832726
00bbac68_1760,12329.751726940167
00bbac68_1761,12329.867351286583
00bbac68_1762,12329.973577441617
00bbac68_1763,12330.07054494493
00bbac68_1764,12330.26744329929
00bbac68_1765,12330.438430275757
00bbac68_1766,12330.583785473931
00bbac68_1767,12330.703489834119
00bbac68_1768,12330.79753509287
00bbac68_1769,12330.865691800087
00bbac68_1770,12330.907956469058
00bbac68_1771,12330.92459862515
00bbac68_1772,12330.915380968368
00bbac68_1773,12330.766916330176
00bbac68_1774,12330.60971788511
00bbac68_1775,12330.44581637282
00bbac68_1776,12330.272145275936
00bbac68_1777,12330.08849784442
00bbac68_1778,12329.894659969214
00bbac68_1779,12329.690399912262
00bbac68_1780,12329.475740525224
00bbac68_1781,12329.250183350907
00bbac68_1782,12329.013485239853
00bbac68_1783,12328.903682698314
00bbac68_1784,12328.761202981386
00bbac68_1785,12328.585816611949
00bbac68_1786,12328.241705158753
00bbac68_1787,12328.047961125712
00bbac68_1788,12327.86896931557
00bbac68_1789,12327.70477098297
00bbac68_1790,12327.555407409513
00bbac68_1791,12327.420898026357
00bbac68_1792,12327.368900886395
00bbac68_1793,12327.320086497768
00bbac68_1794,12327.214667702236
00bbac68_1795,12327.101306576995
00bbac68_1796,12326.98393117628
00bbac68_1797,12326.861411420412
00bbac68_1798,12326.627940779385
00bbac68_1799,12326.444906874389
00bbac68_1800,12326.153114386178
00bbac68_1801,12325.999150793721
00bbac68_1802,12325.88175674178
00bbac68_1803,12325.728220745692
00bbac68_1804,12325.665887281832
00bbac68_1805,12325.596523343584
00bbac68_1806,12325.51988327189
00bbac68_1807,12325.439155975308
00bbac68_1808,12325.35377255869
00bbac68_1809,12325.26479795018
00bbac68_1810,12325.172818957395
00bbac68_1811,12325.078599085457
00bbac68_1812,12324.908392668329
00bbac68_1813,12324.747715995602
00bbac68_1814,12324.597403125823
00bbac68_1815,12324.424590246535
00bbac68_1816,12324.267379196082
00bbac68_1817,12324.11758705741
00bbac68_1818,12323.991898009554
00bbac68_1819,12323.890319168266
00bbac68_1820,12323.757342128289
00bbac68_1821,12323.643007260738
00bbac68_1822,12323.55556905134
00bbac68_1823,12323.48851354455
00bbac68_1824,12323.442156360778
00bbac68_1825,12323.288001459952
00bbac68_1826,12323.131878089074
00bbac68_1827,12322.973202213361
00bbac68_1828,12322.810677865295
00bbac68_1829,12322.717631053863
00bbac68_1830,12322.603916888678
00bbac68_1831,12322.469659916882
00bbac68_1832,12322.314945736372
00bbac68_1833,12322.13985640027
00bbac68_1834,12322.078085749969
00bbac68_1835,12322.098336960014
00bbac68_1836,12322.10996205178
00bbac68_1837,12322.116564131069
00bbac68_1838,12322.11933293458
00bbac68_1839,12322.119456340051
00bbac68_1840,12322.118178110279
00bbac68_1841,12322.116719887104
00bbac68_1842,12322.116344882836
00bbac68_1843,12322.118274987952
00bbac68_1844,12321.960827813118
00bbac68_1845,12321.779372880594
00bbac68_1846,12321.574128013355
00bbac68_1847,12321.505144343484
00bbac68_1848,12321.437386073305
00bbac68_1849,12321.371651659574
00bbac68_1850,12321.30873879415
00bbac68_1851,12321.249434185187
00bbac68_1852,12321.194559064672
00bbac68_1853,12321.064890364112
00bbac68_1854,12320.928731980764
00bbac68_1855,12320.776459852123
00bbac68_1856,12320.607173284852
00bbac68_1857,12320.449874716804
00bbac68_1858,12320.262709879245
00bbac68_1859,12320.076049966643
00bbac68_1860,12319.80481431617
00bbac68_1861,12319.609257712576
00bbac68_1862,12319.417378990109
00bbac68_1863,12319.192636390793
00bbac68_1864,12319.009435825263
00bbac68_1865,12318.732618362217
00bbac68_1866,12318.443816212904
00bbac68_1867,12318.052490031218
00bbac68_1868,12317.667751787945
00bbac68_1869,12317.289021496756
00bbac68_1870,12316.91551863947
00bbac68_1871,12316.546448594792
00bbac68_1872,12316.18080446228
00bbac68_1873,12315.905938505226
00bbac68_1874,12315.650071300319
00bbac68_1875,12315.413377230987
00bbac68_1876,12315.236013179634
00bbac68_1877,12315.087056733384
00bbac68_1878,12314.97790858763
00bbac68_1879,12314.894659229385
00bbac68_1880,12314.83732823582
00bbac68_1881,12314.805900643298
00bbac68_1882,12314.800160818852
00bbac68_1883,12314.82034828774
00bbac68_1884,12314.866469569579
00bbac68_1885,12314.938520211537
00bbac68_1886,12315.036270745999
00bbac68_1887,12315.159982599442
00bbac68_1888,12315.309397163111
00bbac68_1889,12315.484481696898
00bbac68_1890,12315.5984222282
00bbac68_1891,12315.727900192422
00bbac68_1892,12315.872725522411
00bbac68_1893,12316.03326203387
00bbac68_1894,12316.209587569898
00bbac68_1895,12316.401584043588
00bbac68_1896,12316.517478791484
00bbac68_1897,12316.631745016262
00bbac68_1898,12316.74384320067
00bbac68_1899,12316.8529552992
00bbac68_1900,12316.958086676248
00bbac68_1901,12317.058660364466
00bbac68_1902,12317.153668112263
00bbac68_1903,12317.242542116272
00bbac68_1904,12317.324285150615
00bbac68_1905,12317.398317668334
00bbac68_1906,12317.463603121914
00bbac68_1907,12317.519622411433
00bbac68_1908,12317.565324292827
00bbac68_1909,12317.600152216186
00bbac68_1910,12317.623091058033
00bbac68_1911,12317.633582930728
00bbac68_1912,12317.630587834905
00bbac68_1913,12317.61354656506
00bbac68_1914,12317.581441329265
00bbac68_1915,12317.53369767901
00bbac68_1916,12317.469284677803
00bbac68_1917,12317.402693891363
00bbac68_1918,12317.441062650554
00bbac68_1919,12317.469375228628
00bbac68_1920,12317.327947844784
00bbac68_1921,12317.176447835223
00bbac68_1922,12317.081806822605
00bbac68_1923,12316.962864633717
00bbac68_1924,12316.817507798582
00bbac68_1925,12316.646306590023
00bbac68_1926,12316.449597576435
00bbac68_1927,12316.230184539016
00bbac68_1928,12316.09576773326
00bbac68_1929,12316.041410857888
00bbac68_1930,12315.967625552375
00bbac68_1931,12315.875221879242
00bbac68_1932,12315.76497516284
00bbac68_1933,12315.638187386296
00bbac68_1934,12315.49516320115
00bbac68_1935,12315.336713169634
00bbac68_1936,12315.163610335505
00bbac68_1937,12314.976885308473
00bbac68_1938,12314.777065338045
00bbac68_1939,12314.56522352681
00bbac68_1940,12314.341914403329
00bbac68_1941,12314.10791882094
00bbac68_1942,12313.864277288973
00bbac68_1943,12313.611755780868
00bbac68_1944,12313.350940388129
00bbac68_1945,12313.082599231719
00bbac68_1946,12312.807531959339
00bbac68_1947,12312.39095992288
00bbac68_1948,12311.99270701027
00bbac68_1949,12311.612739999
00bbac68_1950,12311.25156558977
00bbac68_1951,12310.908657877817
00bbac68_1952,12310.584020015493
00bbac68_1953,12310.277908506177
00bbac68_1954,12309.990083464194
00bbac68_1955,12309.72054362973
00bbac68_1956,12309.469505383708
00bbac68_1957,12309.236777994363
00bbac68_1958,12309.022577919615
00bbac68_1959,12308.826686981985
00bbac68_1960,12308.649077883103
00bbac68_1961,12308.489985447275
00bbac68_1962,12308.349180321462
00bbac68_1963,12308.227134125169
00bbac68_1964,12308.123336839699
00bbac68_1965,12308.038033686513
00bbac68_1966,12307.970980059588
00bbac68_1967,12307.984555684838
00bbac68_1968,12308.005245214428
00bbac68_1969,12308.03149444577
00bbac68_1970,12308.061603200067
00bbac68_1971,12308.099269555361
00bbac68_1972,12308.145023261137
00bbac68_1973,12308.199876390885
00bbac68_1974,12308.264314447728
00bbac68_1975,12308.339294928866
00bbac68_1976,12308.425472153189
00bbac68_1977,12308.523574088498
00bbac68_1978,12308.634294676569
00bbac68_1979,12308.703737389782
00bbac68_1980,12308.746541320965
00bbac68_1981,12308.922486546235
00bbac68_1982,12309.096775074871
00bbac68_1983,12309.191240130947
00bbac68_1984,12309.276238191456
00bbac68_1985,12309.217031458506
00bbac68_1986,12309.173788528837
00bbac68_1987,12309.146448623693
00bbac68_1988,12309.135327953158
00bbac68_1989,12309.140821841847
00bbac68_1990,12309.059442933027
00bbac68_1991,12308.975514916438
00bbac68_1992,12308.888242201188
00bbac68_1993,12308.796861912944
00bbac68_1994,12308.70031183389
00bbac68_1995,12308.598031682004
00bbac68_1996,12308.48923500063
00bbac68_1997,12308.37313706166
00bbac68_1998,12308.248684456665
00bbac68_1999,12308.115315791643
00bbac68_2000,12307.972232842232
00bbac68_2001,12307.818670060396
00bbac68_2002,12307.654055721461
00bbac68_2003,12307.477059447472
00bbac68_2004,12307.287142065712
00bbac68_2005,12307.083493307726
00bbac68_2006,12306.865351303046
00bbac68_2007,12306.631928072951
00bbac68_2008,12306.542466450837
00bbac68_2009,12306.46113079445
00bbac68_2010,12306.387949474176
00bbac68_2011,12306.322639451208
00bbac68_2012,12306.265457856502
00bbac68_2013,12306.216387308634
00bbac68_2014,12306.175454850201
00bbac68_2015,12306.1428692688
00bbac68_2016,12306.118369832211
00bbac68_2017,12306.101988549279
00bbac68_2018,12306.093719523351
00bbac68_2019,12306.134616611185
00bbac68_2020,12306.171622364634
00bbac68_2021,12306.20812596861
00bbac68_2022,12306.247050705279
00bbac68_2023,12306.286403705493
00bbac68_2024,12306.326566580135
00bbac68_2025,12306.36841952929
00bbac68_2026,12306.412586527244
00bbac68_2027,12306.459680613598
00bbac68_2028,12306.55608588925
00bbac68_2029,12306.627801567154
00bbac68_2030,12306.67798483132
00bbac68_2031,12306.710231110013
00bbac68_2032,12306.723227458522
00bbac68_2033,12306.717958230189
00bbac68_2034,12306.69540544055
00bbac68_2035,12306.5207751527
00bbac68_2036,12306.354314968003
00bbac68_2037,12306.196057582538
00bbac68_2038,12306.046442028717
00bbac68_2039,12305.905733357777
00bbac68_2040,12305.649634463145
00bbac68_2041,12305.380674563126
00bbac68_2042,12305.127252764745
00bbac68_2043,12304.960399194328
00bbac68_2044,12304.75478546805
00bbac68_2045,12304.510441574723
00bbac68_2046,12304.387393942377
00bbac68_2047,12304.250623239395
00bbac68_2048,12304.100929330694
00bbac68_2049,12303.939112294142
00bbac68_2050,12303.765732916921
00bbac68_2051,12303.581780375918
00bbac68_2052,12303.255238380189
00bbac68_2053,12302.939981622849
00bbac68_2054,12302.774853492861
00bbac68_2055,12302.46492215906
00bbac68_2056,12302.170239832929
00bbac68_2057,12301.890810851459
00bbac68_2058,12301.744738748288
00bbac68_2059,12301.588644786345
00bbac68_2060,12301.316063719198
00bbac68_2061,12301.060076730868
00bbac68_2062,12300.820692928559
00bbac68_2063,12300.597651240598
00bbac68_2064,12300.391197901836
00bbac68_2065,12300.201541429056
00bbac68_2066,12300.028446491857
00bbac68_2067,12299.871908604184
00bbac68_2068,12299.731923049663
00bbac68_2069,12299.697195481682
00bbac68_2070,12299.711127357194
00bbac68_2071,12299.71869558722
00bbac68_2072,12299.72072672591
00bbac68_2073,12299.718011441242
00bbac68_2074,12299.71159252271
00bbac68_2075,12299.701973145551
00bbac68_2076,12299.689726376142
00bbac68_2077,12299.67586928741
00bbac68_2078,12299.661444687737
00bbac68_2079,12299.646977706681
00bbac68_2080,12299.584895707874
00bbac68_2081,12299.522869314402
00bbac68_2082,12299.459404419018
00bbac68_2083,12299.39293957046
00bbac68_2084,12299.327063780942
00bbac68_2085,12299.262602323219
00bbac68_2086,12299.200688512703
00bbac68_2087,12299.142664066174
00bbac68_2088,12298.953602794589
00bbac68_2089,12298.65369391318
00bbac68_2090,12298.358725408409
00bbac68_2091,12298.203481856186
00bbac68_2092,12298.02108529191
00bbac68_2093,12297.817096481485
00bbac68_2094,12297.591747740837
00bbac68_2095,12297.34563117597
00bbac68_2096,12297.238966003002
00bbac68_2097,12297.137117568102
00bbac68_2098,12297.04143426654
00bbac68_2099,12296.842654433569
00bbac68_2100,12296.67402075644
00bbac68_2101,12296.535275835877
00bbac68_2102,12296.426384704668
00bbac68_2103,12296.44844947795
00bbac68_2104,12296.346221705608
00bbac68_2105,12296.090457953092
00bbac68_2106,12295.840174628474
00bbac68_2107,12295.73065808923
00bbac68_2108,12295.465799652513
00bbac68_2109,12295.205076373708
00bbac68_2110,12294.947462978389
00bbac68_2111,12294.692413303053
00bbac68_2112,12294.438893214927
00bbac68_2113,12294.342866373001
00bbac68_2114,12294.274386583871
00bbac68_2115,12294.071127532277
00bbac68_2116,12294.027820379146
00bbac68_2117,12294.008884126675
00bbac68_2118,12294.01408121028
00bbac68_2119,12293.904520195903
00bbac68_2120,12293.803412954894
00bbac68_2121,12293.837991488872
00bbac68_2122,12293.895573363254
00bbac68_2123,12294.11174125073
00bbac68_2124,12294.32752469485
00bbac68_2125,12294.520620975964
00bbac68_2126,12294.741440915977
00bbac68_2127,12294.964087197433
00bbac68_2128,12295.18912944801
00bbac68_2129,12295.417596826514
00bbac68_2130,12295.545793006084
00bbac68_2131,12295.60663654099
00bbac68_2132,12295.647772841816
00bbac68_2133,12295.668944647701
00bbac68_2134,12295.552992002244
00bbac68_2135,12295.434616129025
00bbac68_2136,12295.313664703255
00bbac68_2137,12295.190079174987
00bbac68_2138,12295.061356164812
00bbac68_2139,12294.926740017057
00bbac68_2140,12294.792236031893
00bbac68_2141,12294.657061067413
00bbac68_2142,12294.520132800038
00bbac68_2143,12294.38068323835
00bbac68_2144,12294.238171653853
00bbac68_2145,12294.091540694773
00bbac68_2146,12293.939998060065
00bbac68_2147,12293.783006379012
00bbac68_2148,12293.665847236844
00bbac68_2149,12293.690968470433
00bbac68_2150,12293.723134445114
00bbac68_2151,12293.762984941142
00bbac68_2152,12293.651412168583
00bbac68_2153,12293.532057833696
00bbac68_2154,12293.401122705653
00bbac68_2155,12293.259198667085
00bbac68_2156,12293.106473130312
00bbac68_2157,12292.94334990785
00bbac68_2158,12292.77044320303
00bbac68_2159,12292.587955640498
00bbac68_2160,12292.526309681245
00bbac68_2161,12292.472763613776
00bbac68_2162,12292.42830679708
00bbac68_2163,12292.393223538917
00bbac68_2164,12292.208222950208
00bbac68_2165,12292.008672757003
00bbac68_2166,12291.956486606581
00bbac68_2167,12291.916629151876
00bbac68_2168,12291.728836847218
00bbac68_2169,12291.688406391628
00bbac68_2170,12291.659050516411
00bbac68_2171,12291.641264404636
00bbac68_2172,12291.713736381498
00bbac68_2173,12291.781455077982
00bbac68_2174,12291.84490785048
00bbac68_2175,12291.905448872312
00bbac68_2176,12291.963744320816
00bbac68_2177,12292.020916555402
00bbac68_2178,12292.07755113056
00bbac68_2179,12292.210328195173
00bbac68_2180,12292.333945948294
00bbac68_2181,12292.449159934888
00bbac68_2182,12292.557016461675
00bbac68_2183,12292.658063950625
00bbac68_2184,12292.59330724722
00bbac68_2185,12292.498091510024
00bbac68_2186,12292.399823923997
00bbac68_2187,12292.248669776009
00bbac68_2188,12292.067421002517
00bbac68_2189,12291.720502994707
00bbac68_2190,12291.3669197217
00bbac68_2191,12291.005630502099
00bbac68_2192,12290.772188664589
00bbac68_2193,12290.506300835492
00bbac68_2194,12290.072383952707
00bbac68_2195,12289.767824185708
00bbac68_2196,12289.478230193201
00bbac68_2197,12289.204195864057
00bbac68_2198,12288.945702055073
00bbac68_2199,12288.706086121267
00bbac68_2200,12288.486894325004
00bbac68_2201,12288.282536317742
00bbac68_2202,12288.092996391362
00bbac68_2203,12287.91825871686
00bbac68_2204,12287.758570207436
00bbac68_2205,12287.613690119008
00bbac68_2206,12287.483373569135
00bbac68_2207,12287.368138371925
00bbac68_2208,12287.26774366772
00bbac68_2209,12287.12759916707
00bbac68_2210,12286.99692496497
00bbac68_2211,12286.876136499834
00bbac68_2212,12286.765302007345
00bbac68_2213,12286.664655721728
00bbac68_2214,12286.574661623414
00bbac68_2215,12286.495447806314
00bbac68_2216,12286.427285625863
00bbac68_2217,12286.370483196995
00bbac68_2218,12286.325342541737
00bbac68_2219,12286.292310268736
00bbac68_2220,12286.27172113981
00bbac68_2221,12286.263957905103
00bbac68_2222,12286.358431875553
00bbac68_2223,12286.362433134507
00bbac68_2224,12286.381038878735
00bbac68_2225,12286.414670749135
00bbac68_2226,12286.463984562655
00bbac68_2227,12286.52668053607
00bbac68_2228,12286.602260180298
00bbac68_2229,12286.69070237295
00bbac68_2230,12286.792005856214
00bbac68_2231,12286.906402878469
00bbac68_2232,12287.033668987655
00bbac68_2233,12287.080782349094
00bbac68_2234,12287.129391254952
00bbac68_2235,12287.179745901043
00bbac68_2236,12287.231712636589
00bbac68_2237,12287.285353928242
00bbac68_2238,12287.340731837237
00bbac68_2239,12287.397958588903
00bbac68_2240,12287.368109784615
00bbac68_2241,12287.32323136976
00bbac68_2242,12287.26252423295
00bbac68_2243,12287.185187442497
00bbac68_2244,12287.09042192081
00bbac68_2245,12286.977414508194
00bbac68_2246,12286.845642754042
00bbac68_2247,12286.69410413443
00bbac68_2248,12286.521953678153
00bbac68_2249,12286.32842683908
00bbac68_2250,12286.27298287072
00bbac68_2251,12286.219507279016
00bbac68_2252,12286.173622693805
00bbac68_2253,12285.963821915111
00bbac68_2254,12285.730631730976
00bbac68_2255,12285.633728459548
00bbac68_2256,12285.537491899653
00bbac68_2257,12285.441667260298
00bbac68_2258,12285.346252400215
00bbac68_2259,12285.251512143743
00bbac68_2260,12285.157223398695
00bbac68_2261,12285.063621569467
00bbac68_2262,12284.970419159412
00bbac68_2263,12284.87762851663
00bbac68_2264,12284.78526387433
00bbac68_2265,12284.693528590047
00bbac68_2266,12284.602179438642
00bbac68_2267,12284.51146381364
00bbac68_2268,12284.421396768039
00bbac68_2269,12284.370122319202
00bbac68_2270,12284.30990500279
00bbac68_2271,12284.241633065798
00bbac68_2272,12284.163521184042
00bbac68_2273,12284.078867525634
00bbac68_2274,12283.988500756943
00bbac68_2275,12283.99696939455
00bbac68_2276,12283.876371430828
00bbac68_2277,12283.75284373989
00bbac68_2278,12283.62673500012
00bbac68_2279,12283.499049975948
00bbac68_2280,12283.369852444846
00bbac68_2281,12283.239689161284
00bbac68_2282,12283.110771616055
00bbac68_2283,12282.879611483451
00bbac68_2284,12282.739426666602
00bbac68_2285,12282.601109110496
00bbac68_2286,12282.464920412742
00bbac68_2287,12282.330613077831
00bbac68_2288,12282.198440167198
00bbac68_2289,12282.068141736376
00bbac68_2290,12281.939958373732
00bbac68_2291,12281.813631669109
00bbac68_2292,12281.689417504538
00bbac68_2293,12281.567079879322
00bbac68_2294,12281.446829062592
00bbac68_2295,12281.32867263504
00bbac68_2296,12281.212379244622
00bbac68_2297,12281.098194862217
00bbac68_2298,12280.985852465297
00bbac68_2299,12280.87561529427
00bbac68_2300,12280.7674694029
00bbac68_2301,12280.66116191257
00bbac68_2302,12280.556958709818
00bbac68_2303,12280.454619990687
00bbac68_2304,12280.354399138283
00bbac68_2305,12280.256283925139
00bbac68_2306,12280.160041319588
00bbac68_2307,12280.06592737171
00bbac68_2308,12279.97390914627
00bbac68_2309,12279.884027262244
00bbac68_2310,12279.79601320618
00bbac68_2311,12279.709872070589
00bbac68_2312,12279.625835187531
00bbac68_2313,12279.537367750292
00bbac68_2314,12279.4558968129
00bbac68_2315,12279.376868565652
00bbac68_2316,12279.299925464356
00bbac68_2317,12279.22481527667
00bbac68_2318,12279.15152473143
00bbac68_2319,12279.080307130933
00bbac68_2320,12279.011176158941
00bbac68_2321,12278.944134615747
00bbac68_2322,12278.878918061573
00bbac68_2323,12278.815517264204
00bbac68_2324,12278.754226666651
00bbac68_2325,12278.695026465057
00bbac68_2326,12278.773499891664
00bbac68_2327,12278.830618023554
00bbac68_2328,12278.867202364143
00bbac68_2329,12278.883778127762
00bbac68_2330,12278.836124962187
00bbac68_2331,12278.766414166548
00bbac68_2332,12278.675285512225
00bbac68_2333,12278.566937466609
00bbac68_2334,12278.304418557656
00bbac68_2335,12278.047896398317
00bbac68_2336,12277.675213536422
00bbac68_2337,12277.415649685903
00bbac68_2338,12277.1629906854
00bbac68_2339,12276.917852617797
00bbac68_2340,12276.68045818142
00bbac68_2341,12276.451467921699
00bbac68_2342,12276.231114506123
00bbac68_2343,12276.01814111661
00bbac68_2344,12275.811603601247
00bbac68_2345,12275.611220430334
00bbac68_2346,12275.417247641308
00bbac68_2347,12275.229442065944
00bbac68_2348,12275.048049318215
00bbac68_2349,12274.872823387954
00bbac68_2350,12274.70378522603
00bbac68_2351,12274.54094591664
00bbac68_2352,12274.384564160386
00bbac68_2353,12274.234406766063
00bbac68_2354,12274.090689420145
00bbac68_2355,12273.953208031882
00bbac68_2356,12273.821935710463
00bbac68_2357,12273.697119881057
00bbac68_2358,12273.578282889377
00bbac68_2359,12273.465952827082
00bbac68_2360,12273.359889496787
00bbac68_2361,12273.260088753932
00bbac68_2362,12273.166792230284
00bbac68_2363,12273.079761144501
00bbac68_2364,12272.999007495355
00bbac68_2365,12272.92457343306
00bbac68_2366,12272.939546058979
00bbac68_2367,12272.944004509394
00bbac68_2368,12272.938664670935
00bbac68_2369,12272.924473048077
00bbac68_2370,12272.902322384178
00bbac68_2371,12272.873208626841
00bbac68_2372,12272.837991332392
00bbac68_2373,12272.797550581732
00bbac68_2374,12272.753010676486
00bbac68_2375,12272.70497574621
00bbac68_2376,12272.654264891431
00bbac68_2377,12272.601512190851
00bbac68_2378,12272.547687071828
00bbac68_2379,12272.493848905147
00bbac68_2380,12272.440538509172
00bbac68_2381,12272.388485848078
00bbac68_2382,12272.33841594214
00bbac68_2383,12272.290843493009
00bbac68_2384,12272.246965982813
00bbac68_2385,12272.207210909908
00bbac68_2386,12272.17225665687
00bbac68_2387,12271.982694658423
00bbac68_2388,12271.774010210129
00bbac68_2389,12271.546221464905
00bbac68_2390,12271.299141908328
00bbac68_2391,12271.032564935354
00bbac68_2392,12270.746251178885
00bbac68_2393,12270.440030508793
00bbac68_2394,12270.113646455617
00bbac68_2395,12269.926844755075
00bbac68_2396,12269.744310915934
00bbac68_2397,12269.568382104073
00bbac68_2398,12269.399851024678
00bbac68_2399,12269.238995013107
00bbac68_2400,12269.085792428566
00bbac68_2401,12268.940238031964
00bbac68_2402,12268.802296079726
00bbac68_2403,12268.67200797972
00bbac68_2404,12268.54941090056
00bbac68_2405,12268.434469418215
00bbac68_2406,12268.327178293512
00bbac68_2407,12268.227527269257
00bbac68_2408,12268.135286754037
00bbac68_2409,12268.050698143485
00bbac68_2410,12267.973733832492
00bbac68_2411,12267.904658649193
00bbac68_2412,12267.843007022235
00bbac68_2413,12267.78904114244
00bbac68_2414,12267.742712540994
00bbac68_2415,12267.704053935553
00bbac68_2416,12267.672801839346
00bbac68_2417,12267.64920544204
00bbac68_2418,12267.633240500445
00bbac68_2419,12267.625177522345
00bbac68_2420,12267.624526659249
00bbac68_2421,12267.631562556642
00bbac68_2422,12267.646247154653
00bbac68_2423,12267.668584194598
00bbac68_2424,12267.698535272355
00bbac68_2425,12267.736151100986
00bbac68_2426,12267.781443259264
00bbac68_2427,12267.86532641544
00bbac68_2428,12267.919833498221
00bbac68_2429,12267.94601333434
00bbac68_2430,12267.945298983333
00bbac68_2431,12267.918939403511
00bbac68_2432,12267.854788156605
00bbac68_2433,12267.769817151417
00bbac68_2434,12267.664999320343
00bbac68_2435,12267.553016817768
00bbac68_2436,12267.42173903425
00bbac68_2437,12267.27240167552
00bbac68_2438,12267.106417143275
00bbac68_2439,12266.924658339454
00bbac68_2440,12266.72855601825
00bbac68_2441,12266.519309241974
00bbac68_2442,12266.300404894413
00bbac68_2443,12266.070407924964
00bbac68_2444,12265.826234559063
00bbac68_2445,12265.576326509094
00bbac68_2446,12265.319454441933
00bbac68_2447,12265.056808056946
00bbac68_2448,12264.720542033003
00bbac68_2449,12264.395824189181
00bbac68_2450,12264.082814102821
00bbac68_2451,12263.7818790952
00bbac68_2452,12263.49336022242
00bbac68_2453,12263.217677452314
00bbac68_2454,12262.955222729968
00bbac68_2455,12262.706481966845
00bbac68_2456,12262.519069946033
00bbac68_2457,12262.3353926666
00bbac68_2458,12262.154470420308
00bbac68_2459,12261.976418778617
00bbac68_2460,12261.801689395492
00bbac68_2461,12261.633244531884
00bbac68_2462,12261.469096983916
00bbac68_2463,12261.30992729859
00bbac68_2464,12261.156644416882
00bbac68_2465,12261.009646013837
00bbac68_2466,12260.869564771085
00bbac68_2467,12260.75512661986
00bbac68_2468,12260.645666661901
00bbac68_2469,12260.542137676539
00bbac68_2470,12260.44497611808
00bbac68_2471,12260.354834522575
00bbac68_2472,12260.272340839107
00bbac68_2473,12260.198387296363
00bbac68_2474,12260.133328425998
00bbac68_2475,12260.077770874024
00bbac68_2476,12260.03226276531
00bbac68_2477,12259.997631566981
00bbac68_2478,12260.102892127292
00bbac68_2479,12260.200409920659
00bbac68_2480,12260.290981856984
00bbac68_2481,12260.37566960543
00bbac68_2482,12260.455012721653
00bbac68_2483,12260.529816484719
00bbac68_2484,12260.600833099405
00bbac68_2485,12260.668895359498
00bbac68_2486,12260.73501995245
00bbac68_2487,12260.799780240697
00bbac68_2488,12260.576320053955
00bbac68_2489,12260.356015402815
00bbac68_2490,12260.138794150924
00bbac68_2491,12259.924280391293
00bbac68_2492,12259.712221822332
00bbac68_2493,12259.518654984415
00bbac68_2494,12259.329622002728
00bbac68_2495,12259.281086227144
00bbac68_2496,12259.064341132842
00bbac68_2497,12258.85066751459
00bbac68_2498,12258.639924965171
00bbac68_2499,12258.432031069706
00bbac68_2500,12258.246278474073
00bbac68_2501,12258.04081293642
00bbac68_2502,12257.838372997308
00bbac68_2503,12257.636023576115
00bbac68_2504,12257.435990106222
00bbac68_2505,12257.243604836649
00bbac68_2506,12257.05191727433
00bbac68_2507,12256.863052363628
00bbac68_2508,12256.677287513323
00bbac68_2509,12256.575837635024
00bbac68_2510,12256.486865361676
00bbac68_2511,12256.410388250926
00bbac68_2512,12256.482204470853
00bbac68_2513,12256.543112759302
00bbac68_2514,12256.594100066
00bbac68_2515,12256.635976653028
00bbac68_2516,12256.533484496636
00bbac68_2517,12256.391107861444
00bbac68_2518,12256.259173944727
00bbac68_2519,12256.137685415346
00bbac68_2520,12256.026879838548
00bbac68_2521,12255.927040068802
00bbac68_2522,12255.835758997033
00bbac68_2523,12255.75582861477
00bbac68_2524,12255.68728344241
00bbac68_2525,12255.630445350145
00bbac68_2526,12255.58565115563
00bbac68_2527,12255.553481192463
00bbac68_2528,12255.512688647097
00bbac68_2529,12255.48169559498
00bbac68_2530,12255.569377297552
00bbac68_2531,12255.646167916148
00bbac68_2532,12255.713281057524
00bbac68_2533,12255.744988335238
00bbac68_2534,12255.801742706408
00bbac68_2535,12255.853143419945
00bbac68_2536,12255.900436295267
00bbac68_2537,12255.94504939258
00bbac68_2538,12255.988421660335
00bbac68_2539,12255.880533299362
00bbac68_2540,12255.747343894222
00bbac68_2541,12255.58899478324
00bbac68_2542,12255.40568274469
00bbac68_2543,12255.197728049372
00bbac68_2544,12254.96504139792
00bbac68_2545,12254.70776335072
00bbac68_2546,12254.425976397173
00bbac68_2547,12254.119968306251
00bbac68_2548,12253.789577466612
00bbac68_2549,12253.594918018169
00bbac68_2550,12253.400986609378
00bbac68_2551,12253.208796622957
00bbac68_2552,12253.018922286157
00bbac68_2553,12252.827616752256
00bbac68_2554,12252.640882320935
00bbac68_2555,12252.45946269895
00bbac68_2556,12252.124019593606
00bbac68_2557,12251.930345378814
00bbac68_2558,12251.741183156462
00bbac68_2559,12251.559648965396
00bbac68_2560,12251.368267625323
00bbac68_2561,12251.168231098643
00bbac68_2562,12251.002145401495
00bbac68_2563,12250.85064028462
00bbac68_2564,12250.833193233106
00bbac68_2565,12250.807263642815
00bbac68_2566,12250.774037959542
00bbac68_2567,12250.734691497928
00bbac68_2568,12250.69055611557
00bbac68_2569,12250.642307726062
00bbac68_2570,12250.591274305356
00bbac68_2571,12250.50706333585
00bbac68_2572,12250.362384136477
00bbac68_2573,12250.077426533455
00bbac68_2574,12249.787453149576
00bbac68_2575,12249.491180792606
00bbac68_2576,12249.188050246561
00bbac68_2577,12249.03756265541
00bbac68_2578,12248.903629394772
00bbac68_2579,12248.78602967549
00bbac68_2580,12248.8210464314
00bbac68_2581,12248.849197215572
00bbac68_2582,12248.87128537256
00bbac68_2583,12248.752545691354
00bbac68_2584,12248.652490555818
00bbac68_2585,12248.571381200585
00bbac68_2586,12248.5094761546
00bbac68_2587,12248.466521835258
00bbac68_2588,12248.442273424214
00bbac68_2589,12248.437209239386
00bbac68_2590,12248.451073409839
00bbac68_2591,12248.355931264876
00bbac68_2592,12248.263019001168
00bbac68_2593,12248.172150402643
00bbac68_2594,12248.115247182192
00bbac68_2595,12248.033435380838
00bbac68_2596,12247.953363659546
00bbac68_2597,12247.875165616693
00bbac68_2598,12247.799036551449
00bbac68_2599,12247.724695039225
00bbac68_2600,12247.65194522757
00bbac68_2601,12247.58122078445
00bbac68_2602,12247.512300543189
00bbac68_2603,12247.445223198347
00bbac68_2604,12247.380084410874
00bbac68_2605,12247.316884933569
00bbac68_2606,12247.255958472408
00bbac68_2607,12247.197170587127
00bbac68_2608,12247.276246115678
00bbac68_2609,12247.33452484425
00bbac68_2610,12247.372707074526
00bbac68_2611,12247.39175116392
00bbac68_2612,12247.392665165142
00bbac68_2613,12247.376390211079
00bbac68_2614,12247.34952141034
00bbac68_2615,12247.308116923905
00bbac68_2616,12247.253443056508
00bbac68_2617,12247.186821365407
00bbac68_2618,12247.10911387487
00bbac68_2619,12247.024149892117
00bbac68_2620,12246.930726079629
00bbac68_2621,12246.851600017513
00bbac68_2622,12246.767453237055
00bbac68_2623,12246.678510420898
00bbac68_2624,12246.585303680704
00bbac68_2625,12246.348365976859
00bbac68_2626,12246.090055495242
00bbac68_2627,12245.811231179317
00bbac68_2628,12245.51250257655
00bbac68_2629,12245.194048007483
00bbac68_2630,12244.856964596951
00bbac68_2631,12244.501685114912
00bbac68_2632,12244.166291021253
00bbac68_2633,12243.897094112855
00bbac68_2634,12243.626597270697
00bbac68_2635,12243.355587569875
00bbac68_2636,12242.949236110764
00bbac68_2637,12242.567362394762
00bbac68_2638,12242.209963662794
00bbac68_2639,12241.87726075955
00bbac68_2640,12241.569032297712
00bbac68_2641,12241.125218795989
00bbac68_2642,12240.681068408416
00bbac68_2643,12240.235807210001
00bbac68_2644,12239.948406659021
00bbac68_2645,12239.683043050867
00bbac68_2646,12239.43995922271
00bbac68_2647,12239.218897361057
00bbac68_2648,12239.020072819085
00bbac68_2649,12238.843509455826
00bbac68_2650,12238.688932083303
00bbac68_2651,12238.556340726675
00bbac68_2652,12238.446007303608
00bbac68_2653,12238.3576636637
00bbac68_2654,12238.291554187834
00bbac68_2655,12238.247661529784
00bbac68_2656,12238.225736514747
00bbac68_2657,12238.36185519477
00bbac68_2658,12238.496738579455
00bbac68_2659,12238.630957090387
00bbac68_2660,12238.765537631078
00bbac68_2661,12238.901275492693
00bbac68_2662,12239.038707696012
00bbac68_2663,12239.178864484926
00bbac68_2664,12239.322543859
00bbac68_2665,12239.4702955734
00bbac68_2666,12239.623168313465
00bbac68_2667,12239.781691502558
00bbac68_2668,12239.946887619237
00bbac68_2669,12239.858357029741
00bbac68_2670,12239.767525009878
00bbac68_2671,12239.781493684592
00bbac68_2672,12239.777522676572
00bbac68_2673,12239.755378518495
00bbac68_2674,12239.71529622946
00bbac68_2675,12239.6570335725
00bbac68_2676,12239.580837854144
00bbac68_2677,12239.486962784695
00bbac68_2678,12239.23907111318
00bbac68_2679,12238.99667656371
00bbac68_2680,12238.758723032452
00bbac68_2681,12238.524920793352
00bbac68_2682,12238.29396481055
00bbac68_2683,12238.065328298653
00bbac68_2684,12237.837947577398
00bbac68_2685,12237.611539507228
00bbac68_2686,12237.384821276863
00bbac68_2687,12237.157250063148
00bbac68_2688,12236.928025989288
00bbac68_2689,12236.696088954128
00bbac68_2690,12236.461145022957
00bbac68_2691,12236.22188525438
00bbac68_2692,12235.977805521314
00bbac68_2693,12235.863923336501
00bbac68_2694,12235.719937226851
00bbac68_2695,12235.546346014917
00bbac68_2696,12235.342659671429
00bbac68_2697,12235.268940081078
00bbac68_2698,12235.190628870865
00bbac68_2699,12235.108055221832
00bbac68_2700,12235.022234364103
00bbac68_2701,12234.933970687294
00bbac68_2702,12234.844055742082
00bbac68_2703,12234.753279834642
00bbac68_2704,12234.662172950719
00bbac68_2705,12234.571764733495
00bbac68_2706,12234.482853250744
00bbac68_2707,12234.396283029519
00bbac68_2708,12234.312553813477
00bbac68_2709,12234.232737019247
00bbac68_2710,12234.157582691943
00bbac68_2711,12234.087658868617
00bbac68_2712,12234.024261997794
00bbac68_2713,12233.967713311727
00bbac68_2714,12233.9190586939
00bbac68_2715,12233.879074106466
00bbac68_2716,12233.84832138754
00bbac68_2717,12233.82783751235
00bbac68_2718,12233.65811874908
00bbac68_2719,12233.475272397018
00bbac68_2720,12233.143443914792
00bbac68_2721,12232.957476345118
00bbac68_2722,12232.757581414313
00bbac68_2723,12232.543509866224
00bbac68_2724,12232.31553067342
00bbac68_2725,12232.073646629271
00bbac68_2726,12231.817627011027
00bbac68_2727,12231.411873401632
00bbac68_2728,12231.015416195487
00bbac68_2729,12230.627722884077
00bbac68_2730,12230.367221971554
00bbac68_2731,12230.135572979669
00bbac68_2732,12229.807308489428
00bbac68_2733,12229.485590719676
00bbac68_2734,12229.169889804723
00bbac68_2735,12228.859399651205
00bbac68_2736,12228.553108995751
00bbac68_2737,12228.250490523074
00bbac68_2738,12227.950258359639
00bbac68_2739,12227.812156004198
00bbac68_2740,12227.700342384287
00bbac68_2741,12227.614602621916
00bbac68_2742,12227.554939054322
00bbac68_2743,12227.521365489083
00bbac68_2744,12227.514135781934
00bbac68_2745,12227.533265700138
00bbac68_2746,12227.578255636185
00bbac68_2747,12227.649591666792
00bbac68_2748,12227.747061530825
00bbac68_2749,12227.87067301809
00bbac68_2750,12228.02065508256
00bbac68_2751,12228.19651010577
00bbac68_2752,12228.39876786532
00bbac68_2753,12228.627175339005
00bbac68_2754,12228.721703450674
00bbac68_2755,12228.817625156522
00bbac68_2756,12228.913658611942
00bbac68_2757,12229.009512119239
00bbac68_2758,12229.104168834501
00bbac68_2759,12229.196854482492
00bbac68_2760,12229.29050267044
00bbac68_2761,12229.376209434513
00bbac68_2762,12229.45781090303
00bbac68_2763,12229.534060564987
00bbac68_2764,12229.604379163848
00bbac68_2765,12229.668193616282
00bbac68_2766,12229.724237683191
00bbac68_2767,12229.772216085814
00bbac68_2768,12229.810840354621
00bbac68_2769,12229.839839827882
00bbac68_2770,12229.858153989786
00bbac68_2771,12229.864740442217
00bbac68_2772,12229.859282192
00bbac68_2773,12229.840512950299
00bbac68_2774,12229.808139840869
00bbac68_2775,12229.761120444691
00bbac68_2776,12229.69837922206
00bbac68_2777,12229.61962334636
00bbac68_2778,12229.52359741784
00bbac68_2779,12229.40999792927
00bbac68_2780,12229.27777343144
00bbac68_2781,12229.42174374665
00bbac68_2782,12229.387284314502
00bbac68_2783,12229.30974253869
00bbac68_2784,12229.189616916201
00bbac68_2785,12228.890821350009
00bbac68_2786,12228.70818020042
00bbac68_2787,12228.346313996339
00bbac68_2788,12228.124034690367
00bbac68_2789,12227.906011823376
00bbac68_2790,12227.69198531621
00bbac68_2791,12227.481700428098
00bbac68_2792,12227.275667041247
00bbac68_2793,12227.073377066105
00bbac68_2794,12226.875331462255
00bbac68_2795,12226.68129495098
00bbac68_2796,12226.4909992972
00bbac68_2797,12226.304954346077
00bbac68_2798,12226.122665533148
00bbac68_2799,12225.944622364837
00bbac68_2800,12225.770589585823
00bbac68_2801,12225.60029900828
00bbac68_2802,12225.434249085532
00bbac68_2803,12225.271958692367
00bbac68_2804,12225.113924154255
00bbac68_2805,12224.959649232544
00bbac68_2806,12224.80937996353
00bbac68_2807,12224.663121575599
00bbac68_2808,12224.652154142934
00bbac68_2809,12224.619993362523
00bbac68_2810,12224.56744405573
00bbac68_2811,12224.495744004105
00bbac68_2812,12224.406387306013
00bbac68_2813,12224.318602464884
00bbac68_2814,12224.21520905174
00bbac68_2815,12223.96095622304
00bbac68_2816,12223.715869327623
00bbac68_2817,12223.480238906568
00bbac68_2818,12223.25382950969
00bbac68_2819,12223.036894894454
00bbac68_2820,12222.829229591365
00bbac68_2821,12222.626450466447
00bbac68_2822,12222.436716358106
00bbac68_2823,12222.256303447663
00bbac68_2824,12222.085223189035
00bbac68_2825,12221.923527634559
00bbac68_2826,12221.77119872571
00bbac68_2827,12221.628267920327
00bbac68_2828,12221.494541820266
00bbac68_2829,12221.370547466553
00bbac68_2830,12221.255808696158
00bbac68_2831,12221.150359213985
00bbac68_2832,12221.0546818147
00bbac68_2833,12220.968336731157
00bbac68_2834,12220.891597127447
00bbac68_2835,12220.824266476913
00bbac68_2836,12220.76633661062
00bbac68_2837,12220.71809886312
00bbac68_2838,12220.679349174636
00bbac68_2839,12220.650350268847
00bbac68_2840,12220.630882041176
00bbac68_2841,12220.620949571019
00bbac68_2842,12220.460766937582
00bbac68_2843,12220.285164121444
00bbac68_2844,12220.093375461918
00bbac68_2845,12219.92558589249
00bbac68_2846,12219.890299018536
00bbac68_2847,12219.692442670774
00bbac68_2848,12219.627755834355
00bbac68_2849,12219.531044171112
00bbac68_2850,12219.470617964449
00bbac68_2851,12219.408791146501
00bbac68_2852,12219.346661426403
00bbac68_2853,12219.284413430307
00bbac68_2854,12219.222938080757
00bbac68_2855,12219.162809467025
00bbac68_2856,12219.090928595317
00bbac68_2857,12219.026548850714
00bbac68_2858,12218.96944546271
00bbac68_2859,12218.919897719481
00bbac68_2860,12218.878114806426
00bbac68_2861,12218.843103413717
00bbac68_2862,12218.95148544608
00bbac68_2863,12219.043757749818
00bbac68_2864,12219.120953322057
00bbac68_2865,12219.047772782684
00bbac68_2866,12218.984521511818
00bbac68_2867,12218.930699236374
00bbac68_2868,12218.886805313568
00bbac68_2869,12218.833733170713
00bbac68_2870,12218.745782561646
00bbac68_2871,12218.623949172352
00bbac68_2872,12218.468539628957
00bbac68_2873,12218.148715719693
00bbac68_2874,12217.795012184552
00bbac68_2875,12217.424892875988
00bbac68_2876,12217.197114967174
00bbac68_2877,12216.977005167972
00bbac68_2878,12216.764528908234
00bbac68_2879,12216.559722273218
00bbac68_2880,12216.441250144935
00bbac68_2881,12216.314222170482
00bbac68_2882,12216.17982465154
00bbac68_2883,12216.038731757744
00bbac68_2884,12215.823889656922
00bbac68_2885,12215.618673254488
00bbac68_2886,12215.422827249617
00bbac68_2887,12215.2361205128
00bbac68_2888,12215.059048352316
00bbac68_2889,12215.027449509971
00bbac68_2890,12214.981806259091
00bbac68_2891,12214.787090565487
00bbac68_2892,12214.60360510942
00bbac68_2893,12214.431099240768
00bbac68_2894,12214.269543815282
00bbac68_2895,12214.11920605065
00bbac68_2896,12214.115655112455
00bbac68_2897,12214.09992246465
00bbac68_2898,12214.072538940554
00bbac68_2899,12214.03431680486
00bbac68_2900,12213.986277715767
00bbac68_2901,12213.928966832378
00bbac68_2902,12213.727578130976
00bbac68_2903,12213.541891723902
00bbac68_2904,12213.372113101217
00bbac68_2905,12213.296882186243
00bbac68_2906,12213.172956894525
00bbac68_2907,12213.107783059906
00bbac68_2908,12213.031864945218
00bbac68_2909,12212.946302870147
00bbac68_2910,12212.887600288426
00bbac68_2911,12212.788576920042
00bbac68_2912,12212.683130339921
00bbac68_2913,12212.571899778644
00bbac68_2914,12212.456443082621
00bbac68_2915,12212.33765912736
00bbac68_2916,12212.216477886583
00bbac68_2917,12212.110320575517
00bbac68_2918,12212.00361269929
00bbac68_2919,12211.897133994908
00bbac68_2920,12211.791888809867
00bbac68_2921,12211.687887242648
00bbac68_2922,12211.586873461985
00bbac68_2923,12211.3293575938
00bbac68_2924,12211.050890718885
00bbac68_2925,12210.751469681665
00bbac68_2926,12210.59134668439
00bbac68_2927,12210.43518411173
00bbac68_2928,12210.284042465306
00bbac68_2929,12210.138678309597
00bbac68_2930,12209.839548944705
00bbac68_2931,12209.522724443716
00bbac68_2932,12209.187938598056
00bbac68_2933,12208.835661250978
00bbac68_2934,12208.484655986245
00bbac68_2935,12208.166632238015
00bbac68_2936,12208.015443587883
00bbac68_2937,12207.872310593024
00bbac68_2938,12207.737072862194
00bbac68_2939,12207.61054654537
00bbac68_2940,12207.493720234908
00bbac68_2941,12207.294443625753
00bbac68_2942,12207.094828817748
00bbac68_2943,12206.895691632233
00bbac68_2944,12206.697861953622
00bbac68_2945,12206.582416355539
00bbac68_2946,12206.479335988903
00bbac68_2947,12206.389405813961
00bbac68_2948,12206.313665805095
00bbac68_2949,12206.252908337294
00bbac68_2950,12206.04760870944
00bbac68_2951,12205.833584142862
00bbac68_2952,12205.635304418664
00bbac68_2953,12205.476740726777
00bbac68_2954,12205.357881695742
00bbac68_2955,12205.279205248415
00bbac68_2956,12205.240204378002
00bbac68_2957,12205.081096535381
00bbac68_2958,12204.936655561309
00bbac68_2959,12204.806349097105
00bbac68_2960,12204.689407085263
00bbac68_2961,12204.601719817083
00bbac68_2962,12204.506726389704
00bbac68_2963,12204.58196006719
00bbac68_2964,12204.692463232632
00bbac68_2965,12204.838001990176
00bbac68_2966,12204.926174459553
00bbac68_2967,12205.038218654805
00bbac68_2968,12205.100386784852
00bbac68_2969,12205.171938355235
00bbac68_2970,12205.25205896938
00bbac68_2971,12205.339934230738
00bbac68_2972,12205.434790097903
00bbac68_2973,12205.53558578872
00bbac68_2974,12205.641782660132
00bbac68_2975,12205.809739316122
00bbac68_2976,12205.968997979917
00bbac68_2977,12206.119574783252
00bbac68_2978,12206.261192700471
00bbac68_2979,12206.394051384455
00bbac68_2980,12206.518100011652
00bbac68_2981,12206.63302537317
00bbac68_2982,12206.738980373517
00bbac68_2983,12206.835876407844
00bbac68_2984,12206.923349926905
00bbac68_2985,12207.001509340795
00bbac68_2986,12207.070210688596
00bbac68_2987,12207.129036900715
00bbac68_2988,12207.178047588342
00bbac68_2989,12207.217047570472
00bbac68_2990,12207.245584297789
00bbac68_2991,12207.26367062673
00bbac68_2992,12207.271077906647
00bbac68_2993,12207.267562365643
00bbac68_2994,12207.252589418762
00bbac68_2995,12207.516308274178
00bbac68_2996,12207.773394964388
00bbac68_2997,12207.729026648934
00bbac68_2998,12207.677396936288
00bbac68_2999,12207.61832861142
00bbac68_3000,12207.551035615137
00bbac68_3001,12207.474475428397
00bbac68_3002,12207.38807837802
00bbac68_3003,12207.291057132448
00bbac68_3004,12207.18262436011
00bbac68_3005,12207.061992729448
00bbac68_3006,12206.928108168158
00bbac68_3007,12206.780408407229
00bbac68_3008,12206.618104792007
00bbac68_3009,12206.440408667862
00bbac68_3010,12206.246264639407
00bbac68_3011,12206.035109114555
00bbac68_3012,12205.806152115565
00bbac68_3013,12205.718648121532
00bbac68_3014,12205.63654325869
00bbac68_3015,12205.560106838302
00bbac68_3016,12205.48907469012
00bbac68_3017,12205.423674447184
00bbac68_3018,12205.363907356897
00bbac68_3019,12205.445606048426
00bbac68_3020,12205.509521183716
00bbac68_3021,12205.556459033472
00bbac68_3022,12205.567257156135
00bbac68_3023,12205.578591749529
00bbac68_3024,12205.575473141918
00bbac68_3025,12205.558440325298
00bbac68_3026,12205.528285787184
00bbac68_3027,12205.48580201511
00bbac68_3028,12205.431781496616
00bbac68_3029,12205.367016719252
00bbac68_3030,12205.292300170586
00bbac68_3031,12205.208157597437
00bbac68_3032,12205.115391300638
00bbac68_3033,12205.015044804473
00bbac68_3034,12204.907899451438
00bbac68_3035,12204.79475519076
00bbac68_3036,12204.608758737328
00bbac68_3037,12204.410821546104
00bbac68_3038,12204.201874093844
00bbac68_3039,12203.982646707547
00bbac68_3040,12203.7543524544
00bbac68_3041,12203.51796789365
00bbac68_3042,12203.274483794252
00bbac68_3043,12203.024904922308
00bbac68_3044,12202.770251152202
00bbac68_3045,12202.511334044975
00bbac68_3046,12202.249462953538
00bbac68_3047,12201.985693235429
00bbac68_3048,12201.72111391402
00bbac68_3049,12201.456819052932
00bbac68_3050,12201.193702547216
00bbac68_3051,12200.933141063993
00bbac68_3052,12200.676264194846
00bbac68_3053,12200.424235177428
00bbac68_3054,12200.178222298377
00bbac68_3055,12199.939204214106
00bbac68_3056,12199.555280603288
00bbac68_3057,12199.153991243878
00bbac68_3058,12198.894772628284
00bbac68_3059,12198.64371173272
00bbac68_3060,12198.400837131789
00bbac68_3061,12198.167190494418
00bbac68_3062,12197.943565255666
00bbac68_3063,12197.730755903027
00bbac68_3064,12197.529306442362
00bbac68_3065,12197.204425859583
00bbac68_3066,12196.916167945845
00bbac68_3067,12196.664507918527
00bbac68_3068,12196.449207674083
00bbac68_3069,12196.270523489711
00bbac68_3070,12196.128439302749
00bbac68_3071,12196.022942087217
00bbac68_3072,12195.95379243151
00bbac68_3073,12195.921245305537
00bbac68_3074,12195.925283337676
00bbac68_3075,12195.96615893467
00bbac68_3076,12196.043408893112
00bbac68_3077,12196.157282596578
00bbac68_3078,12196.307765726113
00bbac68_3079,12196.494846542057
00bbac68_3080,12196.55823685926
00bbac68_3081,12196.633236365851
00bbac68_3082,12196.719009450628
00bbac68_3083,12196.814522902072
00bbac68_3084,12196.919253643788
00bbac68_3085,12197.032654688597
00bbac68_3086,12197.153446773027
00bbac68_3087,12197.28110687506
00bbac68_3088,12197.41481122614
00bbac68_3089,12197.553514228439
00bbac68_3090,12197.696691541292
00bbac68_3091,12197.843518093556
00bbac68_3092,12197.992946984425
00bbac68_3093,12198.144706173847
00bbac68_3094,12198.297755298527
00bbac68_3095,12198.45106596448
00bbac68_3096,12198.604085555871
00bbac68_3097,12198.755997673303
00bbac68_3098,12198.905762573662
00bbac68_3099,12199.052832317127
00bbac68_3100,12199.1966484366
00bbac68_3101,12199.335952838841
00bbac68_3102,12199.470207611135
00bbac68_3103,12199.598363133302
00bbac68_3104,12199.719881170719
00bbac68_3105,12199.833924344708
00bbac68_3106,12199.93971387323
00bbac68_3107,12200.036485177174
00bbac68_3108,12200.123205882364
00bbac68_3109,12200.19931685901
00bbac68_3110,12200.263785413546
00bbac68_3111,12200.316291932993
00bbac68_3112,12200.35581370604
00bbac68_3113,12200.381317025434
00bbac68_3114,12200.392241446789
00bbac68_3115,12200.523373316317
00bbac68_3116,12200.615162474887
00bbac68_3117,12200.667153420207
00bbac68_3118,12200.679583864254
00bbac68_3119,12200.652192842479
00bbac68_3120,12200.585206645146
00bbac68_3121,12200.478640869424
00bbac68_3122,12200.332528336718
00bbac68_3123,12200.14660670154
00bbac68_3124,12199.92110087344
00bbac68_3125,12199.656033472591
00bbac68_3126,12199.511470512069
00bbac68_3127,12199.352097741621
00bbac68_3128,12199.178956695709
00bbac68_3129,12198.992851435025
00bbac68_3130,12198.794582983368
00bbac68_3131,12198.58469122284
00bbac68_3132,12198.364205261585
00bbac68_3133,12198.133927822106
00bbac68_3134,12197.894658589103
00bbac68_3135,12197.646936107265
00bbac68_3136,12197.391788146526
00bbac68_3137,12197.130013052752
00bbac68_3138,12196.862188388088
00bbac68_3139,12196.589348970381
00bbac68_3140,12196.312015232215
00bbac68_3141,12196.015026915215
00bbac68_3142,12195.715435834149
00bbac68_3143,12195.416837458832
00bbac68_3144,12195.1200291677
00bbac68_3145,12194.845328126305
00bbac68_3146,12194.570719139763
00bbac68_3147,12194.297009485035
00bbac68_3148,12194.024737655598
00bbac68_3149,12193.754958262825
00bbac68_3150,12193.488467361354
00bbac68_3151,12193.226039444908
00bbac68_3152,12192.968214746183
00bbac68_3153,12192.716053630274
00bbac68_3154,12192.470342101833
00bbac68_3155,12192.231627345429
00bbac68_3156,12192.000959496127
00bbac68_3157,12191.77912875721
00bbac68_3158,12191.566653259075
00bbac68_3159,12191.364604478485
00bbac68_3160,12191.173782608896
00bbac68_3161,12190.994699917806
00bbac68_3162,12190.828405347924
00bbac68_3163,12190.675702274093
00bbac68_3164,12190.537389529689
00bbac68_3165,12190.413997511456
00bbac68_3166,12190.306349164668
00bbac68_3167,12190.215716983537
00bbac68_3168,12190.142394390914
00bbac68_3169,12190.087438973958
00bbac68_3170,12190.051638530804
00bbac68_3171,12190.035765289444
00bbac68_3172,12190.040404588795
00bbac68_3173,12190.066334438427
00bbac68_3174,12190.114830499338
00bbac68_3175,12190.186189123171
00bbac68_3176,12190.121406790026
00bbac68_3177,12190.056100846316
00bbac68_3178,12189.990720631427
00bbac68_3179,12189.924787973796
00bbac68_3180,12189.858567699803
00bbac68_3181,12189.79180253877
00bbac68_3182,12189.724770426605
00bbac68_3183,12189.521617456028
00bbac68_3184,12189.341585725439
00bbac68_3185,12189.183643442591
00bbac68_3186,12189.04723972519
00bbac68_3187,12188.93158892155
00bbac68_3188,12188.835874499795
00bbac68_3189,12188.759052441346
00bbac68_3190,12188.700594186323
00bbac68_3191,12188.65969990092
00bbac68_3192,12188.635551723091
00bbac68_3193,12188.627104303068
00bbac68_3194,12188.634054120314
00bbac68_3195,12188.655108192876
00bbac68_3196,12188.689714069298
00bbac68_3197,12188.736825068652
00bbac68_3198,12188.796136324085
00bbac68_3199,12188.866611965113
00bbac68_3200,12188.947206240271
00bbac68_3201,12189.03761808821
00bbac68_3202,12189.155912185255
00bbac68_3203,12189.288184177902
00bbac68_3204,12189.431571737914
00bbac68_3205,12189.58537960207
00bbac68_3206,12189.725631825213
00bbac68_3207,12189.870853928796
00bbac68_3208,12190.020726908466
00bbac68_3209,12190.174226481664
00bbac68_3210,12190.330292113344
00bbac68_3211,12190.488616216586
00bbac68_3212,12190.647894857506
00bbac68_3213,12190.8075826463
00bbac68_3214,12190.967147094123
00bbac68_3215,12191.125273380096
00bbac68_3216,12191.281632714785
00bbac68_3217,12191.43519628108
00bbac68_3218,12191.584926901214
00bbac68_3219,12191.730518477492
00bbac68_3220,12192.006754335109
00bbac68_3221,12192.117505553762
00bbac68_3222,12192.222497723296
00bbac68_3223,12192.32071623344
00bbac68_3224,12192.411123827205
00bbac68_3225,12192.493379020678
00bbac68_3226,12192.566465904512
00bbac68_3227,12192.765660987578
00bbac68_3228,12192.930411198311
00bbac68_3229,12193.060969514283
00bbac68_3230,12193.157583292845
00bbac68_3231,12193.116814463367
00bbac68_3232,12193.026919007965
00bbac68_3233,12192.925622546652
00bbac68_3234,12192.812156120393
00bbac68_3235,12192.685713463361
00bbac68_3236,12192.545482689453
00bbac68_3237,12192.390934095858
00bbac68_3238,12192.221015249108
00bbac68_3239,12192.03493633619
00bbac68_3240,12191.831878566236
00bbac68_3241,12191.611064613226
00bbac68_3242,12191.371977032279
00bbac68_3243,12191.113568964018
00bbac68_3244,12191.130912766503
00bbac68_3245,12191.128922030694
00bbac68_3246,12191.108623872035
00bbac68_3247,12191.070596977319
00bbac68_3248,12191.015614078899
00bbac68_3249,12190.944445222873
00bbac68_3250,12190.857935855029
00bbac68_3251,12190.757135263366
00bbac68_3252,12190.642311892418
00bbac68_3253,12190.51474165083
00bbac68_3254,12190.375015351457
00bbac68_3255,12190.223885306099
00bbac68_3256,12190.06214619384
00bbac68_3257,12189.89084440461
00bbac68_3258,12189.710554310963
00bbac68_3259,12189.52204744525
00bbac68_3260,12189.326111830866
00bbac68_3261,12188.987965250806
00bbac68_3262,12188.667142191134
00bbac68_3263,12188.36415098166
00bbac68_3264,12188.214586409487
00bbac68_3265,12188.059170051674
00bbac68_3266,12187.898709117628
00bbac68_3267,12187.734236404873
00bbac68_3268,12187.566334067556
00bbac68_3269,12187.395769508475
00bbac68_3270,12187.22335127469
00bbac68_3271,12187.05011657901
00bbac68_3272,12186.876379601992
00bbac68_3273,12186.703411667919
00bbac68_3274,12186.531999357483
00bbac68_3275,12186.36244305508
00bbac68_3276,12186.196022483437
00bbac68_3277,12186.033038041438
00bbac68_3278,12185.874780191896
00bbac68_3279,12185.721792790975
00bbac68_3280,12185.574878997872
00bbac68_3281,12185.275019426137
00bbac68_3282,12185.117841264188
00bbac68_3283,12184.968335494574
00bbac68_3284,12184.827265547667
00bbac68_3285,12184.695698112115
00bbac68_3286,12184.574160944621
00bbac68_3287,12184.463444752379
00bbac68_3288,12184.171004725422
00bbac68_3289,12183.866918115204
00bbac68_3290,12183.565618388919
00bbac68_3291,12183.253792069145
00bbac68_3292,12183.055305149548
00bbac68_3293,12182.901864167083
00bbac68_3294,12182.764517074642
00bbac68_3295,12182.644089789464
00bbac68_3296,12182.53249854044
00bbac68_3297,12182.441572199532
00bbac68_3298,12182.371962287527
00bbac68_3299,12182.324639339591
00bbac68_3300,12182.300441932492
00bbac68_3301,12182.302740225216
00bbac68_3302,12182.329569607331
00bbac68_3303,12182.384010760139
00bbac68_3304,12182.464474014745
00bbac68_3305,12182.411509440668
00bbac68_3306,12182.363293635917
00bbac68_3307,12182.39224983186
00bbac68_3308,12182.41316451203
00bbac68_3309,12182.42575627478
00bbac68_3310,12182.43005054566
00bbac68_3311,12182.426316474008
00bbac68_3312,12182.414283550377
00bbac68_3313,12182.394195257495
00bbac68_3314,12182.3658077314
00bbac68_3315,12182.329118442618
00bbac68_3316,12182.284137897639
00bbac68_3317,12182.231094420022
00bbac68_3318,12182.169751664227
00bbac68_3319,12182.100324412508
00bbac68_3320,12182.022581990612
00bbac68_3321,12181.936524765295
00bbac68_3322,12182.002202061894
00bbac68_3323,12182.08483624674
00bbac68_3324,12182.184956161835
00bbac68_3325,12182.143539224275
00bbac68_3326,12182.096188998425
00bbac68_3327,12182.043134689387
00bbac68_3328,12181.984126709644
00bbac68_3329,12181.91917366036
00bbac68_3330,12181.848320838244
00bbac68_3331,12181.771770657799
00bbac68_3332,12181.689315500007
00bbac68_3333,12181.601169732152
00bbac68_3334,12181.50708327913
00bbac68_3335,12181.407058432245
00bbac68_3336,12181.301328622716
00bbac68_3337,12181.189648026459
00bbac68_3338,12181.072263900736
00bbac68_3339,12180.94892166037
00bbac68_3340,12180.819887639725
00bbac68_3341,12180.684910463664
00bbac68_3342,12180.543963261674
00bbac68_3343,12180.397324273534
00bbac68_3344,12180.244710844525
00bbac68_3345,12180.086415007463
00bbac68_3346,12179.922166033359
00bbac68_3347,12179.751946868755
00bbac68_3348,12179.576033118343
00bbac68_3349,12179.433405136197
00bbac68_3350,12179.296856825109
00bbac68_3351,12179.151280728925
00bbac68_3352,12179.008612078203
00bbac68_3353,12178.867030251737
00bbac68_3354,12178.731917852343
00bbac68_3355,12178.6016713978
00bbac68_3356,12178.4772080005
00bbac68_3357,12178.369675255706
00bbac68_3358,12178.134976468831
00bbac68_3359,12177.933367451673
00bbac68_3360,12177.7647793979
00bbac68_3361,12177.629051936738
00bbac68_3362,12177.659386249348
00bbac68_3363,12177.699040541453
00bbac68_3364,12177.610168276755
00bbac68_3365,12177.555148724936
00bbac68_3366,12177.534039829316
00bbac68_3367,12177.680527209252
00bbac68_3368,12177.748772578816
00bbac68_3369,12177.811303028191
00bbac68_3370,12177.86811454584
00bbac68_3371,12177.919463671478
00bbac68_3372,12177.965140452601
00bbac68_3373,12178.005360489282
00bbac68_3374,12178.039860017987
00bbac68_3375,12178.068633914867
00bbac68_3376,12178.091942335685
00bbac68_3377,12178.109807153707
00bbac68_3378,12178.121961581497
00bbac68_3379,12178.128378834876
00bbac68_3380,12178.129320876677
00bbac68_3381,12178.124512721786
00bbac68_3382,12178.114213224262
00bbac68_3383,12178.098234096433
00bbac68_3384,12178.076777483053
00bbac68_3385,12178.049591310668
00bbac68_3386,12178.016909037642
00bbac68_3387,12177.978472259323
00bbac68_3388,12177.850147110837
00bbac68_3389,12177.757650327521
00bbac68_3390,12177.66646441276
00bbac68_3391,12177.578926579714
00bbac68_3392,12177.494564304363
00bbac68_3393,12177.41532606034
00bbac68_3394,12177.336185012926
00bbac68_3395,12177.259333569638
00bbac68_3396,12177.182369335875
00bbac68_3397,12177.105184488488
00bbac68_3398,12177.028043625409
00bbac68_3399,12176.950801731407
00bbac68_3400,12176.875957312224
00bbac68_3401,12176.800685394279
00bbac68_3402,12176.720672630114
00bbac68_3403,12176.641040219694
00bbac68_3404,12176.5596783298
00bbac68_3405,12176.479204121151
00bbac68_3406,12176.399317962645
00bbac68_3407,12176.322390754085
00bbac68_3408,12176.245495859037
00bbac68_3409,12176.170961289796
00bbac68_3410,12176.098269063601
00bbac68_3411,12176.056142456748
00bbac68_3412,12176.007498028059
00bbac68_3413,12175.95463273415
00bbac68_3414,12175.896991181356
00bbac68_3415,12175.836682329973
00bbac68_3416,12175.770677616201
00bbac68_3417,12175.700870306817
00bbac68_3418,12175.621826162796
00bbac68_3419,12175.696079389661
00bbac68_3420,12175.785697223746
00bbac68_3421,12175.891739977651
00bbac68_3422,12176.094299362492
00bbac68_3423,12176.143765486466
00bbac68_3424,12176.175962610318
00bbac68_3425,12176.350937836602
00bbac68_3426,12176.533649147386
00bbac68_3427,12176.724663385186
00bbac68_3428,12176.76472779232
00bbac68_3429,12176.714838738235
00bbac68_3430,12176.635479681961
00bbac68_3431,12176.555874226802
00bbac68_3432,12176.478145094501
00bbac68_3433,12176.507600202713
00bbac68_3434,12176.519632433447
00bbac68_3435,12176.51449423424
00bbac68_3436,12176.491960205934
00bbac68_3437,12176.442431183114
00bbac68_3438,12176.376882000017
00bbac68_3439,12176.293260714216
00bbac68_3440,12176.101443424013
00bbac68_3441,12175.907706239183
00bbac68_3442,12175.712114247457
00bbac68_3443,12175.514508241135
00bbac68_3444,12175.431101102513
00bbac68_3445,12175.327552392913
00bbac68_3446,12175.204111570501
00bbac68_3447,12175.060748558517
00bbac68_3448,12174.897438381466
00bbac68_3449,12174.813319462064
00bbac68_3450,12174.692919394653
00bbac68_3451,12174.566669453705
00bbac68_3452,12174.432509845974
00bbac68_3453,12174.291049912023
00bbac68_3454,12174.140050325685
00bbac68_3455,12173.98464932225
00bbac68_3456,12173.823422913054
00bbac68_3457,12173.659013030598
00bbac68_3458,12173.492450825903
00bbac68_3459,12173.3244008949
00bbac68_3460,12173.155922873082
00bbac68_3461,12172.985289496919
00bbac68_3462,12172.815580269911
00bbac68_3463,12172.652845828725
00bbac68_3464,12172.49370611794
00bbac68_3465,12172.34182393538
00bbac68_3466,12172.195646514258
00bbac68_3467,12172.056391204818
00bbac68_3468,12171.922467480053
00bbac68_3469,12171.797067820697
00bbac68_3470,12171.678395779698
00bbac68_3471,12171.56731761021
00bbac68_3472,12171.429732241993
00bbac68_3473,12171.298236693972
00bbac68_3474,12171.170803359719
00bbac68_3475,12171.048114038922
00bbac68_3476,12170.928040621126
00bbac68_3477,12170.813070054555
00bbac68_3478,12170.701222115898
00bbac68_3479,12170.597857547134
00bbac68_3480,12170.501241561831
00bbac68_3481,12170.414272190143
00bbac68_3482,12170.338071771817
00bbac68_3483,12170.17987597495
00bbac68_3484,12170.016607656318
00bbac68_3485,12169.848013767265
00bbac68_3486,12169.674334297031
00bbac68_3487,12169.359709569879
00bbac68_3488,12169.199240295718
00bbac68_3489,12169.032887403708
00bbac68_3490,12168.949093820183
00bbac68_3491,12168.905393938141
00bbac68_3492,12168.878189233212
00bbac68_3493,12168.865882190767
00bbac68_3494,12168.744152581381
00bbac68_3495,12168.618796307223
00bbac68_3496,12168.48977461029
00bbac68_3497,12168.357347215027
00bbac68_3498,12168.232681745332
00bbac68_3499,12168.106616892464
00bbac68_3500,12167.981946456533
00bbac68_3501,12167.965891341706
00bbac68_3502,12167.968744275917
00bbac68_3503,12167.99185606536
00bbac68_3504,12168.036341015888
00bbac68_3505,12167.966154696976
00bbac68_3506,12167.895099241501
00bbac68_3507,12167.82316230549
00bbac68_3508,12167.75008321121
00bbac68_3509,12167.676078758637
00bbac68_3510,12167.601179950207
00bbac68_3511,12167.525355997204
00bbac68_3512,12167.448390510554
00bbac68_3513,12167.370552348406
00bbac68_3514,12167.29182792396
00bbac68_3515,12167.212238878721
00bbac68_3516,12167.132029737431
00bbac68_3517,12167.05066531698
00bbac68_3518,12166.968371381838
00bbac68_3519,12166.88516567755
00bbac68_3520,12166.801059405512
00bbac68_3521,12166.716077248877
00bbac68_3522,12166.629946769179
00bbac68_3523,12166.542908278387
00bbac68_3524,12166.454985978778
00bbac68_3525,12166.366196261213
00bbac68_3526,12166.276519394421
00bbac68_3527,12166.185931563576
00bbac68_3528,12166.09445310026
00bbac68_3529,12166.001829675304
00bbac68_3530,12165.908329236969
00bbac68_3531,12165.81419080783
00bbac68_3532,12165.718897264747
00bbac68_3533,12165.486876962264
00bbac68_3534,12165.277142561366
00bbac68_3535,12165.08937993934
00bbac68_3536,12164.922556660455
00bbac68_3537,12164.775654997493
00bbac68_3538,12164.648345146446
00bbac68_3539,12164.675174328608
00bbac68_3540,12164.696350298105
00bbac68_3541,12164.71187515377
00bbac68_3542,12164.721747398657
00bbac68_3543,12164.725959053158
00bbac68_3544,12164.72451409322
00bbac68_3545,12164.717409582243
00bbac68_3546,12164.704639149766
00bbac68_3547,12164.685987974843
00bbac68_3548,12164.821731897493
00bbac68_3549,12164.816787479635
00bbac68_3550,12164.806996567937
00bbac68_3551,12164.792322374746
00bbac68_3552,12164.77276503954
00bbac68_3553,12164.748353201723
00bbac68_3554,12164.718808472564
00bbac68_3555,12164.684648682422
00bbac68_3556,12164.645388376974
00bbac68_3557,12164.601272203305
00bbac68_3558,12164.552274085394
00bbac68_3559,12164.498404318312
00bbac68_3560,12164.439685099533
00bbac68_3561,12164.375857826495
00bbac68_3562,12164.30717603419
00bbac68_3563,12164.23388562737
00bbac68_3564,12164.155518419311
00bbac68_3565,12164.072312826062
00bbac68_3566,12163.98426850251
00bbac68_3567,12163.891126782859
00bbac68_3568,12163.765225479341
00bbac68_3569,12163.531154920314
00bbac68_3570,12163.4180947291
00bbac68_3571,12163.302266322646
00bbac68_3572,12163.18377241226
00bbac68_3573,12163.063320433446
00bbac68_3574,12162.940922891297
00bbac68_3575,12162.72741952177
00bbac68_3576,12162.617000052376
00bbac68_3577,12162.556484104913
00bbac68_3578,12162.433111333115
00bbac68_3579,12162.308516799776
00bbac68_3580,12162.182668290188
00bbac68_3581,12162.118587551446
00bbac68_3582,12162.045583491616
00bbac68_3583,12161.963417081051
00bbac68_3584,12161.872380948727
00bbac68_3585,12161.772447074436
00bbac68_3586,12161.663400881203
00bbac68_3587,12161.545239981646
00bbac68_3588,12161.418193561047
00bbac68_3589,12161.282026533612
00bbac68_3590,12161.137026309407
00bbac68_3591,12160.983176520025
00bbac68_3592,12160.800341011929
00bbac68_3593,12160.60937094101
00bbac68_3594,12160.570665971036
00bbac68_3595,12160.549349995672
00bbac68_3596,12160.576858023525
00bbac68_3597,12160.621586497715
00bbac68_3598,12160.57596890733
00bbac68_3599,12160.564912451251
00bbac68_3600,12160.429245384928
00bbac68_3601,12160.304423775708
00bbac68_3602,12160.309075383298
00bbac68_3603,12160.306552434293
00bbac68_3604,12160.29637136316
00bbac68_3605,12160.279033422265
00bbac68_3606,12160.254270984235
00bbac68_3607,12160.222350714308
00bbac68_3608,12160.183027643356
00bbac68_3609,12160.136323896513
00bbac68_3610,12160.08247673068
00bbac68_3611,12160.021005100703
00bbac68_3612,12159.952135832273
00bbac68_3613,12159.876136853954
00bbac68_3614,12159.792488753214
00bbac68_3615,12159.701723932261
00bbac68_3616,12159.60358003079
00bbac68_3617,12159.498061656137
00bbac68_3618,12159.385197330748
00bbac68_3619,12159.129108162702
00bbac68_3620,12158.889297307556
00bbac68_3621,12158.66448597787
00bbac68_3622,12158.454399727392
00bbac68_3623,12158.25797096428
00bbac68_3624,12158.074164214782
00bbac68_3625,12157.902690742647
00bbac68_3626,12157.742512416942
00bbac68_3627,12157.592791689582
00bbac68_3628,12157.452757277435
00bbac68_3629,12157.354540414237
00bbac68_3630,12157.39695024254
00bbac68_3631,12157.350767229967
00bbac68_3632,12157.321361659873
00bbac68_3633,12157.30880216831
00bbac68_3634,12157.312827871056
00bbac68_3635,12157.333086798706
00bbac68_3636,12157.475090828391
00bbac68_3637,12157.544804679792
00bbac68_3638,12157.570107015381
00bbac68_3639,12157.66392165296
00bbac68_3640,12157.774310417595
00bbac68_3641,12157.901485268429
00bbac68_3642,12158.107247466542
00bbac68_3643,12158.291297085136
00bbac68_3644,12158.3183196267
00bbac68_3645,12158.347288456354
00bbac68_3646,12158.513020949547
00bbac68_3647,12158.655967702902
00bbac68_3648,12158.775883127853
00bbac68_3649,12158.872737756363
00bbac68_3650,12158.946561719811
00bbac68_3651,12158.997341832955
00bbac68_3652,12159.025081972883
00bbac68_3653,12159.0531798815
00bbac68_3654,12159.065004747185
00bbac68_3655,12158.92510270776
00bbac68_3656,12158.793796376574
00bbac68_3657,12158.634935344791
00bbac68_3658,12158.475402356224
00bbac68_3659,12158.442070848563
00bbac68_3660,12158.429550539337
00bbac68_3661,12158.57397245539
00bbac68_3662,12158.716421007135
00bbac68_3663,12158.71806604463
00bbac68_3664,12158.695039981323
00bbac68_3665,12158.64760181115
00bbac68_3666,12158.575502013387
00bbac68_3667,12158.478731566956
00bbac68_3668,12158.357241060754
00bbac68_3669,12158.211307302789
00bbac68_3670,12158.040674521677
00bbac68_3671,12157.845326082303
00bbac68_3672,12157.625506948028
00bbac68_3673,12157.373124554657
00bbac68_3674,12157.094671241413
00bbac68_3675,12156.702541756962
00bbac68_3676,12156.300400214252
00bbac68_3677,12155.888278429427
00bbac68_3678,12155.466079879096
00bbac68_3679,12155.033383414066
00bbac68_3680,12154.83834554034
00bbac68_3681,12154.642205634509
00bbac68_3682,12154.446320060193
00bbac68_3683,12154.251532552342
00bbac68_3684,12154.059092679905
00bbac68_3685,12153.87008286539
00bbac68_3686,12153.685309179315
00bbac68_3687,12153.417503867031
00bbac68_3688,12153.172070788392
00bbac68_3689,12152.951375510756
00bbac68_3690,12152.755165581108
00bbac68_3691,12152.58345520201
00bbac68_3692,12152.57254015655
00bbac68_3693,12152.562691313187
00bbac68_3694,12152.554702011917
00bbac68_3695,12152.549566534179
00bbac68_3696,12152.548087290741
00bbac68_3697,12152.415007085157
00bbac68_3698,12152.310578814982
00bbac68_3699,12152.234551325993
00bbac68_3700,12152.187401158328
00bbac68_3701,12152.168657644766
00bbac68_3702,12152.178310438881
00bbac68_3703,12152.056548705763
00bbac68_3704,12151.938418191174
00bbac68_3705,12151.983158332565
00bbac68_3706,12152.054697533578
00bbac68_3707,12151.993478232274
00bbac68_3708,12151.934058778066
00bbac68_3709,12151.875877924087
00bbac68_3710,12151.817878038333
00bbac68_3711,12151.759784732149
00bbac68_3712,12151.818140667903
00bbac68_3713,12151.851528000843
00bbac68_3714,12151.860283315344
00bbac68_3715,12151.844553651335
00bbac68_3716,12151.994047817116
00bbac68_3717,12152.142460552044
00bbac68_3718,12152.290811648514
00bbac68_3719,12152.439876777644
00bbac68_3720,12152.590201518484
00bbac68_3721,12152.742826911903
00bbac68_3722,12152.73849570173
00bbac68_3723,12152.713052966561
00bbac68_3724,12152.666514728367
00bbac68_3725,12152.598885824498
00bbac68_3726,12152.510143628151
00bbac68_3727,12152.400042893662
00bbac68_3728,12152.268847546307
00bbac68_3729,12152.116558951864
00bbac68_3730,12151.94315853109
00bbac68_3731,12151.748638838786
00bbac68_3732,12151.532776988292
00bbac68_3733,12151.29582235778
00bbac68_3734,12151.047023770225
00bbac68_3735,12150.781737071864
00bbac68_3736,12150.604529393779
00bbac68_3737,12150.428183841484
00bbac68_3738,12150.253572697062
00bbac68_3739,12150.081981336842
00bbac68_3740,12149.914306891184
00bbac68_3741,12149.647928609158
00bbac68_3742,12149.371778529789
00bbac68_3743,12149.08649312567
00bbac68_3744,12148.79275314467
00bbac68_3745,12148.491036519728
00bbac68_3746,12148.182233842053
00bbac68_3747,12147.867070837123
00bbac68_3748,12147.650287810604
00bbac68_3749,12147.443815359999
00bbac68_3750,12147.157029241644
00bbac68_3751,12146.893111831188
00bbac68_3752,12146.652821505513
00bbac68_3753,12146.276596520214
00bbac68_3754,12145.900415416396
00bbac68_3755,12145.524184805148
00bbac68_3756,12145.147366537296
00bbac68_3757,12144.77029266734
00bbac68_3758,12144.55285772564
00bbac68_3759,12144.359637838976
00bbac68_3760,12144.191463861096
00bbac68_3761,12144.150578701581
00bbac68_3762,12144.118175505111
00bbac68_3763,12144.095658297125
00bbac68_3764,12144.083924513136
00bbac68_3765,12144.08434230621
00bbac68_3766,12144.097618512884
00bbac68_3767,12144.125307971653
00bbac68_3768,12144.168236451193
00bbac68_3769,12144.267164703939
00bbac68_3770,12144.379159196595
00bbac68_3771,12144.505541523817
00bbac68_3772,12144.646844990395
00bbac68_3773,12144.665079836566
00bbac68_3774,12144.681395984422
00bbac68_3775,12144.696403644788
00bbac68_3776,12144.710698062583
00bbac68_3777,12144.690936917646
00bbac68_3778,12144.663303648978
00bbac68_3779,12144.627837419248
00bbac68_3780,12144.584504351624
00bbac68_3781,12144.533340062966
00bbac68_3782,12144.474366846072
00bbac68_3783,12144.404743053557
00bbac68_3784,12144.325309632903
00bbac68_3785,12144.23609976351
00bbac68_3786,12144.13774673604
00bbac68_3787,12144.030477178823
00bbac68_3788,12143.915166885743
00bbac68_3789,12143.791777149927
00bbac68_3790,12143.6608767667
00bbac68_3791,12143.5226203216
00bbac68_3792,12143.377560061868
00bbac68_3793,12143.226064182416
00bbac68_3794,12143.068428952929
00bbac68_3795,12142.90475881262
00bbac68_3796,12142.735340316462
00bbac68_3797,12142.560627749337
00bbac68_3798,12142.380664360642
00bbac68_3799,12142.19587575419
00bbac68_3800,12142.00626906558
00bbac68_3801,12141.812324535877
00bbac68_3802,12141.641366515134
00bbac68_3803,12141.461489071839
00bbac68_3804,12141.27302988754
00bbac68_3805,12141.076459419948
00bbac68_3806,12140.871855001067
00bbac68_3807,12140.659488367854
00bbac68_3808,12140.439593277762
00bbac68_3809,12140.258160531055
00bbac68_3810,12140.064465335077
00bbac68_3811,12139.964146775788
00bbac68_3812,12139.871303087353
00bbac68_3813,12139.787185165387
00bbac68_3814,12139.712563562294
00bbac68_3815,12139.648497396825
00bbac68_3816,12139.59607995622
00bbac68_3817,12139.556615961468
00bbac68_3818,12139.531012128331
00bbac68_3819,12139.520626043994
00bbac68_3820,12139.526318089833
00bbac68_3821,12139.5054470653
00bbac68_3822,12139.38782020846
00bbac68_3823,12139.276319465587
00bbac68_3824,12139.171549708108
00bbac68_3825,12139.074299700354
00bbac68_3826,12138.985355444082
00bbac68_3827,12138.905718946608
00bbac68_3828,12138.89849748345
00bbac68_3829,12138.89387847044
00bbac68_3830,12138.846075563753
00bbac68_3831,12138.792054441903
00bbac68_3832,12138.731568747835
00bbac68_3833,12138.664614879954
00bbac68_3834,12138.553627621422
00bbac68_3835,12138.440029685777
00bbac68_3836,12138.324040496702
00bbac68_3837,12138.206125910914
00bbac68_3838,12138.086268077293
00bbac68_3839,12137.96489794191
00bbac68_3840,12137.841932812085
00bbac68_3841,12137.717546237223
00bbac68_3842,12137.592105082358
00bbac68_3843,12137.465500636343
00bbac68_3844,12137.341156260352
00bbac68_3845,12137.286763956079
00bbac68_3846,12137.22698443437
00bbac68_3847,12137.162127828777
00bbac68_3848,12137.092711713514
00bbac68_3849,12137.019359477314
00bbac68_3850,12136.942823838488
00bbac68_3851,12136.86350248589
00bbac68_3852,12136.782196416329
00bbac68_3853,12136.699306260492
00bbac68_3854,12136.615670760912
00bbac68_3855,12136.531729640776
00bbac68_3856,12136.448337511842
00bbac68_3857,12136.366181481942
00bbac68_3858,12136.285754652337
00bbac68_3859,12136.208185936524
00bbac68_3860,12136.13372907334
00bbac68_3861,12136.063315766933
00bbac68_3862,12135.997724337734
00bbac68_3863,12135.903336837602
00bbac68_3864,12135.808011053816
00bbac68_3865,12135.712834544294
00bbac68_3866,12135.618716682122
00bbac68_3867,12135.526926681401
00bbac68_3868,12135.438557819569
00bbac68_3869,12135.354728166714
00bbac68_3870,12135.222651086724
00bbac68_3871,12135.085734579417
00bbac68_3872,12134.944500466994
00bbac68_3873,12134.799061508817
00bbac68_3874,12134.64946149628
00bbac68_3875,12134.496220404668
00bbac68_3876,12134.339627220028
00bbac68_3877,12134.179942312183
00bbac68_3878,12134.017395390276
00bbac68_3879,12133.85241127896
00bbac68_3880,12133.684731131056
00bbac68_3881,12133.514772455208
00bbac68_3882,12133.394328084985
00bbac68_3883,12133.283173842561
00bbac68_3884,12133.182395878062
00bbac68_3885,12133.092686972745
00bbac68_3886,12132.942856839956
00bbac68_3887,12132.956827434507
00bbac68_3888,12132.97536674108
00bbac68_3889,12132.925886650473
00bbac68_3890,12132.86795257273
00bbac68_3891,12132.80156707968
00bbac68_3892,12132.726737370343
00bbac68_3893,12132.64370341713
00bbac68_3894,12132.552195331325
00bbac68_3895,12132.496776381366
00bbac68_3896,12132.443027169358
00bbac68_3897,12132.391868878438
00bbac68_3898,12132.342913445453
00bbac68_3899,12132.295266942472
00bbac68_3900,12132.250325713812
00bbac68_3901,12132.20910960625
00bbac68_3902,12132.172827198634
00bbac68_3903,12132.142900304822
00bbac68_3904,12132.120341206308
00bbac68_3905,12132.106367130913
00bbac68_3906,12132.02318307365
00bbac68_3907,12131.93547012768
00bbac68_3908,12131.843587918425
00bbac68_3909,12131.74830108602
00bbac68_3910,12131.649488313895
00bbac68_3911,12131.547451136328
00bbac68_3912,12131.442643174323
00bbac68_3913,12131.33512547438
00bbac68_3914,12131.22532232548
00bbac68_3915,12131.113257493214
00bbac68_3916,12130.999146935417
00bbac68_3917,12130.883391541054
00bbac68_3918,12130.765960904791
00bbac68_3919,12130.6472192258
00bbac68_3920,12130.526831247676
00bbac68_3921,12130.405364806382
00bbac68_3922,12130.282743603615
00bbac68_3923,12130.159050082873
00bbac68_3924,12130.037130058961
00bbac68_3925,12129.917842509873
00bbac68_3926,12129.801955636243
00bbac68_3927,12129.689821447533
00bbac68_3928,12129.582194040999
00bbac68_3929,12129.479443651704
00bbac68_3930,12129.382319094564
00bbac68_3931,12129.291183113186
00bbac68_3932,12129.206792980465
00bbac68_3933,12129.129306316961
00bbac68_3934,12129.059653168939
00bbac68_3935,12128.99819749324
00bbac68_3936,12128.945697775793
00bbac68_3937,12128.90252623059
00bbac68_3938,12128.869425460716
00bbac68_3939,12128.822053163525
00bbac68_3940,12128.792663181064
00bbac68_3941,12128.781120450994
00bbac68_3942,12128.787649631759
00bbac68_3943,12128.811989982287
00bbac68_3944,12128.854401973404
00bbac68_3945,12128.914433619904
00bbac68_3946,12128.992540582349
00bbac68_3947,12129.296646310617
00bbac68_3948,12129.445079925865
00bbac68_3949,12129.573879085065
00bbac68_3950,12129.683353905833
00bbac68_3951,12129.773919753323
00bbac68_3952,12129.846122021914
00bbac68_3953,12129.900105451014
00bbac68_3954,12129.93595294154
00bbac68_3955,12129.954389316703
00bbac68_3956,12129.955512349596
00bbac68_3957,12129.939788037425
00bbac68_3958,12129.907033419195
00bbac68_3959,12129.858939752748
00bbac68_3960,12129.797814412077
00bbac68_3961,12129.774692978162
00bbac68_3962,12129.733931304527
00bbac68_3963,12129.620434390945
00bbac68_3964,12129.497340713799
00bbac68_3965,12129.36534892593
00bbac68_3966,12129.15328998504
00bbac68_3967,12129.01805385222
00bbac68_3968,12128.875812243155
00bbac68_3969,12128.727075129873
00bbac68_3970,12128.572360801576
00bbac68_3971,12128.412755478206
00bbac68_3972,12128.192802721001
00bbac68_3973,12127.981545123124
00bbac68_3974,12127.778833619017
00bbac68_3975,12127.632374619523
00bbac68_3976,12127.438388073768
00bbac68_3977,12127.253095453976
00bbac68_3978,12127.076277046679
00bbac68_3979,12126.908378603697
00bbac68_3980,12126.748940437372
00bbac68_3981,12126.598437612201
00bbac68_3982,12126.456455382626
00bbac68_3983,12126.323248526887
00bbac68_3984,12126.334989431947
00bbac68_3985,12126.332051087687
00bbac68_3986,12126.315554818042
00bbac68_3987,12126.286444821766
00bbac68_3988,12126.109754848963
00bbac68_3989,12125.94550933961
00bbac68_3990,12125.79429912421
00bbac68_3991,12125.655854605086
00bbac68_3992,12125.53058195409
00bbac68_3993,12125.418743526598
00bbac68_3994,12125.446517411005
00bbac68_3995,12125.463551015682
00bbac68_3996,12125.485279229653
00bbac68_3997,12125.496825675345
00bbac68_3998,12125.499925045588
00bbac68_3999,12125.496114160867
00bbac68_4000,12125.516045766371
00bbac68_4001,12125.412417088566
00bbac68_4002,12125.331277016516
00bbac68_4003,12125.272134626965
00bbac68_4004,12125.235238692958
00bbac68_4005,12125.220344596626
00bbac68_4006,12125.227945252069
00bbac68_4007,12125.25754839562
00bbac68_4008,12125.164267180504
00bbac68_4009,12125.073746376174
00bbac68_4010,12124.985711698891
00bbac68_4011,12124.899757894464
00bbac68_4012,12124.815890553831
00bbac68_4013,12124.73398679144
00bbac68_4014,12124.653815071986
00bbac68_4015,12124.575246890194
00bbac68_4016,12124.497971331577
00bbac68_4017,12124.422314408032
00bbac68_4018,12124.34771267412
00bbac68_4019,12124.274280259226
00bbac68_4020,12124.201776352906
00bbac68_4021,12124.130569762512
00bbac68_4022,12124.000867122531
00bbac68_4023,12123.859746053222
00bbac68_4024,12123.772032405288
00bbac68_4025,12123.684768045341
00bbac68_4026,12123.597908908778
00bbac68_4027,12123.59624916473
00bbac68_4028,12123.523456528135
00bbac68_4029,12123.451709234429
00bbac68_4030,12123.51687141755
00bbac68_4031,12123.559819392258
00bbac68_4032,12123.5812761043
00bbac68_4033,12123.648339596086
00bbac68_4034,12123.7029074173
00bbac68_4035,12123.746023141877
00bbac68_4036,12123.72201094193
00bbac68_4037,12123.735574466395
00bbac68_4038,12123.73981955382
00bbac68_4039,12123.735771967991
00bbac68_4040,12123.723721887467
00bbac68_4041,12123.7047123209
00bbac68_4042,12123.679064221193
00bbac68_4043,12123.64808240142
00bbac68_4044,12123.612579064327
00bbac68_4045,12123.413064985722
00bbac68_4046,12123.184057048788
00bbac68_4047,12122.926984171478
00bbac68_4048,12122.639401936616
00bbac68_4049,12122.400553245125
00bbac68_4050,12122.171381215507
00bbac68_4051,12121.952202629589
00bbac68_4052,12121.744183488165
00bbac68_4053,12121.548040810128
00bbac68_4054,12121.364199041933
00bbac68_4055,12121.044911051948
00bbac68_4056,12120.719479970054
00bbac68_4057,12120.372079136947
00bbac68_4058,12120.016637629235
00bbac68_4059,12119.653692452785
00bbac68_4060,12119.283341713086
00bbac68_4061,12118.905920521014
00bbac68_4062,12118.66436946421
00bbac68_4063,12118.435455557656
00bbac68_4064,12118.219743443944
00bbac68_4065,12118.01798279598
00bbac68_4066,12117.830489894726
00bbac68_4067,12117.658198103565
00bbac68_4068,12117.503642238318
00bbac68_4069,12117.367105702688
00bbac68_4070,12117.248091784222
00bbac68_4071,12117.14707251046
00bbac68_4072,12117.063827067845
00bbac68_4073,12117.134449156669
00bbac68_4074,12117.199180448484
00bbac68_4075,12117.259081343955
00bbac68_4076,12117.315205933899
00bbac68_4077,12117.36811316898
00bbac68_4078,12117.418357190047
00bbac68_4079,12117.467204808863
00bbac68_4080,12117.515227434389
00bbac68_4081,12117.427387601314
00bbac68_4082,12117.363739539045
00bbac68_4083,12117.324257021994
00bbac68_4084,12117.308964349828
00bbac68_4085,12117.317870710172
00bbac68_4086,12117.48656921769
00bbac68_4087,12117.65627926065
00bbac68_4088,12117.827543366535
00bbac68_4089,12118.001169984687
00bbac68_4090,12118.177700710326
00bbac68_4091,12118.198123131662
00bbac68_4092,12118.198279065036
00bbac68_4093,12118.178177591682
00bbac68_4094,12118.137810136435
00bbac68_4095,12118.07720621775
00bbac68_4096,12117.996362968695
00bbac68_4097,12117.895276020981
00bbac68_4098,12117.773952734718
00bbac68_4099,12117.632387935157
00bbac68_4100,12117.470329536482
00bbac68_4101,12117.287986187555
00bbac68_4102,12117.085358463546
00bbac68_4103,12116.801882072687
00bbac68_4104,12116.5060222197
00bbac68_4105,12116.19769380086
00bbac68_4106,12115.877164703705
00bbac68_4107,12115.546334740535
00bbac68_4108,12115.20415839466
00bbac68_4109,12114.7940042408
00bbac68_4110,12114.4844181896
00bbac68_4111,12114.194356161543
00bbac68_4112,12113.924212339718
00bbac68_4113,12113.809862641645
00bbac68_4114,12113.692054803978
00bbac68_4115,12113.572093600118
00bbac68_4116,12113.451215701833
00bbac68_4117,12113.33008948218
00bbac68_4118,12113.210063285569
00bbac68_4119,12113.092197232905
00bbac68_4120,12112.977679603242
00bbac68_4121,12112.731580208327
00bbac68_4122,12112.514739082555
00bbac68_4123,12112.327354690053
00bbac68_4124,12112.169535838577
00bbac68_4125,12112.042154700564
00bbac68_4126,12111.945182009484
00bbac68_4127,12111.879526085482
00bbac68_4128,12111.8446038039
00bbac68_4129,12111.905056112946
00bbac68_4130,12111.980256304907
00bbac68_4131,12112.071077836397
00bbac68_4132,12112.178303309218
00bbac68_4133,12112.302770278122
00bbac68_4134,12112.285159328401
00bbac68_4135,12112.261326451164
00bbac68_4136,12112.231262738547
00bbac68_4137,12112.194853650799
00bbac68_4138,12112.1520631318
00bbac68_4139,12112.10301042401
00bbac68_4140,12112.04715647615
00bbac68_4141,12111.984618356459
00bbac68_4142,12112.07552350142
00bbac68_4143,12112.184219522445
00bbac68_4144,12112.283711478407
00bbac68_4145,12112.410106738173
00bbac68_4146,12112.563156506694
00bbac68_4147,12112.582831256088
00bbac68_4148,12112.603908813811
00bbac68_4149,12112.626056841613
00bbac68_4150,12112.64823388085
00bbac68_4151,12112.669655535536
00bbac68_4152,12112.689762453698
00bbac68_4153,12112.707502138477
00bbac68_4154,12112.722087492248
00bbac68_4155,12112.7327318036
00bbac68_4156,12112.738638646491
00bbac68_4157,12112.739249899232
00bbac68_4158,12112.733507642317
00bbac68_4159,12112.780131073258
00bbac68_4160,12112.805990679391
00bbac68_4161,12112.81108959362
00bbac68_4162,12112.795403487335
00bbac68_4163,12112.758888884906
00bbac68_4164,12112.773349914836
00bbac68_4165,12112.781103856116
00bbac68_4166,12112.78310667869
00bbac68_4167,12112.7799400255
00bbac68_4168,12112.772338722147
00bbac68_4169,12112.76104977987
00bbac68_4170,12112.816820789933
00bbac68_4171,12112.878531417726
00bbac68_4172,12112.946561036497
00bbac68_4173,12113.021522712457
00bbac68_4174,12112.943936946713
00bbac68_4175,12112.849678778415
00bbac68_4176,12112.738267251954
00bbac68_4177,12112.609458178129
00bbac68_4178,12112.463225552352
00bbac68_4179,12112.29905735427
00bbac68_4180,12112.116911584635
00bbac68_4181,12111.916237272535
00bbac68_4182,12111.857000471524
00bbac68_4183,12111.805474372888
00bbac68_4184,12111.762419473303
00bbac68_4185,12111.728086762867
00bbac68_4186,12111.702235290346
00bbac68_4187,12111.685098970205
00bbac68_4188,12111.676411555212
00bbac68_4189,12111.676210869202
00bbac68_4190,12111.606364325227
00bbac68_4191,12111.535835964447
00bbac68_4192,12111.464914718443
00bbac68_4193,12111.393484757622
00bbac68_4194,12111.321854842328
00bbac68_4195,12111.249949158802
00bbac68_4196,12111.177876423484
00bbac68_4197,12111.106062258297
00bbac68_4198,12111.034488904244
00bbac68_4199,12110.963522058057
00bbac68_4200,12110.89293329073
00bbac68_4201,12110.823385641566
00bbac68_4202,12110.755123145535
00bbac68_4203,12110.68818360079
00bbac68_4204,12110.62278932182
00bbac68_4205,12110.592331149184
00bbac68_4206,12110.566118027997
00bbac68_4207,12110.544366503196
00bbac68_4208,12110.526843209782
00bbac68_4209,12110.513828145204
00bbac68_4210,12110.505046103
00bbac68_4211,12110.624338486265
00bbac68_4212,12110.721953859274
00bbac68_4213,12110.80143279025
00bbac68_4214,12110.863952692702
00bbac68_4215,12110.910846792416
00bbac68_4216,12110.943042363675
00bbac68_4217,12110.961822574007
00bbac68_4218,12110.96799464421
00bbac68_4219,12110.93775312951
00bbac68_4220,12110.831420089507
00bbac68_4221,12110.770919911312
00bbac68_4222,12110.688040827656
00bbac68_4223,12110.459214130777
00bbac68_4224,12110.234995716648
00bbac68_4225,12110.015329645747
00bbac68_4226,12109.881796360645
00bbac68_4227,12109.736618330122
00bbac68_4228,12109.640763666512
00bbac68_4229,12109.527962538577
00bbac68_4230,12109.399235570168
00bbac68_4231,12109.255615133645
00bbac68_4232,12108.962325675591
00bbac68_4233,12108.67969088559
00bbac68_4234,12108.407991029133
00bbac68_4235,12108.147535219192
00bbac68_4236,12107.89863361462
00bbac68_4237,12107.661612800071
00bbac68_4238,12107.436825373332
00bbac68_4239,12107.224640133845
00bbac68_4240,12107.02542064664
00bbac68_4241,12106.839574601523
00bbac68_4242,12106.773614175027
00bbac68_4243,12106.701192919145
00bbac68_4244,12106.621363968747
00bbac68_4245,12106.534491773587
00bbac68_4246,12106.441589121792
00bbac68_4247,12106.318745922943
00bbac68_4248,12106.19634067779
00bbac68_4249,12106.074981581578
00bbac68_4250,12105.896883277526
00bbac68_4251,12105.790677005361
00bbac68_4252,12105.685318341604
00bbac68_4253,12105.669281882285
00bbac68_4254,12105.646360252947
00bbac68_4255,12105.617067143432
00bbac68_4256,12105.582429086275
00bbac68_4257,12105.543233868108
00bbac68_4258,12105.500268003529
00bbac68_4259,12105.454032123012
00bbac68_4260,12105.4055723194
00bbac68_4261,12105.355663891583
00bbac68_4262,12105.305100163956
00bbac68_4263,12105.254642725487
00bbac68_4264,12105.204819518487
00bbac68_4265,12105.156904244895
00bbac68_4266,12105.11122371098
00bbac68_4267,12105.068778597557
00bbac68_4268,12105.030335007068
00bbac68_4269,12104.996926799515
00bbac68_4270,12104.968857119056
00bbac68_4271,12104.947155034879
00bbac68_4272,12104.786929951619
00bbac68_4273,12104.61751762651
00bbac68_4274,12104.437188507976
00bbac68_4275,12104.246472564377
00bbac68_4276,12104.046009559808
00bbac68_4277,12103.836595909763
00bbac68_4278,12103.618634226517
00bbac68_4279,12103.392743344204
00bbac68_4280,12103.189094615214
00bbac68_4281,12102.983400030696
00bbac68_4282,12102.707104836027
00bbac68_4283,12102.41975937852
00bbac68_4284,12102.133260569492
00bbac68_4285,12101.879987268252
00bbac68_4286,12101.795749387467
00bbac68_4287,12101.625595687696
00bbac68_4288,12101.454284888578
00bbac68_4289,12101.115773094294
00bbac68_4290,12100.777550751785
00bbac68_4291,12100.439512598014
00bbac68_4292,12100.101528692754
00bbac68_4293,12099.923494494951
00bbac68_4294,12099.770397841034
00bbac68_4295,12099.642656661725
00bbac68_4296,12099.54313934995
00bbac68_4297,12099.449287224354
00bbac68_4298,12099.38834024535
00bbac68_4299,12099.3603001555
00bbac68_4300,12099.365412809599
00bbac68_4301,12099.403445684507
00bbac68_4302,12099.474617154305
00bbac68_4303,12099.453675263345
00bbac68_4304,12099.448918817561
00bbac68_4305,12099.460648993221
00bbac68_4306,12099.624303975283
00bbac68_4307,12099.780780922623
00bbac68_4308,12099.96009535846
00bbac68_4309,12100.001916989544
00bbac68_4310,12100.066809938922
00bbac68_4311,12100.223976667054
00bbac68_4312,12100.345705270738
00bbac68_4313,12100.493810780787
00bbac68_4314,12100.565729069005
00bbac68_4315,12100.643178793
00bbac68_4316,12100.725379209445
00bbac68_4317,12100.811537297675
00bbac68_4318,12100.900858660747
00bbac68_4319,12101.128405567692
00bbac68_4320,12101.334149538088
00bbac68_4321,12101.517854324367
00bbac68_4322,12101.680033233764
00bbac68_4323,12101.82021573138
00bbac68_4324,12101.938628268195
00bbac68_4325,12102.035299537902
00bbac68_4326,12102.110022644356
00bbac68_4327,12102.163293535756
00bbac68_4328,12102.194645734744
00bbac68_4329,12102.204105744626
00bbac68_4330,12102.191686863025
00bbac68_4331,12102.157902700475
00bbac68_4332,12102.102282063024
00bbac68_4333,12102.024849533685
00bbac68_4334,12101.925628278774
00bbac68_4335,12101.80464754805
00bbac68_4336,12101.66241654491
00bbac68_4337,12101.498474098367
00bbac68_4338,12101.312830112896
00bbac68_4339,12101.016730208403
00bbac68_4340,12100.711702190882
00bbac68_4341,12100.397707787612
00bbac68_4342,12100.074688219645
00bbac68_4343,12099.74256194089
00bbac68_4344,12099.401234166135
00bbac68_4345,12099.210635522419
00bbac68_4346,12099.035616721514
00bbac68_4347,12098.775652679848
00bbac68_4348,12098.497397457879
00bbac68_4349,12098.20103421397
00bbac68_4350,12097.922830927417
00bbac68_4351,12097.663551323712
00bbac68_4352,12097.423482074584
00bbac68_4353,12097.202669973649
00bbac68_4354,12097.001687687165
00bbac68_4355,12096.820645447375
00bbac68_4356,12096.795871959686
00bbac68_4357,12096.765799487106
00bbac68_4358,12096.757771049075
00bbac68_4359,12096.749750397665
00bbac68_4360,12096.742572506162
00bbac68_4361,12096.73678116186
00bbac68_4362,12096.733166493144
00bbac68_4363,12096.732568036181
00bbac68_4364,12096.735998239667
00bbac68_4365,12096.74404713298
00bbac68_4366,12096.757513926948
00bbac68_4367,12096.617173867093
00bbac68_4368,12096.458861209117
00bbac68_4369,12096.28254553963
00bbac68_4370,12096.248281056725
00bbac68_4371,12096.221036203357
00bbac68_4372,12096.201610684431
00bbac68_4373,12096.190792067318
00bbac68_4374,12096.189118131015
00bbac68_4375,12096.197883565
00bbac68_4376,12096.21737543976
00bbac68_4377,12096.24865934918
00bbac68_4378,12096.292532857593
00bbac68_4379,12096.349776834095
00bbac68_4380,12096.261126036436
00bbac68_4381,12096.162411693125
00bbac68_4382,12096.053663257346
00bbac68_4383,12095.93464432108
00bbac68_4384,12095.80583533494
00bbac68_4385,12095.666737526566
00bbac68_4386,12095.517586864511
00bbac68_4387,12095.358639526901
00bbac68_4388,12095.189385720563
00bbac68_4389,12095.010079883952
00bbac68_4390,12094.820726320537
00bbac68_4391,12094.621349498759
00bbac68_4392,12094.411699729295
00bbac68_4393,12094.192245610211
00bbac68_4394,12093.962733584118
00bbac68_4395,12093.723182631578
00bbac68_4396,12093.473590404896
00bbac68_4397,12093.213706642862
00bbac68_4398,12092.943765315524
00bbac68_4399,12092.663770697536
00bbac68_4400,12092.478351528682
00bbac68_4401,12092.302284405912
00bbac68_4402,12092.136571792398
00bbac68_4403,12091.982212368403
00bbac68_4404,12091.84023605006
00bbac68_4405,12091.705153805238
00bbac68_4406,12091.583137503543
00bbac68_4407,12091.475651461866
00bbac68_4408,12091.314806614253
00bbac68_4409,12091.160583504405
00bbac68_4410,12091.01409929793
00bbac68_4411,12090.967720642691
00bbac68_4412,12090.942527067818
00bbac68_4413,12090.939606982805
00bbac68_4414,12090.853809036797
00bbac68_4415,12090.813363298957
00bbac68_4416,12090.818459150078
00bbac68_4417,12090.70879035822
00bbac68_4418,12090.619371554418
00bbac68_4419,12090.549650938632
00bbac68_4420,12090.498837261033
00bbac68_4421,12090.465831179316
00bbac68_4422,12090.450051027552
00bbac68_4423,12090.450684666917
00bbac68_4424,12090.466686748196
00bbac68_4425,12090.497482651681
00bbac68_4426,12090.54225705265
00bbac68_4427,12090.60018912827
00bbac68_4428,12090.670456589025
00bbac68_4429,12090.75225263137
00bbac68_4430,12090.844496589321
00bbac68_4431,12090.946871828983
00bbac68_4432,12091.058290829398
00bbac68_4433,12091.313762735123
00bbac68_4434,12091.553236956206
00bbac68_4435,12091.77691187267
00bbac68_4436,12091.984268336422
00bbac68_4437,12092.175799196739
00bbac68_4438,12092.351471881615
00bbac68_4439,12092.510995019991
00bbac68_4440,12092.654590377822
00bbac68_4441,12092.78196826998
00bbac68_4442,12092.893103305445
00bbac68_4443,12092.988254295391
00bbac68_4444,12093.067406436205
00bbac68_4445,12093.130285297111
00bbac68_4446,12093.172252255588
00bbac68_4447,12093.196402175983
00bbac68_4448,12093.202867149861
00bbac68_4449,12093.192263686175
00bbac68_4450,12093.165141010746
00bbac68_4451,12093.121661791976
00bbac68_4452,12093.062169660536
00bbac68_4453,12092.987000844481
00bbac68_4454,12092.921705581564
00bbac68_4455,12092.839502530494
00bbac68_4456,12092.709930953826
00bbac68_4457,12092.563856374994
00bbac68_4458,12092.404211028343
00bbac68_4459,12092.231407208868
00bbac68_4460,12092.045460636913
00bbac68_4461,12091.846584391436
00bbac68_4462,12091.635160548816
00bbac68_4463,12091.411160780212
00bbac68_4464,12091.092792208372
00bbac68_4465,12090.778888139326
00bbac68_4466,12090.476596800498
00bbac68_4467,12090.181366117882
00bbac68_4468,12089.893148892386
00bbac68_4469,12089.61143909963
00bbac68_4470,12089.336220877312
00bbac68_4471,12089.067236886012
00bbac68_4472,12088.804020946744
00bbac68_4473,12088.546619327544
00bbac68_4474,12088.294814560815
00bbac68_4475,12088.173679925074
00bbac68_4476,12088.074437728192
00bbac68_4477,12087.996836746019
00bbac68_4478,12087.941097129586
00bbac68_4479,12087.907222883496
00bbac68_4480,12087.895221215776
00bbac68_4481,12087.90460764806
00bbac68_4482,12087.935884330172
00bbac68_4483,12087.988795849698
00bbac68_4484,12088.063589693738
00bbac68_4485,12088.160281249979
00bbac68_4486,12088.278609494002
00bbac68_4487,12088.418819166709
00bbac68_4488,12088.580673571396
00bbac68_4489,12088.764650019373
00bbac68_4490,12088.970243554473
00bbac68_4491,12089.197710426706
00bbac68_4492,12089.446814896191
00bbac68_4493,12089.717549623614
00bbac68_4494,12089.850358127427
00bbac68_4495,12089.979782101707
00bbac68_4496,12090.105027001704
00bbac68_4497,12090.225572522138
00bbac68_4498,12090.340615192554
00bbac68_4499,12090.44910703459
00bbac68_4500,12090.550262026725
00bbac68_4501,12090.64352067213
00bbac68_4502,12090.727832543225
00bbac68_4503,12090.80291220013
00bbac68_4504,12090.867494461194
00bbac68_4505,12090.92079094295
00bbac68_4506,12090.962260396076
00bbac68_4507,12090.9965681162
00bbac68_4508,12091.021151469495
00bbac68_4509,12091.035989032775
00bbac68_4510,12091.04055881487
00bbac68_4511,12091.034414347696
00bbac68_4512,12091.01774078274
00bbac68_4513,12090.990083046094
00bbac68_4514,12090.951257236311
00bbac68_4515,12090.87127118135
00bbac68_4516,12090.772033964062
00bbac68_4517,12090.688664443425
00bbac68_4518,12090.595839870832
00bbac68_4519,12090.491425234497
00bbac68_4520,12090.374875113523
00bbac68_4521,12090.246313901778
00bbac68_4522,12090.1059297061
00bbac68_4523,12089.953227435539
00bbac68_4524,12089.788370874057
00bbac68_4525,12089.707959512923
00bbac68_4526,12089.627713355108
00bbac68_4527,12089.547155494954
00bbac68_4528,12089.466561809655
00bbac68_4529,12089.385716448793
00bbac68_4530,12089.304890543757
00bbac68_4531,12089.359940238699
00bbac68_4532,12089.255524247374
00bbac68_4533,12089.151959201718
00bbac68_4534,12089.049041466962
00bbac68_4535,12088.947018225876
00bbac68_4536,12088.845891819907
00bbac68_4537,12088.745465910437
00bbac68_4538,12088.645750165195
00bbac68_4539,12088.5467565614
00bbac68_4540,12088.448515134305
00bbac68_4541,12088.351262702368
00bbac68_4542,12088.255011000445
00bbac68_4543,12088.159560625538
00bbac68_4544,12088.064930845152
00bbac68_4545,12087.971141296031
00bbac68_4546,12087.878211255082
00bbac68_4547,12087.786380543672
00bbac68_4548,12087.695416991284
00bbac68_4549,12087.60533590525
00bbac68_4550,12087.515892335652
00bbac68_4551,12087.427332438694
00bbac68_4552,12087.339677515138
00bbac68_4553,12087.252945861002
00bbac68_4554,12087.167157996302
00bbac68_4555,12087.082073136025
00bbac68_4556,12086.998149144416
00bbac68_4557,12086.915145569526
00bbac68_4558,12086.833076073784
00bbac68_4559,12086.751705326738
00bbac68_4560,12086.671273268199
00bbac68_4561,12086.59180353995
00bbac68_4562,12086.513029256701
00bbac68_4563,12086.435213748851
00bbac68_4564,12086.35810071223
00bbac68_4565,12086.281931733676
00bbac68_4566,12086.206729964166
00bbac68_4567,12086.132232019118
00bbac68_4568,12086.058677685201
00bbac68_4569,12085.98609593189
00bbac68_4570,12085.914227478828
00bbac68_4571,12085.843311642158
00bbac68_4572,12085.7733685272
00bbac68_4573,12085.70413795344
00bbac68_4574,12085.635852158985
00bbac68_4575,12085.568521923731
00bbac68_4576,12085.501906749907
00bbac68_4577,12085.436236557685
00bbac68_4578,12085.371521639097
00bbac68_4579,12085.30777941589
00bbac68_4580,12085.244747105915
00bbac68_4581,12085.182654327082
00bbac68_4582,12085.121515802424
00bbac68_4583,12085.061076204047
00bbac68_4584,12085.001568420585
00bbac68_4585,12084.943000105382
00bbac68_4586,12084.88537315122
00bbac68_4587,12084.828447628479
00bbac68_4588,12084.772437857078
00bbac68_4589,12084.71736189965
00bbac68_4590,12084.663221462743
00bbac68_4591,12084.610016973475
00bbac68_4592,12084.397450242814
00bbac68_4593,12084.320834638514
00bbac68_4594,12084.244350826551
00bbac68_4595,12084.22416705235
00bbac68_4596,12084.19155739776
00bbac68_4597,12084.147540025324
00bbac68_4598,12084.180120186275
00bbac68_4599,12084.054540776488
00bbac68_4600,12083.930842399996
00bbac68_4601,12083.809015829078
00bbac68_4602,12083.688815293355
00bbac68_4603,12083.570237181748
00bbac68_4604,12083.453553360145
00bbac68_4605,12083.33875159358
00bbac68_4606,12083.225837906788
00bbac68_4607,12083.114811660093
00bbac68_4608,12083.005413167417
00bbac68_4609,12082.897634285768
00bbac68_4610,12082.791733013286
00bbac68_4611,12082.687714139647
00bbac68_4612,12082.585581672667
00bbac68_4613,12082.485326545871
00bbac68_4614,12082.386719124614
00bbac68_4615,12082.290021955492
00bbac68_4616,12082.195230466803
00bbac68_4617,12082.102073724447
00bbac68_4618,12082.146379173448
00bbac68_4619,12082.169155689606
00bbac68_4620,12082.171185259387
00bbac68_4621,12082.153266410429
00bbac68_4622,12082.115947892413
00bbac68_4623,12082.060300861587
00bbac68_4624,12081.987093042682
00bbac68_4625,12081.896889989308
00bbac68_4626,12081.79074245501
00bbac68_4627,12081.66942905639
00bbac68_4628,12081.533520611942
00bbac68_4629,12081.381704481562
00bbac68_4630,12081.214931757962
00bbac68_4631,12081.034228542096
00bbac68_4632,12080.841015929263
00bbac68_4633,12080.636478771816
00bbac68_4634,12080.421603669485
00bbac68_4635,12080.197769144075
00bbac68_4636,12079.966111325723
00bbac68_4637,12079.727577768983
00bbac68_4638,12079.483479406206
00bbac68_4639,12079.234919459755
00bbac68_4640,12078.98278393738
00bbac68_4641,12078.728349207506
00bbac68_4642,12078.472490603928
00bbac68_4643,12078.21644795956
00bbac68_4644,12077.961240255823
00bbac68_4645,12077.707675346826
00bbac68_4646,12077.456960137692
00bbac68_4647,12077.20987735981
00bbac68_4648,12076.967586189161
00bbac68_4649,12076.730848583817
00bbac68_4650,12076.421555072797
00bbac68_4651,12076.135887611286
00bbac68_4652,12075.874103223045
00bbac68_4653,12075.635935199865
00bbac68_4654,12075.421632415362
00bbac68_4655,12075.230938485514
00bbac68_4656,12074.99791927187
00bbac68_4657,12074.781239083186
00bbac68_4658,12074.581278702499
00bbac68_4659,12074.295158455878
00bbac68_4660,12074.167003066808
00bbac68_4661,12074.06073378068
00bbac68_4662,12074.024939080022
00bbac68_4663,12074.000129662274
00bbac68_4664,12073.987488202598
00bbac68_4665,12073.987293238286
00bbac68_4666,12074.000430568733
00bbac68_4667,12074.127713421143
00bbac68_4668,12074.254948229518
00bbac68_4669,12074.382683060883
00bbac68_4670,12074.510340508026
00bbac68_4671,12074.638060988742
00bbac68_4672,12074.766853472163
00bbac68_4673,12074.898109330614
00bbac68_4674,12075.032822468496
00bbac68_4675,12075.172442838644
00bbac68_4676,12075.318096070512
00bbac68_4677,12075.470721866222
00bbac68_4678,12075.653627526051
00bbac68_4679,12075.549117742434
00bbac68_4680,12075.451781134896
00bbac68_4681,12075.36083228485
00bbac68_4682,12075.27569402783
00bbac68_4683,12075.19558543566
00bbac68_4684,12075.119471124382
00bbac68_4685,12075.04680162503
00bbac68_4686,12074.976778275468
00bbac68_4687,12074.90838091879
00bbac68_4688,12074.841048044642
00bbac68_4689,12074.773973376072
00bbac68_4690,12074.708920306124
00bbac68_4691,12074.645813818686
00bbac68_4692,12074.584787712698
00bbac68_4693,12074.52511124866
00bbac68_4694,12074.466494003662
00bbac68_4695,12074.408910142993
00bbac68_4696,12074.352149172993
00bbac68_4697,12074.295712440946
00bbac68_4698,12074.239591785821
00bbac68_4699,12074.183409271718
00bbac68_4700,12074.12697745897
00bbac68_4701,12074.070560653945
00bbac68_4702,12074.013563952522
00bbac68_4703,12073.956036376896
00bbac68_4704,12073.897683637355
00bbac68_4705,12073.838385058616
00bbac68_4706,12073.77825127379
00bbac68_4707,12073.71700986222
00bbac68_4708,12073.654806470064
00bbac68_4709,12073.591634449705
00bbac68_4710,12073.527397006183
00bbac68_4711,12073.5552367991
00bbac68_4712,12073.593582815865
00bbac68_4713,12073.642183318243
00bbac68_4714,12073.701295297626
00bbac68_4715,12073.770683044753
00bbac68_4716,12073.850591944587
00bbac68_4717,12073.940784217126
00bbac68_4718,12074.091384343787
00bbac68_4719,12074.24112109979
00bbac68_4720,12074.390970915825
00bbac68_4721,12074.541400567796
00bbac68_4722,12074.693366893658
00bbac68_4723,12074.790349359402
00bbac68_4724,12074.884319868963
00bbac68_4725,12074.975931034845
00bbac68_4726,12075.06622434076
00bbac68_4727,12075.155665737657
00bbac68_4728,12075.127284814344
00bbac68_4729,12075.076159814305
00bbac68_4730,12075.00722612066
00bbac68_4731,12074.991977754213
00bbac68_4732,12074.946418652005
00bbac68_4733,12074.871387673611
00bbac68_4734,12074.76732991654
00bbac68_4735,12074.634906500027
00bbac68_4736,12074.474981488209
00bbac68_4737,12074.287993014794
00bbac68_4738,12074.074781317897
00bbac68_4739,12073.809885485829
00bbac68_4740,12073.672576881903
00bbac68_4741,12073.528325643714
00bbac68_4742,12073.377953894875
00bbac68_4743,12073.222022206031
00bbac68_4744,12073.061548185227
00bbac68_4745,12072.897149078877
00bbac68_4746,12072.814065005523
00bbac68_4747,12072.716714944892
00bbac68_4748,12072.605662101423
00bbac68_4749,12072.481711144994
00bbac68_4750,12072.345876035912
00bbac68_4751,12072.19872340882
00bbac68_4752,12072.041310729323
00bbac68_4753,12071.874162201764
00bbac68_4754,12071.698067447638
00bbac68_4755,12071.514087880865
00bbac68_4756,12071.323001529649
00bbac68_4757,12071.125108418366
00bbac68_4758,12070.92168733966
00bbac68_4759,12070.713530274694
00bbac68_4760,12070.5011862798
00bbac68_4761,12070.149880765039
00bbac68_4762,12069.819155543331
00bbac68_4763,12069.509491526242
00bbac68_4764,12069.220661494577
00bbac68_4765,12068.952897564894
00bbac68_4766,12068.706196959738
00bbac68_4767,12068.48031982053
00bbac68_4768,12068.275524297187
00bbac68_4769,12068.091563903718
00bbac68_4770,12067.928422465422
00bbac68_4771,12067.786071824976
00bbac68_4772,12067.664782739912
00bbac68_4773,12067.56429385245
00bbac68_4774,12067.48463626235
00bbac68_4775,12067.42605066555
00bbac68_4776,12067.38828890687
00bbac68_4777,12067.371595173936
00bbac68_4778,12067.375715183021
00bbac68_4779,12067.34212263174
00bbac68_4780,12067.323155691718
00bbac68_4781,12067.319007172233
00bbac68_4782,12067.330112735019
00bbac68_4783,12067.356422635825
00bbac68_4784,12067.398160112483
00bbac68_4785,12067.455814089153
00bbac68_4786,12067.529375162576
00bbac68_4787,12067.619346102914
00bbac68_4788,12067.725963026032
00bbac68_4789,12067.849355753599
00bbac68_4790,12067.992726819779
00bbac68_4791,12068.151229705796
00bbac68_4792,12068.242119049728
00bbac68_4793,12068.473833835356
00bbac68_4794,12068.686807653774
00bbac68_4795,12068.881805623916
00bbac68_4796,12069.059804180917
00bbac68_4797,12069.124285441561
00bbac68_4798,12069.187444039415
00bbac68_4799,12069.249943531831
00bbac68_4800,12069.312643997308
00bbac68_4801,12069.37622551737
00bbac68_4802,12069.441174104817
00bbac68_4803,12069.508349711807
00bbac68_4804,12069.578212724478
00bbac68_4805,12069.651440090705
00bbac68_4806,12069.728913545332
00bbac68_4807,12069.71170311967
00bbac68_4808,12069.681313584517
00bbac68_4809,12069.637725588515
00bbac68_4810,12069.580397599402
00bbac68_4811,12069.641578003486
00bbac68_4812,12069.66826496043
00bbac68_4813,12069.660220961485
00bbac68_4814,12069.617449195031
00bbac68_4815,12069.54020164319
00bbac68_4816,12069.299449575892
00bbac68_4817,12069.175203620693
00bbac68_4818,12069.015696212226
00bbac68_4819,12068.820701446184
00bbac68_4820,12068.564424894801
00bbac68_4821,12068.27504251475
00bbac68_4822,12068.112419311192
00bbac68_4823,12067.942040366817
00bbac68_4824,12067.764696060067
00bbac68_4825,12067.581675294268
00bbac68_4826,12067.393943202538
00bbac68_4827,12067.202253088988
00bbac68_4828,12067.00785447505
00bbac68_4829,12066.81146954488
00bbac68_4830,12066.614304896633
00bbac68_4831,12066.417052965391
00bbac68_4832,12066.223167540655
00bbac68_4833,12066.030828402376
00bbac68_4834,12065.840986551075
00bbac68_4835,12065.654558347376
00bbac68_4836,12065.399770948019
00bbac68_4837,12065.165112830347
00bbac68_4838,12065.017789123185
00bbac68_4839,12064.811532420308
00bbac68_4840,12064.625553141585
00bbac68_4841,12064.46010636749
00bbac68_4842,12064.315204644665
00bbac68_4843,12064.24579563019
00bbac68_4844,12064.132436219626
00bbac68_4845,12064.089933527835
00bbac68_4846,12064.056910639632
00bbac68_4847,12064.034345204585
00bbac68_4848,12064.022687939716
00bbac68_4849,12064.022873800903
00bbac68_4850,12064.035590564252
00bbac68_4851,12064.061258896509
00bbac68_4852,12064.100763832688
00bbac68_4853,12064.154757669392
00bbac68_4854,12064.063549604718
00bbac68_4855,12063.96303442946
00bbac68_4856,12063.853015531633
00bbac68_4857,12063.733288663238
00bbac68_4858,12063.836177643147
00bbac68_4859,12063.931833824765
00bbac68_4860,12063.89823519686
00bbac68_4861,12063.867745026842
00bbac68_4862,12063.855852828148
00bbac68_4863,12063.862846977616
00bbac68_4864,12063.88881690751
00bbac68_4865,12063.934260085842
00bbac68_4866,12063.999505889573
00bbac68_4867,12064.084898198505
00bbac68_4868,12064.190583586635
00bbac68_4869,12064.317116466797
00bbac68_4870,12064.464884767422
00bbac68_4871,12064.634289392909
00bbac68_4872,12064.669557343617
00bbac68_4873,12064.699968216668
00bbac68_4874,12064.724745096604
00bbac68_4875,12064.743094969175
00bbac68_4876,12064.754225064706
00bbac68_4877,12064.908884076658
00bbac68_4878,12064.926485041571
00bbac68_4879,12064.93525913906
00bbac68_4880,12064.934411402755
00bbac68_4881,12064.95352821814
00bbac68_4882,12065.01769774221
00bbac68_4883,12065.067239698168
00bbac68_4884,12065.10269429681
00bbac68_4885,12065.124433764899
00bbac68_4886,12065.133207258314
00bbac68_4887,12065.21763871054
00bbac68_4888,12065.274946788317
00bbac68_4889,12065.217887779556
00bbac68_4890,12065.151036464607
00bbac68_4891,12065.074754227977
00bbac68_4892,12064.989796510165
00bbac68_4893,12064.894033299008
00bbac68_4894,12064.790050981544
00bbac68_4895,12064.678554112914
00bbac68_4896,12064.559888393682
00bbac68_4897,12064.520111752126
00bbac68_4898,12064.611398714707
00bbac68_4899,12064.479826972405
00bbac68_4900,12064.421334148126
00bbac68_4901,12064.36915128096
00bbac68_4902,12064.324314319689
00bbac68_4903,12064.288809975456
00bbac68_4904,12064.197873151394
00bbac68_4905,12064.171133843898
00bbac68_4906,12064.094469494003
00bbac68_4907,12064.020776369041
00bbac68_4908,12063.950212011221
00bbac68_4909,12063.882714859117
00bbac68_4910,12063.818743523121
00bbac68_4911,12063.758491094779
00bbac68_4912,12063.83777548574
00bbac68_4913,12063.8978373297
00bbac68_4914,12063.93971102842
00bbac68_4915,12063.964217616403
00bbac68_4916,12063.972687183592
00bbac68_4917,12063.965964023593
00bbac68_4918,12063.945412514444
00bbac68_4919,12063.772972608225
00bbac68_4920,12063.56403207777
00bbac68_4921,12063.463840287399
00bbac68_4922,12063.364844413425
00bbac68_4923,12063.255326615035
00bbac68_4924,12063.135837919704
00bbac68_4925,12063.00742083622
00bbac68_4926,12062.870623927962
00bbac68_4927,12062.726482653554
00bbac68_4928,12062.575554101795
00bbac68_4929,12062.418873099488
00bbac68_4930,12062.256990990638
00bbac68_4931,12062.090936102188
00bbac68_4932,12061.921262874073
00bbac68_4933,12061.748998324818
00bbac68_4934,12061.574700740288
00bbac68_4935,12061.399387405063
00bbac68_4936,12061.223609551946
00bbac68_4937,12060.912343600072
00bbac68_4938,12060.761970686393
00bbac68_4939,12060.612761029197
00bbac68_4940,12060.464725339738
00bbac68_4941,12060.317180216733
00bbac68_4942,12060.171334521516
00bbac68_4943,12059.971095081404
00bbac68_4944,12059.76658807058
00bbac68_4945,12059.561999489217
00bbac68_4946,12059.358655672011
00bbac68_4947,12059.157706351956
00bbac68_4948,12058.856628701189
00bbac68_4949,12058.569572231774
00bbac68_4950,12058.3741918556
00bbac68_4951,12058.151064155234
00bbac68_4952,12057.93678589332
00bbac68_4953,12057.633928217972
00bbac68_4954,12057.361783786788
00bbac68_4955,12057.120892563595
00bbac68_4956,12056.911327803085
00bbac68_4957,12056.73363907891
00bbac68_4958,12056.588012593664
00bbac68_4959,12056.325918634262
00bbac68_4960,12056.22242865419
00bbac68_4961,12056.151584422798
00bbac68_4962,12056.113623156694
00bbac68_4963,12056.108499220323
00bbac68_4964,12056.134326961423
00bbac68_4965,12056.190876290493
00bbac68_4966,12056.2781426192
00bbac68_4967,12056.396386338483
00bbac68_4968,12056.594049417608
00bbac68_4969,12056.811636036884
00bbac68_4970,12057.050107646524
00bbac68_4971,12057.309916123977
00bbac68_4972,12057.59172648878
00bbac68_4973,12057.736404934381
00bbac68_4974,12057.879586292825
00bbac68_4975,12058.020874649805
00bbac68_4976,12058.160360414568
00bbac68_4977,12058.297600869559
00bbac68_4978,12058.432648522177
00bbac68_4979,12058.565042392167
00bbac68_4980,12058.69453463673
00bbac68_4981,12058.82130419031
00bbac68_4982,12058.944642034965
00bbac68_4983,12059.06451347401
00bbac68_4984,12059.180389883242
00bbac68_4985,12059.292215640231
00bbac68_4986,12059.39961575712
00bbac68_4987,12059.502280370343
00bbac68_4988,12059.599748698
00bbac68_4989,12059.69417417145
00bbac68_4990,12059.78452770422
00bbac68_4991,12059.870253621883
00bbac68_4992,12059.950543769042
00bbac68_4993,12060.024584291068
00bbac68_4994,12060.09134036371
00bbac68_4995,12060.15025501708
00bbac68_4996,12060.200297137086
00bbac68_4997,12060.241135616941
00bbac68_4998,12060.43178270967
00bbac68_4999,12060.476106857986
00bbac68_5000,12060.509395346779
00bbac68_5001,12060.66764697174
00bbac68_5002,12060.790683949492
00bbac68_5003,12060.876889724641
00bbac68_5004,12060.931853447455
00bbac68_5005,12060.966345640807
00bbac68_5006,12060.969832838888
00bbac68_5007,12060.943265271264
00bbac68_5008,12060.886934342512
00bbac68_5009,12060.801191568296
00bbac68_5010,12060.60804203253
00bbac68_5011,12060.385546735117
00bbac68_5012,12060.22543550692
00bbac68_5013,12060.037953989928
00bbac68_5014,12059.939889012046
00bbac68_5015,12059.831060363267
00bbac68_5016,12059.712241564643
00bbac68_5017,12059.584193351846
00bbac68_5018,12059.44773025458
00bbac68_5019,12059.303661142752
00bbac68_5020,12059.152755971369
00bbac68_5021,12058.99578324818
00bbac68_5022,12058.833553286633
00bbac68_5023,12058.66687551546
00bbac68_5024,12058.496520728353
00bbac68_5025,12058.323262378186
00bbac68_5026,12058.14790163447
00bbac68_5027,12057.97125650112
00bbac68_5028,12057.79412816527
00bbac68_5029,12057.424384592021
00bbac68_5030,12057.073048403463
00bbac68_5031,12056.740310255338
00bbac68_5032,12056.426355322494
00bbac68_5033,12056.131624195747
00bbac68_5034,12055.856072343191
00bbac68_5035,12055.599711350005
00bbac68_5036,12055.363210235653
00bbac68_5037,12055.146559734247
00bbac68_5038,12054.950042293794
00bbac68_5039,12054.773955696683
00bbac68_5040,12054.61882622012
00bbac68_5041,12054.484717216204
00bbac68_5042,12054.371748186084
00bbac68_5043,12054.280447460675
00bbac68_5044,12054.211412812647
00bbac68_5045,12054.214189989456
00bbac68_5046,12054.181776337735
00bbac68_5047,12054.21722337074
00bbac68_5048,12054.266601531908
00bbac68_5049,12054.33066541756
00bbac68_5050,12054.370466817096
00bbac68_5051,12054.43307893149
00bbac68_5052,12054.5182588209
00bbac68_5053,12054.625755527857
00bbac68_5054,12054.755810674758
00bbac68_5055,12054.908667942787
00bbac68_5056,12055.084088954985
00bbac68_5057,12055.282089479835
00bbac68_5058,12055.552246085581
00bbac68_5059,12055.833975887608
00bbac68_5060,12056.128009024633
00bbac68_5061,12056.435237973059
00bbac68_5062,12056.596102004534
00bbac68_5063,12056.748928496827
00bbac68_5064,12056.896916199097
00bbac68_5065,12057.035645130287
00bbac68_5066,12057.156063139511
00bbac68_5067,12057.265281299711
00bbac68_5068,12057.363033990512
00bbac68_5069,12057.44913865098
00bbac68_5070,12057.523386803847
00bbac68_5071,12057.643466433214
00bbac68_5072,12057.762853597489
00bbac68_5073,12057.818729513965
00bbac68_5074,12057.862468862751
00bbac68_5075,12057.893575797503
00bbac68_5076,12057.911761577121
00bbac68_5077,12057.916451855315
00bbac68_5078,12057.90773222819
00bbac68_5079,12057.886342121737
00bbac68_5080,12057.852826680584
00bbac68_5081,12057.806378182517
00bbac68_5082,12057.746181139588
00bbac68_5083,12057.671471347192
00bbac68_5084,12057.581701013474
00bbac68_5085,12057.47556656177
00bbac68_5086,12057.352522443687
00bbac68_5087,12057.21202386521
00bbac68_5088,12057.05303029621
00bbac68_5089,12056.874778766623
00bbac68_5090,12056.8364958561
00bbac68_5091,12056.802341616256
00bbac68_5092,12056.772332883216
00bbac68_5093,12056.74650049652
00bbac68_5094,12056.724820488054
00bbac68_5095,12056.70727920938
00bbac68_5096,12056.693901544078
00bbac68_5097,12056.68467080956
00bbac68_5098,12056.679573728303
00bbac68_5099,12056.678627647227
00bbac68_5100,12056.797462382703
00bbac68_5101,12056.784924001433
00bbac68_5102,12056.887768590876
00bbac68_5103,12057.001890623742
00bbac68_5104,12057.098068446317
00bbac68_5105,12057.041023080277
00bbac68_5106,12056.932796694731
00bbac68_5107,12056.881040496464
00bbac68_5108,12056.783512653932
00bbac68_5109,12056.687217607909
00bbac68_5110,12056.592770665686
00bbac68_5111,12056.544113743532
00bbac68_5112,12056.544627100982
00bbac68_5113,12056.541493529483
00bbac68_5114,12056.535193439158
00bbac68_5115,12056.52640550043
00bbac68_5116,12056.51570984963
00bbac68_5117,12056.503768730388
00bbac68_5118,12056.491219377023
00bbac68_5119,12056.4199802347
00bbac68_5120,12056.343213450598
00bbac68_5121,12056.26145327072
00bbac68_5122,12056.175234899933
00bbac68_5123,12056.085663990956
00bbac68_5124,12055.993278389864
00bbac68_5125,12055.898824941441
00bbac68_5126,12055.803019789428
00bbac68_5127,12055.706575123035
00bbac68_5128,12055.610242136343
00bbac68_5129,12055.514738989483
00bbac68_5130,12055.420926314908
00bbac68_5131,12055.331779356495
00bbac68_5132,12055.247422448183
00bbac68_5133,12055.168603830438
00bbac68_5134,12055.095422293625
00bbac68_5135,12055.02804252659
00bbac68_5136,12054.967262243452
00bbac68_5137,12054.913223188745
00bbac68_5138,12054.866334377837
00bbac68_5139,12054.82705269432
00bbac68_5140,12054.794219821002
00bbac68_5141,12054.766739876719
00bbac68_5142,12054.744601618535
00bbac68_5143,12054.727786700354
00bbac68_5144,12054.716315983314
00bbac68_5145,12054.710181404685
00bbac68_5146,12054.709361025163
00bbac68_5147,12054.71388351182
00bbac68_5148,12054.723506546874
00bbac68_5149,12054.738704217274
00bbac68_5150,12054.759238400386
00bbac68_5151,12054.78486673445
00bbac68_5152,12054.816070403642
00bbac68_5153,12054.852600466174
00bbac68_5154,12054.894481936175
00bbac68_5155,12054.941706560554
00bbac68_5156,12055.130082870606
00bbac68_5157,12055.164561847872
00bbac68_5158,12055.205165534628
00bbac68_5159,12055.251878392524
00bbac68_5160,12055.304736849694
00bbac68_5161,12055.227544840738
00bbac68_5162,12055.271428109229
00bbac68_5163,12055.190493283015
00bbac68_5164,12055.06487180169
00bbac68_5165,12054.919024239769
00bbac68_5166,12054.912225729768
00bbac68_5167,12054.908899884957
00bbac68_5168,12054.90853689941
00bbac68_5169,12054.91161057908
00bbac68_5170,12054.917884631592
00bbac68_5171,12054.92734103728
00bbac68_5172,12054.939969852261
00bbac68_5173,12054.90492311412
00bbac68_5174,12054.867693890526
00bbac68_5175,12054.828911965054
00bbac68_5176,12054.788764045526
00bbac68_5177,12054.747016528363
00bbac68_5178,12054.704332915386
00bbac68_5179,12054.660950622769
00bbac68_5180,12054.708776345153
00bbac68_5181,12054.737962069794
00bbac68_5182,12054.749924825659
00bbac68_5183,12054.661111371175
00bbac68_5184,12054.574395118365
00bbac68_5185,12054.490278898233
00bbac68_5186,12054.409099587696
00bbac68_5187,12054.330769094902
00bbac68_5188,12054.256100616305
00bbac68_5189,12054.185474831858
00bbac68_5190,12054.119071592044
00bbac68_5191,12054.057306454295
00bbac68_5192,12053.997925930109
00bbac68_5193,12053.940924682058
00bbac68_5194,12053.886040864487
00bbac68_5195,12053.833498108654
00bbac68_5196,12053.78307004241
00bbac68_5197,12053.734757399236
00bbac68_5198,12053.688783886097
00bbac68_5199,12053.645158698808
00bbac68_5200,12053.603608033442
00bbac68_5201,12053.564597422428
00bbac68_5202,12053.527864004802
00bbac68_5203,12053.493144231323
00bbac68_5204,12053.596506022914
00bbac68_5205,12053.678708281937
00bbac68_5206,12053.74028645819
00bbac68_5207,12053.782274869487
00bbac68_5208,12053.805471707228
00bbac68_5209,12053.810910142567
00bbac68_5210,12053.663041823955
00bbac68_5211,12053.522148353293
00bbac68_5212,12053.524078444112
00bbac68_5213,12053.509554925757
00bbac68_5214,12053.343526094734
00bbac68_5215,12053.186056669741
00bbac68_5216,12053.036891426884
00bbac68_5217,12052.736468130433
00bbac68_5218,12052.579626573648
00bbac68_5219,12052.430296944673
00bbac68_5220,12052.31720823644
00bbac68_5221,12052.204556272109
00bbac68_5222,12052.09314373767
00bbac68_5223,12051.983095420906
00bbac68_5224,12051.875405313076
00bbac68_5225,12051.770167512426
00bbac68_5226,12051.668357184855
00bbac68_5227,12051.570305302881
00bbac68_5228,12051.47646759113
00bbac68_5229,12051.387380918992
00bbac68_5230,12051.303472255677
00bbac68_5231,12051.225253114451
00bbac68_5232,12051.154351761561
00bbac68_5233,12051.092243374364
00bbac68_5234,12051.038938500764
00bbac68_5235,12050.994673834284
00bbac68_5236,12050.958956724995
00bbac68_5237,12051.06786292024
00bbac68_5238,12051.162382454488
00bbac68_5239,12051.243051029094
00bbac68_5240,12051.310415528405
00bbac68_5241,12051.257518888298
00bbac68_5242,12051.179121959427
00bbac68_5243,12051.075913995186
00bbac68_5244,12051.048276623344
00bbac68_5245,12051.010016755656
00bbac68_5246,12050.826086449804
00bbac68_5247,12050.656509203247
00bbac68_5248,12050.501537225147
00bbac68_5249,12050.360938940903
00bbac68_5250,12050.234698515702
00bbac68_5251,12050.122813381451
00bbac68_5252,12050.0252735994
00bbac68_5253,12049.942072193053
00bbac68_5254,12049.873205689633
00bbac68_5255,12049.818664511267
00bbac68_5256,12049.778455200287
00bbac68_5257,12049.752837962493
00bbac68_5258,12049.741367943208
00bbac68_5259,12049.744311220356
00bbac68_5260,12049.761670030624
00bbac68_5261,12049.793454169649
00bbac68_5262,12049.839395398616
00bbac68_5263,12049.899729735504
00bbac68_5264,12049.974463370334
00bbac68_5265,12049.903561594378
00bbac68_5266,12049.95790315969
00bbac68_5267,12049.977450815388
00bbac68_5268,12049.962220767535
00bbac68_5269,12049.912225783857
00bbac68_5270,12049.827219458572
00bbac68_5271,12049.867483348025
00bbac68_5272,12049.897768341343
00bbac68_5273,12049.759108464017
00bbac68_5274,12049.587087357117
00bbac68_5275,12049.541995730558
00bbac68_5276,12049.48880665728
00bbac68_5277,12049.428344526286
00bbac68_5278,12049.361153778289
00bbac68_5279,12049.288277645332
00bbac68_5280,12049.21030274427
00bbac68_5281,12049.09476011669
00bbac68_5282,12048.973651906788
00bbac68_5283,12048.84786449721
00bbac68_5284,12048.71869132309
00bbac68_5285,12048.58705335256
00bbac68_5286,12048.454056127699
00bbac68_5287,12048.320902433561
00bbac68_5288,12048.115155345555
00bbac68_5289,12047.921839369099
00bbac68_5290,12047.685250762035
00bbac68_5291,12047.475773965007
00bbac68_5292,12047.293809778133
00bbac68_5293,12047.138413448467
00bbac68_5294,12047.008598928724
00bbac68_5295,12046.904120369014
00bbac68_5296,12046.824743534467
00bbac68_5297,12046.770990635398
00bbac68_5298,12046.58258241159
00bbac68_5299,12046.39453752045
00bbac68_5300,12046.20606311052
00bbac68_5301,12046.152217655133
00bbac68_5302,12046.072987226931
00bbac68_5303,12045.968366108516
00bbac68_5304,12045.83834159894
00bbac68_5305,12045.682942560074
00bbac68_5306,12045.50219939229
00bbac68_5307,12045.456145397624
00bbac68_5308,12045.409502892644
00bbac68_5309,12045.363329735645
00bbac68_5310,12045.31839844777
00bbac68_5311,12045.139666853009
00bbac68_5312,12044.986933945649
00bbac68_5313,12044.860456650275
00bbac68_5314,12044.76058344237
00bbac68_5315,12044.686288830073
00bbac68_5316,12044.63825381708
00bbac68_5317,12044.61645920723
00bbac68_5318,12044.620668749792
00bbac68_5319,12044.651395431454
00bbac68_5320,12044.708399192485
00bbac68_5321,12044.791441477526
00bbac68_5322,12044.900770801683
00bbac68_5323,12045.036373681794
00bbac68_5324,12045.19800549682
00bbac68_5325,12045.385918190903
00bbac68_5326,12045.600092195784
00bbac68_5327,12045.68024066316
00bbac68_5328,12045.761649190465
00bbac68_5329,12045.843279161563
00bbac68_5330,12045.924583469181
00bbac68_5331,12046.004748559442
00bbac68_5332,12046.082734198819
00bbac68_5333,12046.158256031627
00bbac68_5334,12046.230053869132
00bbac68_5335,12046.297574899467
00bbac68_5336,12046.36000281142
00bbac68_5337,12046.41630060984
00bbac68_5338,12046.465916725416
00bbac68_5339,12046.507808272165
00bbac68_5340,12046.541424460036
00bbac68_5341,12046.566214206441
00bbac68_5342,12046.580908532154
00bbac68_5343,12046.584956354689
00bbac68_5344,12046.577313757078
00bbac68_5345,12046.557428333823
00bbac68_5346,12046.524254844579
00bbac68_5347,12046.477502625406
00bbac68_5348,12046.415908521232
00bbac68_5349,12046.425863753659
00bbac68_5350,12046.436100878671
00bbac68_5351,12046.513715959632
00bbac68_5352,12046.735227329913
00bbac68_5353,12046.941616465521
00bbac68_5354,12047.053795402438
00bbac68_5355,12047.16343077449
00bbac68_5356,12047.271250849919
00bbac68_5357,12047.37823174322
00bbac68_5358,12047.484852983445
00bbac68_5359,12047.591789908485
00bbac68_5360,12047.699720987453
00bbac68_5361,12047.809297888325
00bbac68_5362,12047.72466383976
00bbac68_5363,12047.627078034251
00bbac68_5364,12047.515060050478
00bbac68_5365,12047.388146090603
00bbac68_5366,12047.245784781393
00bbac68_5367,12047.086938974011
00bbac68_5368,12046.911009996877
00bbac68_5369,12046.729845992439
00bbac68_5370,12046.51489910512
00bbac68_5371,12046.280273145361
00bbac68_5372,12046.188390848933
00bbac68_5373,12046.09972566795
00bbac68_5374,12046.021055425581
00bbac68_5375,12045.941550165222
00bbac68_5376,12045.862901404193
00bbac68_5377,12045.784758282707
00bbac68_5378,12045.708343285254
00bbac68_5379,12045.635880111096
00bbac68_5380,12045.567358366554
00bbac68_5381,12045.502725049493
00bbac68_5382,12045.441969632091
00bbac68_5383,12045.385083927646
00bbac68_5384,12045.332024251695
00bbac68_5385,12045.283009682094
00bbac68_5386,12045.23777235635
00bbac68_5387,12045.19604075374
00bbac68_5388,12045.2941385627
00bbac68_5389,12045.372552383238
00bbac68_5390,12045.296470970878
00bbac68_5391,12045.22568141694
00bbac68_5392,12045.160144056836
00bbac68_5393,12045.10032541188
00bbac68_5394,12045.045701499947
00bbac68_5395,12044.996511318524
00bbac68_5396,12044.952505240577
00bbac68_5397,12044.91365738018
00bbac68_5398,12044.880441757054
00bbac68_5399,12044.8523459779
00bbac68_5400,12044.829620122648
00bbac68_5401,12044.812250459883
00bbac68_5402,12044.799960222557
00bbac68_5403,12044.793006240965
00bbac68_5404,12044.79137813107
00bbac68_5405,12044.795073098558
00bbac68_5406,12044.90082513105
00bbac68_5407,12044.99271886175
00bbac68_5408,12045.115856750934
00bbac68_5409,12045.222246593474
00bbac68_5410,12045.312204064241
00bbac68_5411,12045.386755683878
00bbac68_5412,12045.44019492304
00bbac68_5413,12045.318383065061
00bbac68_5414,12045.157350341236
00bbac68_5415,12045.05150703251
00bbac68_5416,12044.924937006408
00bbac68_5417,12044.778904948005
00bbac68_5418,12044.614671326104
00bbac68_5419,12044.433498452654
00bbac68_5420,12044.236658592876
00bbac68_5421,12044.025420718302
00bbac68_5422,12043.801052072577
00bbac68_5423,12043.608098246523
00bbac68_5424,12043.408065165844
00bbac68_5425,12043.20283784361
00bbac68_5426,12042.992925822664
00bbac68_5427,12042.824267889317
00bbac68_5428,12042.647742385569
00bbac68_5429,12042.464122594483
00bbac68_5430,12042.259268944656
00bbac68_5431,12041.956555377827
00bbac68_5432,12041.66482583826
00bbac68_5433,12041.490842634219
00bbac68_5434,12041.312356036444
00bbac68_5435,12041.121736169947
00bbac68_5436,12040.929659340232
00bbac68_5437,12040.737111446439
00bbac68_5438,12040.545258493954
00bbac68_5439,12040.354669352437
00bbac68_5440,12040.164479223722
00bbac68_5441,12039.839165394164
00bbac68_5442,12039.539021093058
00bbac68_5443,12039.264293074197
00bbac68_5444,12039.014735577046
00bbac68_5445,12038.79010711945
00bbac68_5446,12038.590662664803
00bbac68_5447,12038.416385846564
00bbac68_5448,12038.267544216531
00bbac68_5449,12037.983633808282
00bbac68_5450,12037.699953368001
00bbac68_5451,12037.575756541077
00bbac68_5452,12037.475211446139
00bbac68_5453,12037.398329082924
00bbac68_5454,12037.344615826683
00bbac68_5455,12037.31458032359
00bbac68_5456,12037.308229731305
00bbac68_5457,12037.325574793776
00bbac68_5458,12037.366409453869
00bbac68_5459,12037.430750614933
00bbac68_5460,12037.518841834164
00bbac68_5461,12037.630703269753
00bbac68_5462,12037.901926056009
00bbac68_5463,12038.173283436721
00bbac68_5464,12038.445861885066
00bbac68_5465,12038.720218450853
00bbac68_5466,12038.997404046768
00bbac68_5467,12039.164000403769
00bbac68_5468,12039.319953678905
00bbac68_5469,12039.414022346704
00bbac68_5470,12039.487805661689
00bbac68_5471,12039.541569421675
00bbac68_5472,12039.575086711859
00bbac68_5473,12039.596078852834
00bbac68_5474,12039.601110961852
00bbac68_5475,12039.590907671012
00bbac68_5476,12039.565816484368
00bbac68_5477,12039.526382202555
00bbac68_5478,12039.47293795967
00bbac68_5479,12039.4063280677
00bbac68_5480,12039.327145786
00bbac68_5481,12039.235999262435
00bbac68_5482,12039.133509245645
00bbac68_5483,12039.020316004677
00bbac68_5484,12038.89685278746
00bbac68_5485,12038.76405890036
00bbac68_5486,12038.622405124572
00bbac68_5487,12038.472778790512
00bbac68_5488,12038.262962762643
00bbac68_5489,12038.035357304958
00bbac68_5490,12037.72505270552
00bbac68_5491,12037.40552980551
00bbac68_5492,12037.202797491165
00bbac68_5493,12037.003671761913
00bbac68_5494,12036.690391791466
00bbac68_5495,12036.370242954918
00bbac68_5496,12036.043260716344
00bbac68_5497,12035.70937081149
00bbac68_5498,12035.370756139528
00bbac68_5499,12035.029464794394
00bbac68_5500,12034.679866271836
00bbac68_5501,12034.41466143424
00bbac68_5502,12034.285316475007
00bbac68_5503,12034.156777118296
00bbac68_5504,12034.030463657738
00bbac68_5505,12033.907573492426
00bbac68_5506,12033.78954749789
00bbac68_5507,12033.556899723073
00bbac68_5508,12033.354550199805
00bbac68_5509,12033.182480373533
00bbac68_5510,12033.040714772156
00bbac68_5511,12032.92928354536
00bbac68_5512,12032.84817063712
00bbac68_5513,12032.79736221676
00bbac68_5514,12032.776841365405
00bbac68_5515,12032.786864309564
00bbac68_5516,12032.827188812786
00bbac68_5517,12032.897800265699
00bbac68_5518,12032.99846307131
00bbac68_5519,12033.129694333862
00bbac68_5520,12033.29125216717
00bbac68_5521,12033.48312437247
00bbac68_5522,12033.705298314313
00bbac68_5523,12033.797715171037
00bbac68_5524,12033.895666973098
00bbac68_5525,12033.998120228338
00bbac68_5526,12034.104273845896
00bbac68_5527,12034.213092213346
00bbac68_5528,12034.324034910882
00bbac68_5529,12034.436560287519
00bbac68_5530,12034.54964010032
00bbac68_5531,12034.662466024743
00bbac68_5532,12034.774231018822
00bbac68_5533,12035.019961663525
00bbac68_5534,12035.239871198479
00bbac68_5535,12035.433719631692
00bbac68_5536,12035.60149652845
00bbac68_5537,12035.743191261236
00bbac68_5538,12035.858793202318
00bbac68_5539,12035.948333808867
00bbac68_5540,12036.01184135018
00bbac68_5541,12036.049305206745
00bbac68_5542,12036.060713608384
00bbac68_5543,12035.910225530271
00bbac68_5544,12035.816277171421
00bbac68_5545,12035.70635394749
00bbac68_5546,12035.580217060939
00bbac68_5547,12035.437837240685
00bbac68_5548,12035.279352391459
00bbac68_5549,12035.104494762278
00bbac68_5550,12034.913188549497
00bbac68_5551,12034.781539562178
00bbac68_5552,12034.741019755747
00bbac68_5553,12034.680874640635
00bbac68_5554,12034.615301743133
00bbac68_5555,12034.536566461411
00bbac68_5556,12034.460972390183
00bbac68_5557,12034.239223605402
00bbac68_5558,12034.031348201148
00bbac68_5559,12033.83486397579
00bbac68_5560,12033.646885603048
00bbac68_5561,12033.472343585823
00bbac68_5562,12033.20183421797
00bbac68_5563,12032.927768378762
00bbac68_5564,12032.65007217596
00bbac68_5565,12032.3684827427
00bbac68_5566,12032.082444127085
00bbac68_5567,12031.791683795123
00bbac68_5568,12031.638058950459
00bbac68_5569,12031.498301382284
00bbac68_5570,12031.372409426775
00bbac68_5571,12031.260880972699
00bbac68_5572,12031.163226713368
00bbac68_5573,12031.079447680686
00bbac68_5574,12031.009776078019
00bbac68_5575,12030.953948357817
00bbac68_5576,12030.91219898675
00bbac68_5577,12030.88426543449
00bbac68_5578,12030.870156049808
00bbac68_5579,12030.87036875404
00bbac68_5580,12030.884420510958
00bbac68_5581,12030.912545932779
00bbac68_5582,12030.954490617874
00bbac68_5583,12031.010494537988
00bbac68_5584,12031.080297776698
00bbac68_5585,12031.164141390404
00bbac68_5586,12031.261995510036
00bbac68_5587,12031.373609827839
00bbac68_5588,12031.635323510589
00bbac68_5589,12031.88740785216
00bbac68_5590,12032.130903050347
00bbac68_5591,12032.366580537735
00bbac68_5592,12032.594985531068
00bbac68_5593,12032.817159983646
00bbac68_5594,12032.87360764576
00bbac68_5595,12032.9004057076
00bbac68_5596,12032.89753736043
00bbac68_5597,12032.729155306068
00bbac68_5598,12032.554268459407
00bbac68_5599,12032.508164126992
00bbac68_5600,12032.4310526048
00bbac68_5601,12032.32246982439
00bbac68_5602,12032.182671594313
00bbac68_5603,12032.011647537302
00bbac68_5604,12031.969431468064
00bbac68_5605,12031.851235893762
00bbac68_5606,12031.719504085011
00bbac68_5607,12031.575416945658
00bbac68_5608,12031.419908145786
00bbac68_5609,12031.253712936905
00bbac68_5610,12031.077976373195
00bbac68_5611,12030.89367875969
00bbac68_5612,12030.70181676009
00bbac68_5613,12030.393811794951
00bbac68_5614,12030.063235559912
00bbac68_5615,12029.710588288011
00bbac68_5616,12029.336390244574
00bbac68_5617,12028.92351668769
00bbac68_5618,12028.644427948384
00bbac68_5619,12028.364095409968
00bbac68_5620,12028.083321685794
00bbac68_5621,12027.802907029834
00bbac68_5622,12027.523386049723
00bbac68_5623,12027.245791211835
00bbac68_5624,12026.970928405031
00bbac68_5625,12026.699601098077
00bbac68_5626,12026.432352373064
00bbac68_5627,12026.170216801236
00bbac68_5628,12025.91422809481
00bbac68_5629,12025.664666270439
00bbac68_5630,12025.422569009123
00bbac68_5631,12025.188750011124
00bbac68_5632,12024.963756572297
00bbac68_5633,12024.748627132463
00bbac68_5634,12024.54418030929
00bbac68_5635,12024.35118976778
00bbac68_5636,12024.128706595111
00bbac68_5637,12023.923596019045
00bbac68_5638,12023.739376472608
00bbac68_5639,12023.485869704742
00bbac68_5640,12023.270230254082
00bbac68_5641,12023.092937643467
00bbac68_5642,12022.953493091554
00bbac68_5643,12022.852150358964
00bbac68_5644,12022.788674550347
00bbac68_5645,12022.89915872895
00bbac68_5646,12023.024343048792
00bbac68_5647,12023.16475409073
00bbac68_5648,12023.32144223206
00bbac68_5649,12023.33492711253
00bbac68_5650,12023.341305317463
00bbac68_5651,12023.340571632014
00bbac68_5652,12023.332460265214
00bbac68_5653,12023.317236305335
00bbac68_5654,12023.294671854917
00bbac68_5655,12023.265260057811
00bbac68_5656,12023.228512410582
00bbac68_5657,12023.184431762369
00bbac68_5658,12023.29306308638
00bbac68_5659,12023.419864609545
00bbac68_5660,12023.405100009068
00bbac68_5661,12023.384606161895
00bbac68_5662,12023.358879393394
00bbac68_5663,12023.32743415535
00bbac68_5664,12023.290278754866
00bbac68_5665,12023.24742544242
00bbac68_5666,12023.199104459618
00bbac68_5667,12023.145325146783
00bbac68_5668,12023.085871362146
00bbac68_5669,12023.02098052931
00bbac68_5670,12022.950399683497
00bbac68_5671,12022.874138705298
00bbac68_5672,12022.792435975947
00bbac68_5673,12022.705038067823
00bbac68_5674,12022.579661240832
00bbac68_5675,12022.451847838907
00bbac68_5676,12022.32166114813
00bbac68_5677,12022.189358935118
00bbac68_5678,12021.980660650926
00bbac68_5679,12021.783169081009
00bbac68_5680,12021.596662372911
00bbac68_5681,12021.418819794451
00bbac68_5682,12021.251831132206
00bbac68_5683,12021.095597736225
00bbac68_5684,12020.949612271836
00bbac68_5685,12020.816106048132
00bbac68_5686,12020.694606497626
00bbac68_5687,12020.584074584669
00bbac68_5688,12020.483963881092
00bbac68_5689,12020.392971453202
00bbac68_5690,12020.310549008307
00bbac68_5691,12020.23614809423
00bbac68_5692,12020.304565838383
00bbac68_5693,12020.356004680765
00bbac68_5694,12020.390221835789
00bbac68_5695,12020.344709154517
00bbac68_5696,12020.289936224413
00bbac68_5697,12020.275402348852
00bbac68_5698,12020.262968310966
00bbac68_5699,12020.250555622222
00bbac68_5700,12020.285742636617
00bbac68_5701,12020.350923692517
00bbac68_5702,12020.446086727077
00bbac68_5703,12020.571214123695
00bbac68_5704,12020.726560452327
00bbac68_5705,12020.911888577433
00bbac68_5706,12020.967406557309
00bbac68_5707,12021.027647514433
00bbac68_5708,12021.092296089724
00bbac68_5709,12021.160324780556
00bbac68_5710,12021.367024472496
00bbac68_5711,12021.552114561064
00bbac68_5712,12021.715587112309
00bbac68_5713,12021.857428037561
00bbac68_5714,12021.977896295668
00bbac68_5715,12022.076758786205
00bbac68_5716,12022.154004924267
00bbac68_5717,12022.209852667622
00bbac68_5718,12022.24406819751
00bbac68_5719,12022.256910829377
00bbac68_5720,12022.201041095912
00bbac68_5721,12022.129217891126
00bbac68_5722,12022.043696723595
00bbac68_5723,12021.94193459696
00bbac68_5724,12021.824315748298
00bbac68_5725,12021.690803926966
00bbac68_5726,12021.548532994015
00bbac68_5727,12021.445372763945
00bbac68_5728,12021.318698427933
00bbac68_5729,12021.168282362989
00bbac68_5730,12020.994119242936
00bbac68_5731,12020.796203844155
00bbac68_5732,12020.57480343408
00bbac68_5733,12020.329647300285
00bbac68_5734,12020.060735229225
00bbac68_5735,12019.80669919462
00bbac68_5736,12019.537794826729
00bbac68_5737,12019.131968349067
00bbac68_5738,12018.731486449722
00bbac68_5739,12018.424808190059
00bbac68_5740,12018.138102102208
00bbac68_5741,12017.872452718153
00bbac68_5742,12017.63142664278
00bbac68_5743,12017.55179554824
00bbac68_5744,12017.474794781518
00bbac68_5745,12017.401622856763
00bbac68_5746,12017.330808086166
00bbac68_5747,12017.262590353248
00bbac68_5748,12017.06242262644
00bbac68_5749,12016.889858633678
00bbac68_5750,12016.745387525769
00bbac68_5751,12016.628785170873
00bbac68_5752,12016.539827944955
00bbac68_5753,12016.318959751725
00bbac68_5754,12016.100729156107
00bbac68_5755,12015.884833600183
00bbac68_5756,12015.743933732812
00bbac68_5757,12015.618174011228
00bbac68_5758,12015.507873697245
00bbac68_5759,12015.462866912982
00bbac68_5760,12015.421998583097
00bbac68_5761,12015.459039987172
00bbac68_5762,12015.509497974619
00bbac68_5763,12015.573868137448
00bbac68_5764,12015.653305465657
00bbac68_5765,12015.748063618355
00bbac68_5766,12015.824870707016
00bbac68_5767,12016.06292622647
00bbac68_5768,12016.302976293046
00bbac68_5769,12016.545587116134
00bbac68_5770,12016.792041405517
00bbac68_5771,12016.882594301094
00bbac68_5772,12016.953341768922
00bbac68_5773,12016.868219622549
00bbac68_5774,12016.78696990327
00bbac68_5775,12016.844132747805
00bbac68_5776,12016.879924777597
00bbac68_5777,12016.894341778632
00bbac68_5778,12016.887114557585
00bbac68_5779,12016.858499763895
00bbac68_5780,12016.808269073585
00bbac68_5781,12016.79187035613
00bbac68_5782,12016.765846570153
00bbac68_5783,12016.72822977842
00bbac68_5784,12016.681858681279
00bbac68_5785,12016.62750174573
00bbac68_5786,12016.566158252772
00bbac68_5787,12016.49066644956
00bbac68_5788,12016.342366477676
00bbac68_5789,12016.174586498595
00bbac68_5790,12015.987579052013
00bbac68_5791,12015.781109368852
00bbac68_5792,12015.55543086358
00bbac68_5793,12015.310529789534
00bbac68_5794,12015.04612795028
00bbac68_5795,12014.762477335937
00bbac68_5796,12014.459338176
00bbac68_5797,12014.136963256098
00bbac68_5798,12013.940236281775
00bbac68_5799,12013.750019328569
00bbac68_5800,12013.567321505676
00bbac68_5801,12013.393782530176
00bbac68_5802,12013.230178439431
00bbac68_5803,12013.077458357242
00bbac68_5804,12012.774220462474
00bbac68_5805,12012.456049923783
00bbac68_5806,12012.123194362015
00bbac68_5807,12011.77540810795
00bbac68_5808,12011.277106077327
00bbac68_5809,12010.947337627736
00bbac68_5810,12010.650513934685
00bbac68_5811,12010.52222012439
00bbac68_5812,12010.403449009342
00bbac68_5813,12010.295010308895
00bbac68_5814,12010.061619610857
00bbac68_5815,12009.863559910795
00bbac68_5816,12009.700583684382
00bbac68_5817,12009.572929215665
00bbac68_5818,12009.480612906998
00bbac68_5819,12009.423383763224
00bbac68_5820,12009.342323990566
00bbac68_5821,12009.290419126013
00bbac68_5822,12009.303122229216
00bbac68_5823,12009.335775092113
00bbac68_5824,12009.389260647054
00bbac68_5825,12009.464248493627
00bbac68_5826,12009.534015658606
00bbac68_5827,12009.674691229595
00bbac68_5828,12009.689433849093
00bbac68_5829,12009.713516097374
00bbac68_5830,12009.746152398011
00bbac68_5831,12009.922120247811
00bbac68_5832,12009.945777751902
00bbac68_5833,12009.976154542996
00bbac68_5834,12010.172774175444
00bbac68_5835,12010.399542665353
00bbac68_5836,12010.496646839803
00bbac68_5837,12010.598901878475
00bbac68_5838,12010.705516635595
00bbac68_5839,12010.951754172782
00bbac68_5840,12011.177346976945
00bbac68_5841,12011.3825616264
00bbac68_5842,12011.567397813065
00bbac68_5843,12011.731360281325
00bbac68_5844,12011.87494274277
00bbac68_5845,12011.998139844633
00bbac68_5846,12011.964892296799
00bbac68_5847,12011.934712531169
00bbac68_5848,12011.90631110524
00bbac68_5849,12011.879378783404
00bbac68_5850,12011.852888637819
00bbac68_5851,12011.962138099749
00bbac68_5852,12012.046847324631
00bbac68_5853,12012.107274206668
00bbac68_5854,12012.062510144115
00bbac68_5855,12012.00472065972
00bbac68_5856,12011.933687406712
00bbac68_5857,12011.849572573776
00bbac68_5858,12011.75212746534
00bbac68_5859,12011.641301468891
00bbac68_5860,12011.517207261342
00bbac68_5861,12011.379547260145
00bbac68_5862,12011.22795876613
00bbac68_5863,12011.064994636723
00bbac68_5864,12010.99137495851
00bbac68_5865,12010.887902703937
00bbac68_5866,12010.752385598233
00bbac68_5867,12010.584892231862
00bbac68_5868,12010.38586558026
00bbac68_5869,12010.318035683284
00bbac68_5870,12010.24430022447
00bbac68_5871,12010.167910812268
00bbac68_5872,12009.92735162421
00bbac68_5873,12009.658840448477
00bbac68_5874,12009.362747158993
00bbac68_5875,12009.199650902112
00bbac68_5876,12009.034643072258
00bbac68_5877,12008.868838318484
00bbac68_5878,12008.705602665057
00bbac68_5879,12008.543364999648
00bbac68_5880,12008.383206269742
00bbac68_5881,12008.226195877218
00bbac68_5882,12008.075643977563
00bbac68_5883,12007.884993606145
00bbac68_5884,12007.698504373648
00bbac68_5885,12007.514788511473
00bbac68_5886,12007.332862544405
00bbac68_5887,12007.18939793171
00bbac68_5888,12007.055253080165
00bbac68_5889,12006.933416684824
00bbac68_5890,12006.833488319262
00bbac68_5891,12006.743128819886
00bbac68_5892,12006.503275242385
00bbac68_5893,12006.409973292357
00bbac68_5894,12006.328609469192
00bbac68_5895,12006.259891787999
00bbac68_5896,12006.204557400568
00bbac68_5897,12006.16372076153
00bbac68_5898,12006.138532108247
00bbac68_5899,12006.129635529354
00bbac68_5900,12005.977841513883
00bbac68_5901,12005.819111816098
00bbac68_5902,12005.653458252804
00bbac68_5903,12005.480894746188
00bbac68_5904,12005.30168383861
00bbac68_5905,12005.115397628637
00bbac68_5906,12005.003434624017
00bbac68_5907,12005.03336424814
00bbac68_5908,12005.069665285315
00bbac68_5909,12005.113634080182
00bbac68_5910,12005.165804271637
00bbac68_5911,12005.226977923941
00bbac68_5912,12005.137909158479
00bbac68_5913,12005.034658718849
00bbac68_5914,12004.916738900794
00bbac68_5915,12004.879382543875
00bbac68_5916,12004.84520784859
00bbac68_5917,12004.815598362171
00bbac68_5918,12004.791293893015
00bbac68_5919,12004.773211085936
00bbac68_5920,12004.762595229877
00bbac68_5921,12004.760228378444
00bbac68_5922,12004.76707082198
00bbac68_5923,12004.784410191814
00bbac68_5924,12004.810401292632
00bbac68_5925,12004.726092851819
00bbac68_5926,12004.63291962869
00bbac68_5927,12004.397649754841
00bbac68_5928,12004.18008870935
00bbac68_5929,12003.980179364622
00bbac68_5930,12003.794944061716
00bbac68_5931,12003.761731847688
00bbac68_5932,12003.71877603205
00bbac68_5933,12003.668839457656
00bbac68_5934,12003.61219772573
00bbac68_5935,12003.549678749558
00bbac68_5936,12003.481594506484
00bbac68_5937,12003.408456144436
00bbac68_5938,12003.221394568362
00bbac68_5939,12003.046680381558
00bbac68_5940,12002.884308237353
00bbac68_5941,12002.734490769175
00bbac68_5942,12002.59783411139
00bbac68_5943,12002.472067805209
00bbac68_5944,12002.359835102929
00bbac68_5945,12002.25866939018
00bbac68_5946,12002.171415202163
00bbac68_5947,12002.112425687412
00bbac68_5948,12002.06654465489
00bbac68_5949,12002.133649525207
00bbac68_5950,12002.19494636911
00bbac68_5951,12002.240376588617
00bbac68_5952,12002.282205922898
00bbac68_5953,12002.321383432725
00bbac68_5954,12002.259662393628
00bbac68_5955,12002.216816546072
00bbac68_5956,12002.19278010332
00bbac68_5957,12002.187710923003
00bbac68_5958,12002.201391474446
00bbac68_5959,12002.233573347845
00bbac68_5960,12002.28451459114
00bbac68_5961,12002.354219329549
00bbac68_5962,12002.442922035209
00bbac68_5963,12002.55047814726
00bbac68_5964,12002.676938097673
00bbac68_5965,12002.900405129047
00bbac68_5966,12003.126972702406
00bbac68_5967,12003.26196207283
00bbac68_5968,12003.384121498604
00bbac68_5969,12003.493763671195
00bbac68_5970,12003.661084011177
00bbac68_5971,12003.8061046008
00bbac68_5972,12003.929067504017
00bbac68_5973,12004.029726738936
00bbac68_5974,12004.107838020229
00bbac68_5975,12004.163913333492
00bbac68_5976,12004.197705442135
00bbac68_5977,12004.209460665652
00bbac68_5978,12004.198937408182
00bbac68_5979,12004.166112502922
00bbac68_5980,12004.111237201916
00bbac68_5981,12004.034068751302
00bbac68_5982,12003.93458613937
00bbac68_5983,12003.813041933274
00bbac68_5984,12003.669193655109
00bbac68_5985,12003.503024268186
00bbac68_5986,12003.314784173279
00bbac68_5987,12003.104235718944
00bbac68_5988,12003.031177759905
00bbac68_5989,12002.961093400676
00bbac68_5990,12002.894535431737
00bbac68_5991,12002.832282632557
00bbac68_5992,12002.61533613963
00bbac68_5993,12002.379288800874
00bbac68_5994,12002.124127485218
00bbac68_5995,12001.850121710366
00bbac68_5996,12001.557002677298
00bbac68_5997,12001.244771323125
00bbac68_5998,12000.788498430622
00bbac68_5999,12000.461453411832
00bbac68_6000,12000.154579026404
00bbac68_6001,11999.873173924136
00bbac68_6002,11999.615571956996
00bbac68_6003,11999.38255890032
00bbac68_6004,11999.17698659284
00bbac68_6005,11998.99949714509
00bbac68_6006,11998.850666478673
00bbac68_6007,11998.730695241782
00bbac68_6008,11998.626643827734
00bbac68_6009,11998.550175427883
00bbac68_6010,11998.384497138795
00bbac68_6011,11998.228829722466
00bbac68_6012,11998.082983784854
00bbac68_6013,11997.946780443694
00bbac68_6014,11997.820056237984
00bbac68_6015,11997.819544740825
00bbac68_6016,11997.843514957538
00bbac68_6017,11997.89196071785
00bbac68_6018,11997.964880982037
00bbac68_6019,11998.062270421588
00bbac68_6020,11998.32022426123
00bbac68_6021,11998.579262249288
00bbac68_6022,11998.840175971323
00bbac68_6023,11999.103755344153
00bbac68_6024,11999.370792813565
00bbac68_6025,11999.64208155227
00bbac68_6026,11999.82646329821
00bbac68_6027,12000.005503101167
00bbac68_6028,12000.17982021596
00bbac68_6029,12000.350230457989
00bbac68_6030,12000.517565427432
00bbac68_6031,12000.599735682501
00bbac68_6032,12000.664824447731
00bbac68_6033,12000.712567316536
00bbac68_6034,12000.742964516772
00bbac68_6035,12000.756282678805
00bbac68_6036,12000.752295453314
00bbac68_6037,12000.731004904956
00bbac68_6038,12000.692413300518
00bbac68_6039,12000.636519688249
00bbac68_6040,12000.563328213486
00bbac68_6041,12000.472838964346
00bbac68_6042,12000.365052522471
00bbac68_6043,12000.239971807025
00bbac68_6044,12000.097597507653
00bbac68_6045,11999.937931846065
00bbac68_6046,11999.760975447507
00bbac68_6047,11999.566729942926
00bbac68_6048,11999.35519434553
00bbac68_6049,11999.12663731986
00bbac68_6050,11998.880836483733
00bbac68_6051,11998.617793626887
00bbac68_6052,11998.337512991131
00bbac68_6053,11998.039770200987
00bbac68_6054,11997.724832425514
00bbac68_6055,11997.354661138017
00bbac68_6056,11996.971339903357
00bbac68_6057,11996.575079214039
00bbac68_6058,11996.166079879828
00bbac68_6059,11995.892024644787
00bbac68_6060,11995.629339748944
00bbac68_6061,11995.382031284213
00bbac68_6062,11995.151032596597
00bbac68_6063,11994.937275332797
00bbac68_6064,11994.74188582902
00bbac68_6065,11994.491083177008
00bbac68_6066,11994.273143498096
00bbac68_6067,11994.22390038454
00bbac68_6068,11994.184102596906
00bbac68_6069,11994.154541129055
00bbac68_6070,11994.000182132044
00bbac68_6071,11994.016900779532
00bbac68_6072,11994.045446745542
00bbac68_6073,11994.08661190203
00bbac68_6074,11994.141190495558
00bbac68_6075,11994.209978535633
00bbac68_6076,11994.29341919339
00bbac68_6077,11994.390200592534
00bbac68_6078,11994.501547046631
00bbac68_6079,11994.630934468149
00bbac68_6080,11994.77690557408
00bbac68_6081,11994.780427762282
00bbac68_6082,11994.777930096654
00bbac68_6083,11994.769785647612
00bbac68_6084,11994.774514531968
00bbac68_6085,11994.77367431613
00bbac68_6086,11994.767264488863
00bbac68_6087,11994.755285264433
00bbac68_6088,11994.737732410178
00bbac68_6089,11994.686132449462
00bbac68_6090,11994.631353964069
00bbac68_6091,11994.573661329125
00bbac68_6092,11994.513304906255
00bbac68_6093,11994.450256262407
00bbac68_6094,11994.375905549463
00bbac68_6095,11994.301076898691
00bbac68_6096,11994.225725090317
00bbac68_6097,11994.150187800977
00bbac68_6098,11994.074572858668
00bbac68_6099,11993.9989715528
00bbac68_6100,11993.925727619539
00bbac68_6101,11993.91763802836
00bbac68_6102,11993.900616529487
00bbac68_6103,11993.874657086852
00bbac68_6104,11993.839757826137
00bbac68_6105,11993.795914322178
00bbac68_6106,11993.67177326578
00bbac68_6107,11993.55073127069
00bbac68_6108,11993.43014689952
00bbac68_6109,11993.386423206392
00bbac68_6110,11993.332507634488
00bbac68_6111,11993.26816662722
00bbac68_6112,11993.193659848424
00bbac68_6113,11993.10897886007
00bbac68_6114,11993.014159502785
00bbac68_6115,11992.909235314477
00bbac68_6116,11992.839021206075
00bbac68_6117,11992.632601067477
00bbac68_6118,11992.450170285649
00bbac68_6119,11992.291627633747
00bbac68_6120,11992.156659648526
00bbac68_6121,11992.048127075139
00bbac68_6122,11991.963494196618
00bbac68_6123,11991.900326246396
00bbac68_6124,11991.860636051808
00bbac68_6125,11991.844669343955
00bbac68_6126,11991.937753630322
00bbac68_6127,11992.065012121955
00bbac68_6128,11992.066160552551
00bbac68_6129,11992.07648864573
00bbac68_6130,11992.094963231464
00bbac68_6131,11992.280857418196
00bbac68_6132,11992.338544936965
00bbac68_6133,11992.5386531745
00bbac68_6134,11992.72115653695
00bbac68_6135,11992.750472689935
00bbac68_6136,11992.785603796998
00bbac68_6137,11992.94724323684
00bbac68_6138,11993.093019775317
00bbac68_6139,11993.223543160033
00bbac68_6140,11993.359181312679
00bbac68_6141,11993.479421375449
00bbac68_6142,11993.584986263191
00bbac68_6143,11993.67644974123
00bbac68_6144,11993.754079522738
00bbac68_6145,11993.797027714916
00bbac68_6146,11993.820954178287
00bbac68_6147,11993.825868822418
00bbac68_6148,11993.811777891775
00bbac68_6149,11993.778693274597
00bbac68_6150,11993.760167219503
00bbac68_6151,11993.730860844515
00bbac68_6152,11993.691405974065
00bbac68_6153,11993.642449140892
00bbac68_6154,11993.58464956874
00bbac68_6155,11993.529348406813
00bbac68_6156,11993.468229957078
00bbac68_6157,11993.402261324169
00bbac68_6158,11993.332024424286
00bbac68_6159,11993.258301227741
00bbac68_6160,11993.181886610373
00bbac68_6161,11993.100691717924
00bbac68_6162,11992.941005879708
00bbac68_6163,11992.765694819433
00bbac68_6164,11992.574747977813
00bbac68_6165,11992.368149323922
00bbac68_6166,11992.145657393077
00bbac68_6167,11991.991586414482
00bbac68_6168,11991.699448695854
00bbac68_6169,11991.43160430143
00bbac68_6170,11991.097879934181
00bbac68_6171,11990.771607177932
00bbac68_6172,11990.452234388893
00bbac68_6173,11990.138492748634
00bbac68_6174,11989.829827373858
00bbac68_6175,11989.525454290939
00bbac68_6176,11989.224590243695
00bbac68_6177,11988.926410147908
00bbac68_6178,11988.790172511299
00bbac68_6179,11988.680052628517
00bbac68_6180,11988.731620067927
00bbac68_6181,11988.65028891182
00bbac68_6182,11988.595615452716
00bbac68_6183,11988.567863806738
00bbac68_6184,11988.567035079646
00bbac68_6185,11988.593122417991
00bbac68_6186,11988.646126134463
00bbac68_6187,11988.726038198067
00bbac68_6188,11988.832625929264
00bbac68_6189,11988.966375630607
00bbac68_6190,11989.126782142648
00bbac68_6191,11989.314102998811
00bbac68_6192,11989.528589258125
00bbac68_6193,11989.769734514433
00bbac68_6194,11990.008497060455
00bbac68_6195,11990.22422792609
00bbac68_6196,11990.579560156597
00bbac68_6197,11990.937208014675
00bbac68_6198,11991.067426162363
00bbac68_6199,11991.195675799561
00bbac68_6200,11991.297242832426
00bbac68_6201,11991.381480548947
00bbac68_6202,11991.467359669015
00bbac68_6203,11991.554097748027
00bbac68_6204,11991.776470540284
00bbac68_6205,11991.974672238177
00bbac68_6206,11992.14870618785
00bbac68_6207,11992.298579138822
00bbac68_6208,11992.42429219024
00bbac68_6209,11992.390017945689
00bbac68_6210,11992.355005282801
00bbac68_6211,11992.31823567957
00bbac68_6212,11992.27917620287
00bbac68_6213,11992.237030575188
00bbac68_6214,11992.190770321919
00bbac68_6215,11992.13985952724
00bbac68_6216,11992.219328223055
00bbac68_6217,11992.268894319706
00bbac68_6218,11992.288807778652
00bbac68_6219,11992.27882935083
00bbac68_6220,11992.103376749412
00bbac68_6221,11991.921452092884
00bbac68_6222,11991.732773191023
00bbac68_6223,11991.536076381008
00bbac68_6224,11991.330805206906
00bbac68_6225,11991.115915942813
00bbac68_6226,11990.890623884647
00bbac68_6227,11990.654640091525
00bbac68_6228,11990.406684027475
00bbac68_6229,11990.306015402557
00bbac68_6230,11990.216806616914
00bbac68_6231,11990.139551934371
00bbac68_6232,11990.07375997589
00bbac68_6233,11990.01942911947
00bbac68_6234,11989.976819471814
00bbac68_6235,11989.945701384819
00bbac68_6236,11989.92633352918
00bbac68_6237,11990.04580783784
00bbac68_6238,11990.152465553083
00bbac68_6239,11990.249974861092
00bbac68_6240,11990.334313716528
00bbac68_6241,11990.249479813008
00bbac68_6242,11990.29141729757
00bbac68_6243,11990.32563323862
00bbac68_6244,11990.35549326702
00bbac68_6245,11990.378979940957
00bbac68_6246,11990.397613159708
00bbac68_6247,11990.412190595702
00bbac68_6248,11990.42398697498
00bbac68_6249,11990.433854806799
00bbac68_6250,11990.442757152809
00bbac68_6251,11990.451740180679
00bbac68_6252,11990.461999186235
00bbac68_6253,11990.474240989934
00bbac68_6254,11990.489461718553
00bbac68_6255,11990.354751646288
00bbac68_6256,11990.203685356913
00bbac68_6257,11990.03417679334
00bbac68_6258,11989.849061696028
00bbac68_6259,11989.752969005574
00bbac68_6260,11989.661571319397
00bbac68_6261,11989.606428104036
00bbac68_6262,11989.558050140136
00bbac68_6263,11989.448950113932
00bbac68_6264,11989.362377827712
00bbac68_6265,11989.138303350377
00bbac68_6266,11988.911768358796
00bbac68_6267,11988.81781421289
00bbac68_6268,11988.696397686079
00bbac68_6269,11988.547743774918
00bbac68_6270,11988.531627510205
00bbac68_6271,11988.377174695288
00bbac68_6272,11988.24469114208
00bbac68_6273,11988.133938272566
00bbac68_6274,11988.044904087476
00bbac68_6275,11987.97761471809
00bbac68_6276,11987.932093456284
00bbac68_6277,11987.879412753693
00bbac68_6278,11987.712761242654
00bbac68_6279,11987.533122037727
00bbac68_6280,11987.340593886121
00bbac68_6281,11987.294623324458
00bbac68_6282,11987.260454844483
00bbac68_6283,11987.238436409996
00bbac68_6284,11987.336069975052
00bbac68_6285,11987.430926498413
00bbac68_6286,11987.524020006258
00bbac68_6287,11987.615921730605
00bbac68_6288,11987.677363606239
00bbac68_6289,11987.744360833438
00bbac68_6290,11987.815480321995
00bbac68_6291,11987.891547121846
00bbac68_6292,11987.973501371307
00bbac68_6293,11988.06235780303
00bbac68_6294,11988.159290753709
00bbac68_6295,11988.265062273162
00bbac68_6296,11988.380811399305
00bbac68_6297,11988.555686295187
00bbac68_6298,11988.586324457561
00bbac68_6299,11988.602638983399
00bbac68_6300,11988.602680932916
00bbac68_6301,11988.591837942524
00bbac68_6302,11988.508189698467
00bbac68_6303,11988.42041245911
00bbac68_6304,11988.328877481117
00bbac68_6305,11988.2316832461
00bbac68_6306,11988.131840406279
00bbac68_6307,11988.031786605337
00bbac68_6308,11987.865223046401
00bbac68_6309,11987.710504206141
00bbac68_6310,11987.567612829878
00bbac68_6311,11987.435922261197
00bbac68_6312,11987.315708670176
00bbac68_6313,11987.206599020268
00bbac68_6314,11987.108410973991
00bbac68_6315,11987.020966112628
00bbac68_6316,11987.08002421591
00bbac68_6317,11987.126405194163
00bbac68_6318,11987.160591959184
00bbac68_6319,11987.18347654877
00bbac68_6320,11987.195557340994
00bbac68_6321,11987.197617879803
00bbac68_6322,11987.190590453465
00bbac68_6323,11987.039404315567
00bbac68_6324,11986.984590366812
00bbac68_6325,11986.955487410178
00bbac68_6326,11986.952071118892
00bbac68_6327,11986.974321853331
00bbac68_6328,11986.862179021484
00bbac68_6329,11986.750657283597
00bbac68_6330,11986.638677173727
00bbac68_6331,11986.525653294582
00bbac68_6332,11986.570812012531
00bbac68_6333,11986.63829876114
00bbac68_6334,11986.728095400507
00bbac68_6335,11986.8401815019
00bbac68_6336,11986.974802888597
00bbac68_6337,11987.131713384573
00bbac68_6338,11987.156381338242
00bbac68_6339,11987.283249745056
00bbac68_6340,11987.42643579472
00bbac68_6341,11987.586093912958
00bbac68_6342,11987.762610072314
00bbac68_6343,11987.955986077017
00bbac68_6344,11988.16664878311
00bbac68_6345,11988.268848898084
00bbac68_6346,11988.36613699145
00bbac68_6347,11988.457706424751
00bbac68_6348,11988.54300834035
00bbac68_6349,11988.65664919798
00bbac68_6350,11988.767952450347
00bbac68_6351,11988.878784328786
00bbac68_6352,11988.9891515281
00bbac68_6353,11989.098913416175
00bbac68_6354,11989.20784145807
00bbac68_6355,11989.315595938557
00bbac68_6356,11989.422240653532
00bbac68_6357,11989.52769206558
00bbac68_6358,11989.574733081481
00bbac68_6359,11989.608488591624
00bbac68_6360,11989.62864809729
00bbac68_6361,11989.63392536333
00bbac68_6362,11989.623749218355
00bbac68_6363,11989.803742537182
00bbac68_6364,11989.956810192756
00bbac68_6365,11990.084169219655
00bbac68_6366,11990.186163436905
00bbac68_6367,11990.26382841986
00bbac68_6368,11990.31526530449
00bbac68_6369,11990.41947401091
00bbac68_6370,11990.510284812706
00bbac68_6371,11990.58872298075
00bbac68_6372,11990.655594861817
00bbac68_6373,11990.711704755991
00bbac68_6374,11990.757588277436
00bbac68_6375,11990.794281044404
00bbac68_6376,11990.82259040615
00bbac68_6377,11990.68327660149
00bbac68_6378,11990.512149571443
00bbac68_6379,11990.308959718905
00bbac68_6380,11990.073951042325
00bbac68_6381,11989.807138532453
00bbac68_6382,11989.50854525895
00bbac68_6383,11989.178152348875
00bbac68_6384,11988.975756370022
00bbac68_6385,11988.766571925058
00bbac68_6386,11988.551373320868
00bbac68_6387,11988.3307188828
00bbac68_6388,11988.105650715526
00bbac68_6389,11987.876946034086
00bbac68_6390,11987.645162498704
00bbac68_6391,11987.411351409877
00bbac68_6392,11987.176288322393
00bbac68_6393,11986.940534655307
00bbac68_6394,11986.70514018358
00bbac68_6395,11986.470893721726
00bbac68_6396,11986.238351477507
00bbac68_6397,11986.008567385024
00bbac68_6398,11985.782329192818
00bbac68_6399,11985.560202828457
00bbac68_6400,11985.343240152135
00bbac68_6401,11985.132232241702
00bbac68_6402,11984.927743851264
00bbac68_6403,11984.730837001636
00bbac68_6404,11984.542074272897
00bbac68_6405,11984.362249301224
00bbac68_6406,11984.192383583699
00bbac68_6407,11984.033046256898
00bbac68_6408,11983.885294240987
00bbac68_6409,11983.61409562814
00bbac68_6410,11983.44857911473
00bbac68_6411,11983.305320423697
00bbac68_6412,11983.18494782788
00bbac68_6413,11983.08848002204
00bbac68_6414,11983.016435504993
00bbac68_6415,11982.971905311077
00bbac68_6416,11983.031208127337
00bbac68_6417,11983.10578152697
00bbac68_6418,11983.196427179108
00bbac68_6419,11983.303942593851
00bbac68_6420,11983.409990092423
00bbac68_6421,11983.535501417913
00bbac68_6422,11983.681618269422
00bbac68_6423,11983.849362955056
00bbac68_6424,11983.908512329463
00bbac68_6425,11983.837919846825
00bbac68_6426,11983.782684812746
00bbac68_6427,11983.873717578226
00bbac68_6428,11983.959417267466
00bbac68_6429,11984.039794646213
00bbac68_6430,11984.114855328826
00bbac68_6431,11984.184607059231
00bbac68_6432,11984.24906230672
00bbac68_6433,11984.30822897276
00bbac68_6434,11984.36211199213
00bbac68_6435,11984.410723838577
00bbac68_6436,11984.454072390932
00bbac68_6437,11984.492162624943
00bbac68_6438,11984.525006088632
00bbac68_6439,11984.552345330803
00bbac68_6440,11984.438848258376
00bbac68_6441,11984.343277987587
00bbac68_6442,11984.265343997864
00bbac68_6443,11984.203771960092
00bbac68_6444,11984.157993674291
00bbac68_6445,11984.12722629513
00bbac68_6446,11984.110686692831
00bbac68_6447,11984.10731804827
00bbac68_6448,11984.116822604383
00bbac68_6449,11984.13792666635
00bbac68_6450,11984.237981230655
00bbac68_6451,11984.336573192631
00bbac68_6452,11984.433310960963
00bbac68_6453,11984.527537714746
00bbac68_6454,11984.619353194463
00bbac68_6455,11984.707874916647
00bbac68_6456,11984.792935517122
00bbac68_6457,11984.874143614363
00bbac68_6458,11984.950879416292
00bbac68_6459,11985.010178810946
00bbac68_6460,11985.01153468535
00bbac68_6461,11985.019098974917
00bbac68_6462,11985.031817896255
00bbac68_6463,11985.04938917654
00bbac68_6464,11985.070526121706
00bbac68_6465,11985.094709718178
00bbac68_6466,11985.121144156328
00bbac68_6467,11985.148772514352
00bbac68_6468,11985.1772932072
00bbac68_6469,11985.20542222371
00bbac68_6470,11985.39263604754
00bbac68_6471,11985.521127479604
00bbac68_6472,11985.662605891304
00bbac68_6473,11985.81753881733
00bbac68_6474,11985.985522289153
00bbac68_6475,11986.16683162026
00bbac68_6476,11986.358809417557
00bbac68_6477,11986.471702869618
00bbac68_6478,11986.580858291538
00bbac68_6479,11986.684986307184
00bbac68_6480,11986.783562702034
00bbac68_6481,11986.898646928741
00bbac68_6482,11987.012660123199
00bbac68_6483,11987.125790103017
00bbac68_6484,11987.237352944045
00bbac68_6485,11987.313512522756
00bbac68_6486,11987.528498596528
00bbac68_6487,11987.758827901418
00bbac68_6488,11987.85058306994
00bbac68_6489,11987.931634584858
00bbac68_6490,11988.001185424602
00bbac68_6491,11988.058208755845
00bbac68_6492,11988.102402125494
00bbac68_6493,11988.132469883945
00bbac68_6494,11988.147880459926
00bbac68_6495,11988.147606456205
00bbac68_6496,11988.131342720415
00bbac68_6497,11988.097790135178
00bbac68_6498,11988.182252361366
00bbac68_6499,11988.224674117282
00bbac68_6500,11988.089216058997
00bbac68_6501,11988.094939983836
00bbac68_6502,11988.242106912563
00bbac68_6503,11988.371455878978
00bbac68_6504,11988.483770514897
00bbac68_6505,11988.579613343485
00bbac68_6506,11988.660258191889
00bbac68_6507,11988.725996526844
00bbac68_6508,11988.777882704491
00bbac68_6509,11988.680638859729
00bbac68_6510,11988.594566586919
00bbac68_6511,11988.439633641612
00bbac68_6512,11988.419176368709
00bbac68_6513,11988.373309764678
00bbac68_6514,11988.302687155821
00bbac68_6515,11988.20769037755
00bbac68_6516,11988.088706751834
00bbac68_6517,11987.945891343634
00bbac68_6518,11987.779896183874
00bbac68_6519,11987.568504347055
00bbac68_6520,11987.351378885687
00bbac68_6521,11987.181435649545
00bbac68_6522,11987.004364524093
00bbac68_6523,11986.821440790785
00bbac68_6524,11986.633447065033
00bbac68_6525,11986.44163663918
00bbac68_6526,11986.244938165511
00bbac68_6527,11986.046530725298
00bbac68_6528,11985.84761381031
00bbac68_6529,11985.648875687642
00bbac68_6530,11985.451493797922
00bbac68_6531,11985.256133760615
00bbac68_6532,11985.063936701312
00bbac68_6533,11984.797142279085
00bbac68_6534,11984.686960577637
00bbac68_6535,11984.574117413253
00bbac68_6536,11984.459165083941
00bbac68_6537,11984.207312467594
00bbac68_6538,11984.11444995922
00bbac68_6539,11984.021085170076
00bbac68_6540,11983.928256172017
00bbac68_6541,11983.836772621482
00bbac68_6542,11983.611352121352
00bbac68_6543,11983.412281126271
00bbac68_6544,11983.239308447659
00bbac68_6545,11983.092905193553
00bbac68_6546,11982.972819125373
00bbac68_6547,11982.878803174908
00bbac68_6548,11982.94693140137
00bbac68_6549,11983.017966425248
00bbac68_6550,11983.092454675963
00bbac68_6551,11983.171425686593
00bbac68_6552,11983.255693184168
00bbac68_6553,11983.345795425026
00bbac68_6554,11983.442771732125
00bbac68_6555,11983.54742207425
00bbac68_6556,11983.660557837648
00bbac68_6557,11983.782715056157
00bbac68_6558,11983.914930506919
00bbac68_6559,11983.897961183762
00bbac68_6560,11983.867390341466
00bbac68_6561,11983.983493248978
00bbac68_6562,11984.111245603535
00bbac68_6563,11984.091405165671
00bbac68_6564,11984.059552164877
00bbac68_6565,11984.01591693381
00bbac68_6566,11983.960508592201
00bbac68_6567,11983.893072327617
00bbac68_6568,11983.81384360086
00bbac68_6569,11983.722825353781
00bbac68_6570,11983.779848387085
00bbac68_6571,11983.850146644523
00bbac68_6572,11983.934251816174
00bbac68_6573,11983.87314771914
00bbac68_6574,11983.802672232412
00bbac68_6575,11983.722825678646
00bbac68_6576,11983.63335148679
00bbac68_6577,11983.534479127524
00bbac68_6578,11983.42620876557
00bbac68_6579,11983.308545491358
00bbac68_6580,11983.20817261717
00bbac68_6581,11983.10507747283
00bbac68_6582,11982.99977546504
00bbac68_6583,11982.893100965252
00bbac68_6584,11982.78563987586
00bbac68_6585,11982.677991425664
00bbac68_6586,11982.570761368412
00bbac68_6587,11982.467029027546
00bbac68_6588,11982.365363752744
00bbac68_6589,11982.266198520298
00bbac68_6590,11982.17048294564
00bbac68_6591,11982.078898149523
00bbac68_6592,11981.992148265763
00bbac68_6593,11981.910950505953
00bbac68_6594,11981.928720766336
00bbac68_6595,11981.80474865427
00bbac68_6596,11981.675359390068
00bbac68_6597,11981.540544104228
00bbac68_6598,11981.560346963555
00bbac68_6599,11981.439680414827
00bbac68_6600,11981.31437007764
00bbac68_6601,11981.184190327802
00bbac68_6602,11981.049397718396
00bbac68_6603,11981.07003616695
00bbac68_6604,11981.111059046114
00bbac68_6605,11981.17302902087
00bbac68_6606,11981.256735868601
00bbac68_6607,11981.363188242232
00bbac68_6608,11981.49317795302
00bbac68_6609,11981.487214300272
00bbac68_6610,11981.481387558342
00bbac68_6611,11981.475691013049
00bbac68_6612,11981.47011389607
00bbac68_6613,11981.464422206273
00bbac68_6614,11981.458868467505
00bbac68_6615,11981.45344074961
00bbac68_6616,11981.448133402353
00bbac68_6617,11981.44270687611
00bbac68_6618,11981.437419678978
00bbac68_6619,11981.432255341384
00bbac68_6620,11981.426977048113
00bbac68_6621,11981.360020585289
00bbac68_6622,11981.3015557911
00bbac68_6623,11981.251606671674
00bbac68_6624,11981.20999569078
00bbac68_6625,11981.176927596847
00bbac68_6626,11981.152386370713
00bbac68_6627,11981.136154996624
00bbac68_6628,11981.128401740903
00bbac68_6629,11981.129057959079
00bbac68_6630,11981.137873937289
00bbac68_6631,11981.155236340188
00bbac68_6632,11981.180815520853
00bbac68_6633,11981.214319720099
00bbac68_6634,11981.255831003346
00bbac68_6635,11981.305024388066
00bbac68_6636,11981.359692522921
00bbac68_6637,11981.422321785854
00bbac68_6638,11981.49252686514
00bbac68_6639,11981.570313100903
00bbac68_6640,11981.655458197876
00bbac68_6641,11981.747535566814
00bbac68_6642,11981.84651179762
00bbac68_6643,11981.952199170571
00bbac68_6644,11982.064310458858
00bbac68_6645,11982.182370568125
00bbac68_6646,11982.306282429097
00bbac68_6647,11982.435727565045
00bbac68_6648,11982.570188777263
00bbac68_6649,11982.709530958766
00bbac68_6650,11982.853479019044
00bbac68_6651,11983.001641682857
00bbac68_6652,11983.15345068444
00bbac68_6653,11983.309762456227
00bbac68_6654,11983.471220954178
00bbac68_6655,11983.63678824911
00bbac68_6656,11983.806173702296
00bbac68_6657,11983.978100999033
00bbac68_6658,11984.152026241423
00bbac68_6659,11984.32689389971
00bbac68_6660,11984.502155391068
00bbac68_6661,11984.812592763628
00bbac68_6662,11984.962832149911
00bbac68_6663,11985.247477071964
00bbac68_6664,11985.50671829361
00bbac68_6665,11985.740301278975
00bbac68_6666,11985.812901814643
00bbac68_6667,11985.883280798622
00bbac68_6668,11985.950888259047
00bbac68_6669,11986.014665962806
00bbac68_6670,11986.20993402707
00bbac68_6671,11986.3766518939
00bbac68_6672,11986.514560298545
00bbac68_6673,11986.62389788907
00bbac68_6674,11986.704665487527
00bbac68_6675,11986.756879166074
00bbac68_6676,11986.780273349748
00bbac68_6677,11986.775081614827
00bbac68_6678,11986.741313331166
00bbac68_6679,11986.678740227355
00bbac68_6680,11986.587600973404
00bbac68_6681,11986.467896668222
00bbac68_6682,11986.39246880326
00bbac68_6683,11986.302298844248
00bbac68_6684,11986.198175195637
00bbac68_6685,11986.081336723544
00bbac68_6686,11985.952150458797
00bbac68_6687,11985.81143922915
00bbac68_6688,11985.660478272686
00bbac68_6689,11985.499674467492
00bbac68_6690,11985.329888358385
00bbac68_6691,11985.152437374794
00bbac68_6692,11984.967763166082
00bbac68_6693,11984.776772466017
00bbac68_6694,11984.580815675658
00bbac68_6695,11984.380373034941
00bbac68_6696,11984.176598778591
00bbac68_6697,11983.972936919348
00bbac68_6698,11983.76832271163
00bbac68_6699,11983.56370196561
00bbac68_6700,11983.359899455312
00bbac68_6701,11983.158151634536
00bbac68_6702,11982.959444349324
00bbac68_6703,11982.764637859163
00bbac68_6704,11982.575000717206
00bbac68_6705,11982.391648774295
00bbac68_6706,11982.215613429877
00bbac68_6707,11982.047803761492
00bbac68_6708,11981.889333905943
00bbac68_6709,11981.74153966996
00bbac68_6710,11981.605591397027
00bbac68_6711,11981.482588456201
00bbac68_6712,11981.37350725331
00bbac68_6713,11981.279735932658
00bbac68_6714,11981.201041325625
00bbac68_6715,11981.136966850037
00bbac68_6716,11981.088781648834
00bbac68_6717,11981.056780032928
00bbac68_6718,11981.036684988347
00bbac68_6719,11981.033046940247
00bbac68_6720,11981.047273050946
00bbac68_6721,11981.080255482364
00bbac68_6722,11980.973324020477
00bbac68_6723,11981.022610892334
00bbac68_6724,11980.933377495594
00bbac68_6725,11980.726734109827
00bbac68_6726,11980.54000745483
00bbac68_6727,11980.532196311033
00bbac68_6728,11980.567727326377
00bbac68_6729,11980.646352346044
00bbac68_6730,11980.76832130565
00bbac68_6731,11980.773608189862
00bbac68_6732,11980.797008714839
00bbac68_6733,11980.837970511104
00bbac68_6734,11980.92891922472
00bbac68_6735,11981.027833151122
00bbac68_6736,11981.13424710101
00bbac68_6737,11981.248184835102
00bbac68_6738,11981.369155022927
00bbac68_6739,11981.497147158794
00bbac68_6740,11981.631917989127
00bbac68_6741,11981.772932633668
00bbac68_6742,11981.920147519264
00bbac68_6743,11982.073004315056
00bbac68_6744,11982.231429909014
00bbac68_6745,11982.395103996174
00bbac68_6746,11982.563432729941
00bbac68_6747,11982.73629586184
00bbac68_6748,11982.913335996476
00bbac68_6749,11983.096183932637
00bbac68_6750,11983.284285847416
00bbac68_6751,11983.474720453842
00bbac68_6752,11983.66894092634
00bbac68_6753,11983.866394535937
00bbac68_6754,11984.06629144082
00bbac68_6755,11984.267581258195
00bbac68_6756,11984.605539773878
00bbac68_6757,11984.919900294935
00bbac68_6758,11985.21093595068
00bbac68_6759,11985.478389147718
00bbac68_6760,11985.72248900878
00bbac68_6761,11985.94323926821
00bbac68_6762,11986.140384048726
00bbac68_6763,11986.314149933653
00bbac68_6764,11986.464312849535
00bbac68_6765,11986.591147425803
00bbac68_6766,11986.6335866239
00bbac68_6767,11986.660899339598
00bbac68_6768,11986.673120825593
00bbac68_6769,11986.670267809333
00bbac68_6770,11986.652163640754
00bbac68_6771,11986.618752205555
00bbac68_6772,11986.5702336624
00bbac68_6773,11986.506572268785
00bbac68_6774,11986.50639498428
00bbac68_6775,11986.479642207782
00bbac68_6776,11986.426310489998
00bbac68_6777,11986.345905234852
00bbac68_6778,11986.238915452763
00bbac68_6779,11986.111611551598
00bbac68_6780,11985.85342063597
00bbac68_6781,11985.681884258674
00bbac68_6782,11985.488389603172
00bbac68_6783,11985.159451447547
00bbac68_6784,11984.831778714088
00bbac68_6785,11984.505250115526
00bbac68_6786,11984.314799314972
00bbac68_6787,11984.14341072709
00bbac68_6788,11983.991081871938
00bbac68_6789,11983.857576038865
00bbac68_6790,11983.743151930981
00bbac68_6791,11983.647801510568
00bbac68_6792,11983.571516739843
00bbac68_6793,11983.514289580966
00bbac68_6794,11983.611943943306
00bbac68_6795,11983.665565305975
00bbac68_6796,11983.712115700913
00bbac68_6797,11983.752595324077
00bbac68_6798,11983.65218914145
00bbac68_6799,11983.707006904651
00bbac68_6800,11983.758045034954
00bbac68_6801,11983.806131118206
00bbac68_6802,11983.85260106004
00bbac68_6803,11983.898530807717
00bbac68_6804,11983.945012305485
00bbac68_6805,11983.99315058998
00bbac68_6806,11984.044060075366
00bbac68_6807,11984.098649950585
00bbac68_6808,11984.158329924085
00bbac68_6809,11984.224256054924
00bbac68_6810,11984.29493008567
00bbac68_6811,11984.371117474935
00bbac68_6812,11984.456118645006
00bbac68_6813,11984.548588163303
00bbac68_6814,11984.649076456846
00bbac68_6815,11984.758635170832
00bbac68_6816,11984.878044823337
00bbac68_6817,11984.848041475572
00bbac68_6818,11984.80470989667
00bbac68_6819,11984.747811670677
00bbac68_6820,11984.677104650978
00bbac68_6821,11984.592846597463
00bbac68_6822,11984.495025719127
00bbac68_6823,11984.383627306093
00bbac68_6824,11984.258637991172
00bbac68_6825,11984.120311147866
00bbac68_6826,11983.96817822347
00bbac68_6827,11983.874134113446
00bbac68_6828,11983.7803613898
00bbac68_6829,11983.687615702427
00bbac68_6830,11983.596663430442
00bbac68_6831,11983.508496238957
00bbac68_6832,11983.423503997341
00bbac68_6833,11983.342759888816
00bbac68_6834,11983.26708344105
00bbac68_6835,11983.10460684694
00bbac68_6836,11982.931750261843
00bbac68_6837,11982.748503324668
00bbac68_6838,11982.553034589875
00bbac68_6839,11982.345312358744
00bbac68_6840,11982.125698167398
00bbac68_6841,11982.02169162262
00bbac68_6842,11981.694596493397
00bbac68_6843,11981.386871068027
00bbac68_6844,11981.232600441881
00bbac68_6845,11981.115554813314
00bbac68_6846,11981.035723789315
00bbac68_6847,11980.993093934507
00bbac68_6848,11980.987651813479
00bbac68_6849,11981.054083344427
00bbac68_6850,11981.149722800244
00bbac68_6851,11981.274739108776
00bbac68_6852,11981.429904933326
00bbac68_6853,11981.61577420724
00bbac68_6854,11981.832881626864
00bbac68_6855,11981.921710125567
00bbac68_6856,11982.018067212173
00bbac68_6857,11982.118989414004
00bbac68_6858,11982.227036147575
00bbac68_6859,11982.501911331932
00bbac68_6860,11982.648187343682
00bbac68_6861,11982.799070630472
00bbac68_6862,11982.95710230224
00bbac68_6863,11983.258537198983
00bbac68_6864,11983.544494305776
00bbac68_6865,11983.815223087853
00bbac68_6866,11983.934884616085
00bbac68_6867,11984.062718549361
00bbac68_6868,11984.198176773758
00bbac68_6869,11984.340231297418
00bbac68_6870,11984.488076060783
00bbac68_6871,11984.640902751316
00bbac68_6872,11984.797907951419
00bbac68_6873,11985.094113184587
00bbac68_6874,11985.233634847675
00bbac68_6875,11985.375983967644
00bbac68_6876,11985.520120098046
00bbac68_6877,11985.665242938014
00bbac68_6878,11985.81054393434
00bbac68_6879,11985.955224309291
00bbac68_6880,11986.098473678352
00bbac68_6881,11986.239762846119
00bbac68_6882,11986.37805445034
00bbac68_6883,11986.512551033633
00bbac68_6884,11986.642447305856
00bbac68_6885,11986.76693600385
00bbac68_6886,11986.885219664804
00bbac68_6887,11986.99676032577
00bbac68_6888,11987.10053018242
00bbac68_6889,11987.195724836194
00bbac68_6890,11987.281540958107
00bbac68_6891,11987.357180833533
00bbac68_6892,11987.541640805135
00bbac68_6893,11987.689433516904
00bbac68_6894,11987.803450833755
00bbac68_6895,11987.883740975656
00bbac68_6896,11987.93054732828
00bbac68_6897,11987.94411249342
00bbac68_6898,11987.926912355662
00bbac68_6899,11987.878956899738
00bbac68_6900,11987.699376339333
00bbac68_6901,11987.510189746885
00bbac68_6902,11987.3110455729
00bbac68_6903,11987.248897855636
00bbac68_6904,11987.196484268901
00bbac68_6905,11987.154295723325
00bbac68_6906,11987.121842317547
00bbac68_6907,11987.099118660566
00bbac68_6908,11987.086128777219
00bbac68_6909,11987.082869968415
00bbac68_6910,11987.048682142778
00bbac68_6911,11987.020437819783
00bbac68_6912,11987.134385904941
00bbac68_6913,11987.231550840599
00bbac68_6914,11987.312696278279
00bbac68_6915,11987.378866447889
00bbac68_6916,11987.4311184572
00bbac68_6917,11987.47075970164
00bbac68_6918,11987.501481287336
00bbac68_6919,11987.521953636231
00bbac68_6920,11987.533533243313
00bbac68_6921,11987.537093520052
00bbac68_6922,11987.536451841865
00bbac68_6923,11987.530754186917
00bbac68_6924,11987.359649679798
00bbac68_6925,11987.1580578649
00bbac68_6926,11986.92599099877
00bbac68_6927,11986.823232979263
00bbac68_6928,11986.71498431633
00bbac68_6929,11986.601791528661
00bbac68_6930,11986.484459963207
00bbac68_6931,11986.364020306059
00bbac68_6932,11986.241016692247
00bbac68_6933,11986.116479851475
00bbac68_6934,11985.830914479478
00bbac68_6935,11985.680433049449
00bbac68_6936,11985.529748374789
00bbac68_6937,11985.379907488983
00bbac68_6938,11985.231445874124
00bbac68_6939,11985.085408442947
00bbac68_6940,11984.94233632171
00bbac68_6941,11984.80327372201
00bbac68_6942,11984.66876681166
00bbac68_6943,11984.539861207977
00bbac68_6944,11984.41710064619
00bbac68_6945,11984.30152749064
00bbac68_6946,11984.193702624041
00bbac68_6947,11984.094659678554
00bbac68_6948,11984.004955000968
00bbac68_6949,11983.92563182064
00bbac68_6950,11983.857246052958
00bbac68_6951,11983.800846334512
00bbac68_6952,11983.757208206925
00bbac68_6953,11983.585739059896
00bbac68_6954,11983.411884989271
00bbac68_6955,11983.233452657112
00bbac68_6956,11983.051408305828
00bbac68_6957,11982.866288419433
00bbac68_6958,11982.67841296942
00bbac68_6959,11982.48594810233
00bbac68_6960,11982.291721342937
00bbac68_6961,11982.215844168562
00bbac68_6962,11982.155492686656
00bbac68_6963,11982.111450720431
00bbac68_6964,11982.084286786618
00bbac68_6965,11982.075055287823
00bbac68_6966,11982.08427355644
00bbac68_6967,11982.112738899828
00bbac68_6968,11982.161508781834
00bbac68_6969,11982.2313728105
00bbac68_6970,11982.322899990748
00bbac68_6971,11982.43688535623
00bbac68_6972,11982.572715512204
00bbac68_6973,11982.570594630935
00bbac68_6974,11982.566683268866
00bbac68_6975,11982.434155584859
00bbac68_6976,11982.32503972699
00bbac68_6977,11982.238318856542
00bbac68_6978,11982.173198200904
00bbac68_6979,11982.170500368327
00bbac68_6980,11982.180723705033
00bbac68_6981,11982.201003081029
00bbac68_6982,11982.22914744335
00bbac68_6983,11982.267646571585
00bbac68_6984,11982.315862669682
00bbac68_6985,11982.371763844361
00bbac68_6986,11982.43778035944
00bbac68_6987,11982.515671745386
00bbac68_6988,11982.60275344144
00bbac68_6989,11982.698323971965
00bbac68_6990,11982.802551605588
00bbac68_6991,11982.915148744882
00bbac68_6992,11983.035560609243
00bbac68_6993,11983.163706360974
00bbac68_6994,11983.298817746823
00bbac68_6995,11983.441002982254
00bbac68_6996,11983.589651656459
00bbac68_6997,11983.744629639634
00bbac68_6998,11983.906994872785
00bbac68_6999,11984.076652755903
00bbac68_7000,11984.25282316643
00bbac68_7001,11984.434946391017
00bbac68_7002,11984.621983290917
00bbac68_7003,11984.813379730222
00bbac68_7004,11985.008087519504
00bbac68_7005,11985.205560032127
00bbac68_7006,11985.404529810174
00bbac68_7007,11985.668625630591
00bbac68_7008,11985.919591509926
00bbac68_7009,11986.157642546443
00bbac68_7010,11986.384757144166
00bbac68_7011,11986.598470468749
00bbac68_7012,11986.743674006791
00bbac68_7013,11986.886815742702
00bbac68_7014,11987.027342854137
00bbac68_7015,11987.16399442707
00bbac68_7016,11987.296491630266
00bbac68_7017,11987.423789429908
00bbac68_7018,11987.545081624978
00bbac68_7019,11987.659816681013
00bbac68_7020,11987.76696137013
00bbac68_7021,11987.86570211357
00bbac68_7022,11987.955496748187
00bbac68_7023,11988.035306838585
00bbac68_7024,11988.104325179636
00bbac68_7025,11988.16200623384
00bbac68_7026,11988.207317328885
00bbac68_7027,11988.23945029833
00bbac68_7028,11988.257863793542
00bbac68_7029,11988.261523757461
00bbac68_7030,11988.385454931013
00bbac68_7031,11988.46986207286
00bbac68_7032,11988.514511062132
00bbac68_7033,11988.521304292004
00bbac68_7034,11988.491511804013
00bbac68_7035,11988.425366129588
00bbac68_7036,11988.337603313594
00bbac68_7037,11988.394392561999
00bbac68_7038,11988.43673708437
00bbac68_7039,11988.465199323255
00bbac68_7040,11988.431799734619
00bbac68_7041,11988.378692053422
00bbac68_7042,11988.308918406861
00bbac68_7043,11988.226099825186
00bbac68_7044,11988.128966266968
00bbac68_7045,11988.018731513448
00bbac68_7046,11987.898897348452
00bbac68_7047,11987.768253327733
00bbac68_7048,11987.62517967522
00bbac68_7049,11987.472997716379
00bbac68_7050,11987.313223663772
00bbac68_7051,11987.146489423269
00bbac68_7052,11986.973900158308
00bbac68_7053,11986.796567623394
00bbac68_7054,11986.61561356137
00bbac68_7055,11986.43239643073
00bbac68_7056,11986.247887828475
00bbac68_7057,11986.063252235335
00bbac68_7058,11985.879668143203
00bbac68_7059,11985.696330194818
00bbac68_7060,11985.513716674124
00bbac68_7061,11985.332389744191
00bbac68_7062,11985.15315403521
00bbac68_7063,11984.976791624274
00bbac68_7064,11984.804095163217
00bbac68_7065,11984.63586756327
00bbac68_7066,11984.4728908822
00bbac68_7067,11984.316226296425
00bbac68_7068,11984.091129604245
00bbac68_7069,11983.864618654081
00bbac68_7070,11983.637538396644
00bbac68_7071,11983.408071279091
00bbac68_7072,11983.17933078551
00bbac68_7073,11983.016762367039
00bbac68_7074,11982.86407743577
00bbac68_7075,11982.722071704718
00bbac68_7076,11982.59179984968
00bbac68_7077,11982.473832607131
00bbac68_7078,11982.368968728437
00bbac68_7079,11982.27799744373
00bbac68_7080,11982.201724294131
00bbac68_7081,11982.140933901024
00bbac68_7082,11982.096424037347
00bbac68_7083,11982.068993511142
00bbac68_7084,11982.059435395304
00bbac68_7085,11982.068542851088
00bbac68_7086,11982.09711541697
00bbac68_7087,11982.145941563966
00bbac68_7088,11982.079991535971
00bbac68_7089,11982.05930902739
00bbac68_7090,11982.083895124277
00bbac68_7091,11981.99347604766
00bbac68_7092,11981.923364572176
00bbac68_7093,11981.872760166638
00bbac68_7094,11981.84086935536
00bbac68_7095,11981.82690005574
00bbac68_7096,11981.830060208333
00bbac68_7097,11982.009596889024
00bbac68_7098,11982.069637882121
00bbac68_7099,11982.145218537262
00bbac68_7100,11982.235542949951
00bbac68_7101,11982.339820829799
00bbac68_7102,11982.457256863747
00bbac68_7103,11982.586830593322
00bbac68_7104,11982.728013164955
00bbac68_7105,11982.88000550304
00bbac68_7106,11983.042020690968
00bbac68_7107,11983.213259231492
00bbac68_7108,11983.392921800812
00bbac68_7109,11983.580221334742
00bbac68_7110,11983.910190114226
00bbac68_7111,11984.222285101723
00bbac68_7112,11984.517003586918
00bbac68_7113,11984.794337444975
00bbac68_7114,11985.054278425363
00bbac68_7115,11985.296831091115
00bbac68_7116,11985.521987316162
00bbac68_7117,11985.729738848931
00bbac68_7118,11985.919861766788
00bbac68_7119,11986.092617236702
00bbac68_7120,11986.247993898476
00bbac68_7121,11986.385994745544
00bbac68_7122,11986.50661018032
00bbac68_7123,11986.609828914621
00bbac68_7124,11986.695431446842
00bbac68_7125,11986.763671806428
00bbac68_7126,11986.814539237594
00bbac68_7127,11986.848035268677
00bbac68_7128,11986.864147260381
00bbac68_7129,11986.862641971265
00bbac68_7130,11986.84378455337
00bbac68_7131,11986.807562905671
00bbac68_7132,11986.75396480232
00bbac68_7133,11986.68299085128
00bbac68_7134,11986.45857118311
00bbac68_7135,11986.240209574193
00bbac68_7136,11986.027111183976
00bbac68_7137,11985.818468572616
00bbac68_7138,11985.613474717044
00bbac68_7139,11985.411108392245
00bbac68_7140,11985.210827575784
00bbac68_7141,11985.011821787299
00bbac68_7142,11984.813298799125
00bbac68_7143,11984.61422165145
00bbac68_7144,11984.414047155718
00bbac68_7145,11984.211977688148
00bbac68_7146,11984.007201421417
00bbac68_7147,11983.798685984864
00bbac68_7148,11983.585897357772
00bbac68_7149,11983.528066842602
00bbac68_7150,11983.48912717492
00bbac68_7151,11983.469326187616
00bbac68_7152,11983.604753920623
00bbac68_7153,11983.60008216143
00bbac68_7154,11983.615116025612
00bbac68_7155,11983.650114175558
00bbac68_7156,11983.840884921588
00bbac68_7157,11984.027945050044
00bbac68_7158,11984.21233499988
00bbac68_7159,11984.394830661304
00bbac68_7160,11984.575985488922
00bbac68_7161,11984.756844832096
00bbac68_7162,11984.938180996829
00bbac68_7163,11985.120550767173
00bbac68_7164,11985.305252301645
00bbac68_7165,11985.492848199849
00bbac68_7166,11985.683882627109
00bbac68_7167,11985.87939556955
00bbac68_7168,11986.080164244471
00bbac68_7169,11986.2867401238
00bbac68_7170,11986.500163145764
00bbac68_7171,11986.561160690904
00bbac68_7172,11986.60558717909
00bbac68_7173,11986.633456476866
00bbac68_7174,11986.644528795245
00bbac68_7175,11986.639051617834
00bbac68_7176,11986.616995300774
00bbac68_7177,11986.578118741527
00bbac68_7178,11986.5226660916
00bbac68_7179,11986.450653061536
00bbac68_7180,11986.362099348813
00bbac68_7181,11986.256754093
00bbac68_7182,11986.134858144624
00bbac68_7183,11985.996393562431
00bbac68_7184,11985.841106323078
00bbac68_7185,11985.669502702734
00bbac68_7186,11985.48111200494
00bbac68_7187,11985.276173766588
00bbac68_7188,11985.05442989397
00bbac68_7189,11984.816129350529
00bbac68_7190,11984.561283973
00bbac68_7191,11984.289905036732
00bbac68_7192,11984.001737641252
00bbac68_7193,11983.697027385637
00bbac68_7194,11983.375742016115
00bbac68_7195,11983.197940452552
00bbac68_7196,11983.028595860937
00bbac68_7197,11982.868245919151
00bbac68_7198,11982.717928097027
00bbac68_7199,11982.578180959732
00bbac68_7200,11982.45006841286
00bbac68_7201,11982.334396319475
00bbac68_7202,11982.231706572205
00bbac68_7203,11982.14302140639
00bbac68_7204,11982.069149314259
00bbac68_7205,11982.010890789097
00bbac68_7206,11981.968777114304
00bbac68_7207,11981.943842275563
00bbac68_7208,11981.936885463389
00bbac68_7209,11981.948701406676
00bbac68_7210,11981.979833333038
00bbac68_7211,11982.031341223817
00bbac68_7212,11982.104030982024
00bbac68_7213,11982.03838493878
00bbac68_7214,11982.130514220793
00bbac68_7215,11982.24538811906
00bbac68_7216,11982.383800806647
00bbac68_7217,11982.386243829626
00bbac68_7218,11982.38881208312
00bbac68_7219,11982.391513069504
00bbac68_7220,11982.394081345868
00bbac68_7221,11982.397016288787
00bbac68_7222,11982.399821563078
00bbac68_7223,11982.402503372437
00bbac68_7224,11982.405553522181
00bbac68_7225,11982.408485160096
00bbac68_7226,11982.411292449715
00bbac68_7227,11982.414472099204
00bbac68_7228,11982.417529688335
00bbac68_7229,11982.420468868897
00bbac68_7230,11982.423776545733
00bbac68_7231,11982.426954426004
00bbac68_7232,11982.43000905074
00bbac68_7233,11982.433429936273
00bbac68_7234,11982.436719733047
00bbac68_7235,11982.440139983359
00bbac68_7236,11982.443687113322
00bbac68_7237,11982.447093481089
00bbac68_7238,11982.450619320296
00bbac68_7239,11982.454262130977
00bbac68_7240,11982.45801304614
00bbac68_7241,11982.461643112587
00bbac68_7242,11982.464045181823
00bbac68_7243,11982.46436282228
00bbac68_7244,11982.462966375548
00bbac68_7245,11982.460481363498
00bbac68_7246,11982.331924889591
00bbac68_7247,11982.226777360454
00bbac68_7248,11982.1440133583
00bbac68_7249,11982.083327968143
00bbac68_7250,11982.043422793067
00bbac68_7251,11982.023761916871
00bbac68_7252,11982.02354070469
00bbac68_7253,11982.041963456039
00bbac68_7254,11982.077997202985
00bbac68_7255,11982.131060431208
00bbac68_7256,11982.20035378119
00bbac68_7257,11982.284851514025
00bbac68_7258,11982.3842355446
00bbac68_7259,11982.497211101398
00bbac68_7260,11982.62323962166
00bbac68_7261,11982.76155615692
00bbac68_7262,11982.911360041964
00bbac68_7263,11983.07184205937
00bbac68_7264,11983.241966613117
00bbac68_7265,11983.421424833
00bbac68_7266,11983.608918288732
00bbac68_7267,11983.803909377371
00bbac68_7268,11984.005589546288
00bbac68_7269,11984.213148251178
00bbac68_7270,11984.425561734957
00bbac68_7271,11984.642511248669
00bbac68_7272,11984.862963790836
00bbac68_7273,11985.085882432146
00bbac68_7274,11985.31073287027
00bbac68_7275,11985.53670521133
00bbac68_7276,11985.76299150469
00bbac68_7277,11985.98855348713
00bbac68_7278,11986.2130796154
00bbac68_7279,11986.435535530105
00bbac68_7280,11986.654885242646
00bbac68_7281,11986.870815248749
00bbac68_7282,11987.082024436699
00bbac68_7283,11987.287966313268
00bbac68_7284,11987.488105214488
00bbac68_7285,11987.681134139892
00bbac68_7286,11987.866517116909
00bbac68_7287,11988.043482808127
00bbac68_7288,11988.211220263145
00bbac68_7289,11988.368922807509
00bbac68_7290,11988.515817529676
00bbac68_7291,11988.651099687286
00bbac68_7292,11988.773960309738
00bbac68_7293,11988.883630683824
00bbac68_7294,11989.103403035166
00bbac68_7295,11989.284743561786
00bbac68_7296,11989.427989034792
00bbac68_7297,11989.53338285936
00bbac68_7298,11989.601251162141
00bbac68_7299,11989.631896608413
00bbac68_7300,11989.625338849504
00bbac68_7301,11989.58226306485
00bbac68_7302,11989.502712381982
00bbac68_7303,11989.388556032756
00bbac68_7304,11989.241471040381
00bbac68_7305,11989.06188276758
00bbac68_7306,11988.850436563775
00bbac68_7307,11988.755346390952
00bbac68_7308,11988.65005881667
00bbac68_7309,11988.535534153114
00bbac68_7310,11988.412636201117
00bbac68_7311,11988.282319127557
00bbac68_7312,11988.14550588224
00bbac68_7313,11988.003023256815
00bbac68_7314,11987.855782600962
00bbac68_7315,11987.704670829733
00bbac68_7316,11987.55029481699
00bbac68_7317,11987.457163382907
00bbac68_7318,11987.353987734787
00bbac68_7319,11987.24132011005
00bbac68_7320,11987.120426814134
00bbac68_7321,11986.919666712565
00bbac68_7322,11986.796699303035
00bbac68_7323,11986.590541949734
00bbac68_7324,11986.38966210802
00bbac68_7325,11986.194820725614
00bbac68_7326,11986.090084998637
00bbac68_7327,11985.980624951899
00bbac68_7328,11985.867261240403
00bbac68_7329,11985.75054368643
00bbac68_7330,11985.63174509713
00bbac68_7331,11985.511415966415
00bbac68_7332,11985.390108308022
00bbac68_7333,11985.2690902758
00bbac68_7334,11985.148920877418
00bbac68_7335,11985.030412878064
00bbac68_7336,11984.914347033438
00bbac68_7337,11984.801505595591
00bbac68_7338,11984.692705253981
00bbac68_7339,11984.588496454457
00bbac68_7340,11984.490149343867
00bbac68_7341,11984.355935531416
00bbac68_7342,11984.233752360899
00bbac68_7343,11984.12495974572
00bbac68_7344,11984.030292925552
00bbac68_7345,11983.950410314941
00bbac68_7346,11983.886456022765
00bbac68_7347,11983.839508524374
00bbac68_7348,11983.810246181305
00bbac68_7349,11983.799281966105
00bbac68_7350,11983.807702665183
00bbac68_7351,11983.901222355846
00bbac68_7352,11984.006590017747
00bbac68_7353,11984.12484952884
00bbac68_7354,11984.256818664486
00bbac68_7355,11984.25704513831
00bbac68_7356,11984.252308435385
00bbac68_7357,11984.243114613995
00bbac68_7358,11984.229763604366
00bbac68_7359,11984.212967007266
00bbac68_7360,11984.193485832595
00bbac68_7361,11984.171611686392
00bbac68_7362,11984.147696791431
00bbac68_7363,11984.122501137947
00bbac68_7364,11984.096616209237
00bbac68_7365,11984.070664287256
00bbac68_7366,11984.045180260675
00bbac68_7367,11984.020792362771
00bbac68_7368,11983.997931303233
00bbac68_7369,11983.97743540821
00bbac68_7370,11983.960202165787
00bbac68_7371,11983.946437265657
00bbac68_7372,11983.937014291743
00bbac68_7373,11983.932639747462
00bbac68_7374,11983.93382654317
00bbac68_7375,11983.941490416912
00bbac68_7376,11983.956602800927
00bbac68_7377,11983.979661532314
00bbac68_7378,11983.93670647723
00bbac68_7379,11983.888951277277
00bbac68_7380,11983.836419947187
00bbac68_7381,11983.778870164744
00bbac68_7382,11983.80160967098
00bbac68_7383,11983.748042134675
00bbac68_7384,11983.780212393798
00bbac68_7385,11983.824749122135
00bbac68_7386,11983.88252704537
00bbac68_7387,11983.85593729432
00bbac68_7388,11983.826364976296
00bbac68_7389,11983.793823368607
00bbac68_7390,11983.622504452642
00bbac68_7391,11983.471637761315
00bbac68_7392,11983.340403949102
00bbac68_7393,11983.228022175914
00bbac68_7394,11983.133455701425
00bbac68_7395,11983.191981966655
00bbac68_7396,11983.10774311742
00bbac68_7397,11983.039732671396
00bbac68_7398,11983.123228742072
00bbac68_7399,11983.19820741206
00bbac68_7400,11983.128845615478
00bbac68_7401,11983.106312343212
00bbac68_7402,11983.13993730485
00bbac68_7403,11983.162604680005
00bbac68_7404,11983.208995575536
00bbac68_7405,11983.279178721046
00bbac68_7406,11983.373056382588
00bbac68_7407,11983.490541887517
00bbac68_7408,11983.63135304948
00bbac68_7409,11983.795607325615
00bbac68_7410,11984.0268665032
00bbac68_7411,11984.27174947769
00bbac68_7412,11984.45444909198
00bbac68_7413,11984.63744490833
00bbac68_7414,11984.820568288742
00bbac68_7415,11985.003630033261
00bbac68_7416,11985.155922486114
00bbac68_7417,11985.315147760113
00bbac68_7418,11985.616354734922
00bbac68_7419,11985.899507811759
00bbac68_7420,11986.164611978435
00bbac68_7421,11986.411416311157
00bbac68_7422,11986.64014879688
00bbac68_7423,11986.850821496762
00bbac68_7424,11987.043442638318
00bbac68_7425,11987.218024895408
00bbac68_7426,11987.374304535542
00bbac68_7427,11987.512510281125
00bbac68_7428,11987.632652868573
00bbac68_7429,11987.734737039622
00bbac68_7430,11987.818771460112
00bbac68_7431,11987.748660313639
00bbac68_7432,11987.683889948794
00bbac68_7433,11987.623671318488
00bbac68_7434,11987.567216102167
00bbac68_7435,11987.513738339767
00bbac68_7436,11987.462445168183
00bbac68_7437,11987.412056498066
00bbac68_7438,11987.362269904826
00bbac68_7439,11987.312298222841
00bbac68_7440,11987.261354323438
00bbac68_7441,11987.20864120019
00bbac68_7442,11987.153369632077
00bbac68_7443,11987.094517675441
00bbac68_7444,11987.05591066707
00bbac68_7445,11987.005901540786
00bbac68_7446,11986.944216633514
00bbac68_7447,11986.870579861463
00bbac68_7448,11986.784517388438
00bbac68_7449,11986.685935168507
00bbac68_7450,11986.574519531405
00bbac68_7451,11986.61205791424
00bbac68_7452,11986.662725883658
00bbac68_7453,11986.726805388967
00bbac68_7454,11986.801908747853
00bbac68_7455,11986.89548593826
00bbac68_7456,11986.842226092851
00bbac68_7457,11986.923124918556
00bbac68_7458,11987.018982074547
00bbac68_7459,11987.105573478839
00bbac68_7460,11987.15844870157
00bbac68_7461,11987.33791957579
00bbac68_7462,11987.470809597815
00bbac68_7463,11987.592766959537
00bbac68_7464,11987.737194535097
00bbac68_7465,11987.73909950802
00bbac68_7466,11987.89460820056
00bbac68_7467,11988.044235730586
00bbac68_7468,11988.189033517705
00bbac68_7469,11988.329547591817
00bbac68_7470,11988.466832572958
00bbac68_7471,11988.550062498649
00bbac68_7472,11988.62625166937
00bbac68_7473,11988.696105985595
00bbac68_7474,11988.760837762267
00bbac68_7475,11988.82117777704
00bbac68_7476,11988.878361437346
00bbac68_7477,11988.968784986328
00bbac68_7478,11989.060793349188
00bbac68_7479,11988.995375042126
00bbac68_7480,11988.908112052874
00bbac68_7481,11988.799030800837
00bbac68_7482,11988.668369844083
00bbac68_7483,11988.515883043958
00bbac68_7484,11988.341803830477
00bbac68_7485,11988.145889252835
00bbac68_7486,11987.928146400362
00bbac68_7487,11987.68858944665
00bbac68_7488,11987.427456268371
00bbac68_7489,11987.144491528281
00bbac68_7490,11986.839707101775
00bbac68_7491,11986.513336128688
00bbac68_7492,11986.325165180568
00bbac68_7493,11986.140164190512
00bbac68_7494,11985.959132509544
00bbac68_7495,11985.783099101762
00bbac68_7496,11985.612591414303
00bbac68_7497,11985.44840443652
00bbac68_7498,11985.291600914788
00bbac68_7499,11985.142756888557
00bbac68_7500,11985.002662576875
00bbac68_7501,11984.872337121613
00bbac68_7502,11984.752307268474
00bbac68_7503,11984.643365088628
00bbac68_7504,11984.546571977015
00bbac68_7505,11984.433484239866
00bbac68_7506,11984.331986030807
00bbac68_7507,11984.243134427341
00bbac68_7508,11984.167987684352
00bbac68_7509,11984.107840500248
00bbac68_7510,11984.063604959321
00bbac68_7511,11984.036377121098
00bbac68_7512,11984.024822046222
00bbac68_7513,11984.029464468558
00bbac68_7514,11984.051007962902
00bbac68_7515,11984.093047258137
00bbac68_7516,11984.148518073227
00bbac68_7517,11984.222636567703
00bbac68_7518,11984.332772377344
00bbac68_7519,11984.465585316058
00bbac68_7520,11984.461806536468
00bbac68_7521,11984.457519107118
00bbac68_7522,11984.452467305957
00bbac68_7523,11984.446903938313
00bbac68_7524,11984.440586226889
00bbac68_7525,11984.43348810649
00bbac68_7526,11984.585895100963
00bbac68_7527,11984.602482336106
00bbac68_7528,11984.619319235082
00bbac68_7529,11984.636168851843
00bbac68_7530,11984.65312195173
00bbac68_7531,11984.670176577618
00bbac68_7532,11984.687330772591
00bbac68_7533,11984.704582579729
00bbac68_7534,11984.721930042113
00bbac68_7535,11984.739371202828
00bbac68_7536,11984.756904104952
00bbac68_7537,11984.774526791569
00bbac68_7538,11984.79223730576
00bbac68_7539,11984.810033690608
00bbac68_7540,11984.827913989195
00bbac68_7541,11984.8458762446
00bbac68_7542,11984.863918499907
00bbac68_7543,11984.882038798198
00bbac68_7544,11984.900235182553
00bbac68_7545,11984.918505696056
00bbac68_7546,11984.936848381787
00bbac68_7547,11984.955261282828
00bbac68_7548,11984.973742442262
00bbac68_7549,11984.992289903172
00bbac68_7550,11985.010901708634
00bbac68_7551,11985.029575901737
00bbac68_7552,11985.048310525557
00bbac68_7553,11985.06710362318
00bbac68_7554,11985.085953237685
00bbac68_7555,11985.104857412156
00bbac68_7556,11985.123814189672
00bbac68_7557,11985.142821613319
00bbac68_7558,11985.161877726174
00e12e8b_2083,11568.35460659894
00e12e8b_2084,11568.172974094416
00e12e8b_2085,11568.014751457227
00e12e8b_2086,11567.87894924024
00e12e8b_2087,11567.764577996315
00e12e8b_2088,11567.67064827832
00e12e8b_2089,11567.596170639115
00e12e8b_2090,11567.54015563157
00e12e8b_2091,11567.501613808545
00e12e8b_2092,11567.479555722904
00e12e8b_2093,11567.472991927516
00e12e8b_2094,11567.48093297524
00e12e8b_2095,11567.502389418942
00e12e8b_2096,11567.536371811488
00e12e8b_2097,11567.58189070574
00e12e8b_2098,11567.637956654564
00e12e8b_2099,11567.703580210822
00e12e8b_2100,11567.77777192738
00e12e8b_2101,11567.859542357102
00e12e8b_2102,11567.947902052854
00e12e8b_2103,11568.041861567497
00e12e8b_2104,11568.140431453898
00e12e8b_2105,11568.242622264917
00e12e8b_2106,11568.347444553425
00e12e8b_2107,11568.453908872281
00e12e8b_2108,11568.56102577435
00e12e8b_2109,11568.667805812498
00e12e8b_2110,11568.773259539588
00e12e8b_2111,11568.876397508486
00e12e8b_2112,11568.976230272054
00e12e8b_2113,11569.071768383368
00e12e8b_2114,11569.097965143419
00e12e8b_2115,11569.116270266833
00e12e8b_2116,11569.126876346358
00e12e8b_2117,11569.129536625234
00e12e8b_2118,11569.124892126447
00e12e8b_2119,11569.113133825991
00e12e8b_2120,11569.094016885267
00e12e8b_2121,11569.068182079525
00e12e8b_2122,11569.035822759128
00e12e8b_2123,11568.996695037635
00e12e8b_2124,11568.951435510784
00e12e8b_2125,11568.90024243261
00e12e8b_2126,11568.843098030247
00e12e8b_2127,11568.78015200782
00e12e8b_2128,11568.71165392065
00e12e8b_2129,11568.63797778617
00e12e8b_2130,11568.42933612648
00e12e8b_2131,11568.237935768439
00e12e8b_2132,11568.061342000354
00e12e8b_2133,11567.90143238247
00e12e8b_2134,11567.75780875983
00e12e8b_2135,11567.629895674769
00e12e8b_2136,11567.514459491385
00e12e8b_2137,11567.413972416176
00e12e8b_2138,11567.461984277072
00e12e8b_2139,11567.500561925455
00e12e8b_2140,11567.529693237504
00e12e8b_2141,11567.552423845977
00e12e8b_2142,11567.569371688545
00e12e8b_2143,11567.58095583632
00e12e8b_2144,11567.587773345504
00e12e8b_2145,11567.590539273771
00e12e8b_2146,11567.587433792147
00e12e8b_2147,11567.58118095822
00e12e8b_2148,11567.572642885303
00e12e8b_2149,11567.562307378386
00e12e8b_2150,11567.551069742196
00e12e8b_2151,11567.539441827284
00e12e8b_2152,11567.528344595055
00e12e8b_2153,11567.606798916217
00e12e8b_2154,11567.698491560697
00e12e8b_2155,11567.803968698085
00e12e8b_2156,11567.924271002868
00e12e8b_2157,11568.059943737224
00e12e8b_2158,11568.212028821303
00e12e8b_2159,11568.308388725432
00e12e8b_2160,11568.41378664291
00e12e8b_2161,11568.436871733882
00e12e8b_2162,11568.453530695882
00e12e8b_2163,11568.463474037333
00e12e8b_2164,11568.467102805658
00e12e8b_2165,11568.462404943923
00e12e8b_2166,11568.449525379161
00e12e8b_2167,11568.428822965283
00e12e8b_2168,11568.410456495147
00e12e8b_2169,11568.385821414522
00e12e8b_2170,11568.354906982164
00e12e8b_2171,11568.292071713176
00e12e8b_2172,11568.224838333084
00e12e8b_2173,11568.155969380554
00e12e8b_2174,11568.082984110211
00e12e8b_2175,11568.008419867403
00e12e8b_2176,11567.931869152262
00e12e8b_2177,11567.853145586338
00e12e8b_2178,11567.772519546777
00e12e8b_2179,11567.689369466392
00e12e8b_2180,11567.633446045145
00e12e8b_2181,11567.569736324902
00e12e8b_2182,11567.498238986986
00e12e8b_2183,11567.418687124324
00e12e8b_2184,11567.331347482066
00e12e8b_2185,11567.236224215489
00e12e8b_2186,11567.133051960916
00e12e8b_2187,11567.021830900163
00e12e8b_2188,11566.903059147491
00e12e8b_2189,11566.77624373238
00e12e8b_2190,11566.641395418763
00e12e8b_2191,11566.651899839162
00e12e8b_2192,11566.678475476272
00e12e8b_2193,11566.724600341058
00e12e8b_2194,11566.788524296036
00e12e8b_2195,11566.87102710257
00e12e8b_2196,11566.973116503106
00e12e8b_2197,11567.098185648794
00e12e8b_2198,11567.244813674874
00e12e8b_2199,11567.255225804205
00e12e8b_2200,11567.26402684449
00e12e8b_2201,11567.270963243553
00e12e8b_2202,11567.276275770888
00e12e8b_2203,11567.279714844732
00e12e8b_2204,11567.281520197317
00e12e8b_2205,11567.281711400165
00e12e8b_2206,11567.144473058603
00e12e8b_2207,11567.028811240642
00e12e8b_2208,11566.934173062822
00e12e8b_2209,11566.859754068222
00e12e8b_2210,11566.80451229248
00e12e8b_2211,11566.767902750802
00e12e8b_2212,11566.748888482474
00e12e8b_2213,11566.74692582579
00e12e8b_2214,11566.897036910335
00e12e8b_2215,11567.038937008723
00e12e8b_2216,11567.172877269331
00e12e8b_2217,11567.298619359048
00e12e8b_2218,11567.416419847154
00e12e8b_2219,11567.526266208435
00e12e8b_2220,11567.627922132633
00e12e8b_2221,11567.72164426268
00e12e8b_2222,11567.807157256266
00e12e8b_2223,11567.88445080003
00e12e8b_2224,11567.954423001756
00e12e8b_2225,11568.016519876395
00e12e8b_2226,11568.073174479652
00e12e8b_2227,11568.125065141932
00e12e8b_2228,11568.172618598477
00e12e8b_2229,11568.204798557483
00e12e8b_2230,11568.22889760809
00e12e8b_2231,11568.245139846475
00e12e8b_2232,11568.283456772013
00e12e8b_2233,11568.32102003562
00e12e8b_2234,11568.35598872169
00e12e8b_2235,11568.390978008472
00e12e8b_2236,11568.424081084951
00e12e8b_2237,11568.455245372625
00e12e8b_2238,11568.484914598215
00e12e8b_2239,11568.513046919417
00e12e8b_2240,11568.540003845088
00e12e8b_2241,11568.530472310858
00e12e8b_2242,11568.514662469477
00e12e8b_2243,11568.492310759842
00e12e8b_2244,11568.463653804596
00e12e8b_2245,11568.428469823273
00e12e8b_2246,11568.38676855621
00e12e8b_2247,11568.338779436297
00e12e8b_2248,11568.284515351708
00e12e8b_2249,11568.095455037865
00e12e8b_2250,11567.93105609987
00e12e8b_2251,11567.777917003543
00e12e8b_2252,11567.635482409494
00e12e8b_2253,11567.503674186268
00e12e8b_2254,11567.381908266132
00e12e8b_2255,11567.272348628636
00e12e8b_2256,11567.172001460685
00e12e8b_2257,11567.0800756659
00e12e8b_2258,11566.996660670286
00e12e8b_2259,11566.922825838064
00e12e8b_2260,11566.858719448453
00e12e8b_2261,11566.803290462096
00e12e8b_2262,11566.755990894648
00e12e8b_2263,11566.718479653475
00e12e8b_2264,11566.684742646283
00e12e8b_2265,11566.655814895059
00e12e8b_2266,11566.631889964998
00e12e8b_2267,11566.771970572383
00e12e8b_2268,11566.940472694065
00e12e8b_2269,11567.137151487159
00e12e8b_2270,11567.482241180904
00e12e8b_2271,11567.714746124579
00e12e8b_2272,11568.091775781397
00e12e8b_2273,11568.475678741228
00e12e8b_2274,11568.75620227835
00e12e8b_2275,11568.90686462218
00e12e8b_2276,11569.062956089665
00e12e8b_2277,11569.223440543887
00e12e8b_2278,11569.387776621159
00e12e8b_2279,11569.554927962918
00e12e8b_2280,11569.724084338162
00e12e8b_2281,11569.894705845089
00e12e8b_2282,11570.065757179784
00e12e8b_2283,11570.236433014996
00e12e8b_2284,11570.40619582204
00e12e8b_2285,11570.57400889677
00e12e8b_2286,11570.739068244176
00e12e8b_2287,11570.900831595542
00e12e8b_2288,11571.058272483688
00e12e8b_2289,11571.210582012749
00e12e8b_2290,11571.357230070456
00e12e8b_2291,11571.633014200332
00e12e8b_2292,11571.87787744074
00e12e8b_2293,11572.09181492033
00e12e8b_2294,11572.275079658879
00e12e8b_2295,11572.291612158757
00e12e8b_2296,11572.436481861341
00e12e8b_2297,11572.549864528119
00e12e8b_2298,11572.631750268978
00e12e8b_2299,11572.68191179917
00e12e8b_2300,11572.667992893423
00e12e8b_2301,11572.627887834919
00e12e8b_2302,11572.561670101157
00e12e8b_2303,11572.466664993131
00e12e8b_2304,11572.343073794194
00e12e8b_2305,11572.191265704714
00e12e8b_2306,11572.011468992401
00e12e8b_2307,11571.80362247451
00e12e8b_2308,11571.570141258624
00e12e8b_2309,11571.354742463021
00e12e8b_2310,11571.256774563908
00e12e8b_2311,11571.138535104446
00e12e8b_2312,11571.011996021956
00e12e8b_2313,11570.847735267085
00e12e8b_2314,11570.68040369699
00e12e8b_2315,11570.51137135412
00e12e8b_2316,11570.339509931768
00e12e8b_2317,11570.20798185772
00e12e8b_2318,11570.074030869084
00e12e8b_2319,11569.938894314986
00e12e8b_2320,11569.801497875655
00e12e8b_2321,11569.662052697935
00e12e8b_2322,11569.521357887083
00e12e8b_2323,11569.380439188357
00e12e8b_2324,11569.236644950879
00e12e8b_2325,11569.096396007559
00e12e8b_2326,11568.958670900749
00e12e8b_2327,11568.82364413251
00e12e8b_2328,11568.629463079078
00e12e8b_2329,11568.44809762056
00e12e8b_2330,11568.27811523937
00e12e8b_2331,11567.981477963072
00e12e8b_2332,11567.75852942231
00e12e8b_2333,11567.428107982363
00e12e8b_2334,11567.107648180638
00e12e8b_2335,11566.928018901452
00e12e8b_2336,11566.775596147378
00e12e8b_2337,11566.650619784414
00e12e8b_2338,11566.62075591765
00e12e8b_2339,11566.606620126127
00e12e8b_2340,11566.676272092129
00e12e8b_2341,11566.750733401703
00e12e8b_2342,11566.830543463646
00e12e8b_2343,11566.91674742403
00e12e8b_2344,11567.00988600648
00e12e8b_2345,11567.111002334757
00e12e8b_2346,11567.220871016776
00e12e8b_2347,11567.340041853588
00e12e8b_2348,11567.469558877416
00e12e8b_2349,11567.610198004684
00e12e8b_2350,11567.762511434841
00e12e8b_2351,11567.927544749584
00e12e8b_2352,11567.945803645023
00e12e8b_2353,11567.953378749515
00e12e8b_2354,11567.95025118901
00e12e8b_2355,11567.936416124114
00e12e8b_2356,11568.071675389858
00e12e8b_2357,11568.02852576265
00e12e8b_2358,11567.980766919041
00e12e8b_2359,11567.925997462322
00e12e8b_2360,11567.864627969504
00e12e8b_2361,11567.837234897628
00e12e8b_2362,11567.811472649537
00e12e8b_2363,11567.785066621833
00e12e8b_2364,11567.763136335832
00e12e8b_2365,11567.741760305013
00e12e8b_2366,11567.730958082404
00e12e8b_2367,11567.766091828538
00e12e8b_2368,11567.765010730647
00e12e8b_2369,11567.76742953882
00e12e8b_2370,11567.721423486431
00e12e8b_2371,11567.668689000759
00e12e8b_2372,11567.611421024214
00e12e8b_2373,11567.54963954545
00e12e8b_2374,11567.519128460612
00e12e8b_2375,11567.489752438887
00e12e8b_2376,11567.46456194848
00e12e8b_2377,11567.443740741506
00e12e8b_2378,11567.381035458697
00e12e8b_2379,11567.309169854583
00e12e8b_2380,11567.230703129291
00e12e8b_2381,11567.148275658981
00e12e8b_2382,11567.059368693548
00e12e8b_2383,11566.964119627746
00e12e8b_2384,11566.862385725979
00e12e8b_2385,11566.754504795332
00e12e8b_2386,11566.640308125869
00e12e8b_2387,11566.581938129528
00e12e8b_2388,11566.509309753295
00e12e8b_2389,11566.496269697922
00e12e8b_2390,11566.48324076843
00e12e8b_2391,11566.473707149617
00e12e8b_2392,11566.46602349269
00e12e8b_2393,11566.533890210376
00e12e8b_2394,11566.613818150863
00e12e8b_2395,11566.706858644256
00e12e8b_2396,11566.813558160035
00e12e8b_2397,11566.93496936001
00e12e8b_2398,11567.071640028433
00e12e8b_2399,11567.144826729414
00e12e8b_2400,11567.22233323667
00e12e8b_2401,11567.127946188888
00e12e8b_2402,11567.040555769714
00e12e8b_2403,11566.960261641245
00e12e8b_2404,11566.990726310025
00e12e8b_2405,11567.012328579072
00e12e8b_2406,11567.024836977902
00e12e8b_2407,11567.02847254888
00e12e8b_2408,11567.023231530462
00e12e8b_2409,11567.008883237202
00e12e8b_2410,11566.867488805914
00e12e8b_2411,11566.855418615054
00e12e8b_2412,11566.831272353447
00e12e8b_2413,11566.795898751434
00e12e8b_2414,11566.74924656503
00e12e8b_2415,11566.6916917773
00e12e8b_2416,11566.623776750363
00e12e8b_2417,11566.545904595441
00e12e8b_2418,11566.496696054419
00e12e8b_2419,11566.444245978415
00e12e8b_2420,11566.391736359132
00e12e8b_2421,11566.33782509316
00e12e8b_2422,11566.280936819561
00e12e8b_2423,11566.224402558315
00e12e8b_2424,11566.171136019446
00e12e8b_2425,11566.122002042172
00e12e8b_2426,11566.075207625578
00e12e8b_2427,11566.02913042946
00e12e8b_2428,11565.94086014383
00e12e8b_2429,11565.89237607312
00e12e8b_2430,11565.845628486144
00e12e8b_2431,11565.803668106311
00e12e8b_2432,11565.813939181497
00e12e8b_2433,11565.821502159539
00e12e8b_2434,11565.826343131135
00e12e8b_2435,11565.828945031286
00e12e8b_2436,11565.793394040475
00e12e8b_2437,11565.760588059253
00e12e8b_2438,11565.733420027691
00e12e8b_2439,11565.709459578013
00e12e8b_2440,11565.69465571912
00e12e8b_2441,11565.687567283972
00e12e8b_2442,11565.686168174441
00e12e8b_2443,11565.693745034736
00e12e8b_2444,11565.711108110245
00e12e8b_2445,11565.79685573551
00e12e8b_2446,11565.886199574932
00e12e8b_2447,11565.980147383354
00e12e8b_2448,11566.006601151847
00e12e8b_2449,11566.024821505785
00e12e8b_2450,11566.0350709994
00e12e8b_2451,11565.99482298467
00e12e8b_2452,11565.953812178826
00e12e8b_2453,11565.911806747794
00e12e8b_2454,11565.868126548708
00e12e8b_2455,11565.820715818958
00e12e8b_2456,11565.771993964974
00e12e8b_2457,11565.721716192591
00e12e8b_2458,11565.66737338969
00e12e8b_2459,11565.61119636811
00e12e8b_2460,11565.552872136368
00e12e8b_2461,11565.540444372291
00e12e8b_2462,11565.63151807462
00e12e8b_2463,11565.73256148449
00e12e8b_2464,11565.844578467844
00e12e8b_2465,11565.84594971184
00e12e8b_2466,11565.838433884583
00e12e8b_2467,11565.82203284237
00e12e8b_2468,11565.796495019798
00e12e8b_2469,11565.762055145637
00e12e8b_2470,11565.718724424858
00e12e8b_2471,11565.805476814343
00e12e8b_2472,11565.721287726452
00e12e8b_2473,11565.63708179415
00e12e8b_2474,11565.555683843153
00e12e8b_2475,11565.475001934905
00e12e8b_2476,11565.395645904211
00e12e8b_2477,11565.318010784298
00e12e8b_2478,11565.24288735099
00e12e8b_2479,11565.170883958168
00e12e8b_2480,11565.102404469008
00e12e8b_2481,11565.040499924922
00e12e8b_2482,11564.985585689987
00e12e8b_2483,11564.93888695575
00e12e8b_2484,11564.898578810007
00e12e8b_2485,11564.936607600997
00e12e8b_2486,11564.969975914679
00e12e8b_2487,11565.00684661852
00e12e8b_2488,11565.040496040157
00e12e8b_2489,11564.993010797703
00e12e8b_2490,11564.953993132536
00e12e8b_2491,11564.926536784285
00e12e8b_2492,11564.908582262078
00e12e8b_2493,11564.935025997074
00e12e8b_2494,11564.949934897892
00e12e8b_2495,11564.953574444602
00e12e8b_2496,11564.85083451703
00e12e8b_2497,11564.893751252577
00e12e8b_2498,11564.934712412087
00e12e8b_2499,11564.971528739195
00e12e8b_2500,11565.00756558383
00e12e8b_2501,11565.043050602726
00e12e8b_2502,11565.078673787835
00e12e8b_2503,11565.115357725053
00e12e8b_2504,11565.153634685024
00e12e8b_2505,11565.194469234348
00e12e8b_2506,11565.170254550574
00e12e8b_2507,11565.136670619382
00e12e8b_2508,11565.093488770839
00e12e8b_2509,11565.039189340307
00e12e8b_2510,11564.977588991416
00e12e8b_2511,11564.906392741203
00e12e8b_2512,11564.875710814282
00e12e8b_2513,11564.712355327018
00e12e8b_2514,11564.567878590558
00e12e8b_2515,11564.442405164005
00e12e8b_2516,11564.340665929578
00e12e8b_2517,11564.260162243509
00e12e8b_2518,11564.20012729076
00e12e8b_2519,11564.16273029697
00e12e8b_2520,11564.145431532696
00e12e8b_2521,11564.147563309327
00e12e8b_2522,11564.111997600046
00e12e8b_2523,11564.085912175498
00e12e8b_2524,11564.06852597559
00e12e8b_2525,11564.059049194297
00e12e8b_2526,11564.0567022886
00e12e8b_2527,11564.060922004035
00e12e8b_2528,11564.070663753755
00e12e8b_2529,11564.085142796956
00e12e8b_2530,11564.103573944252
00e12e8b_2531,11564.125177453585
00e12e8b_2532,11564.14916660229
00e12e8b_2533,11564.227724966826
00e12e8b_2534,11564.318176461762
00e12e8b_2535,11564.417559707272
00e12e8b_2536,11564.664064452445
00e12e8b_2537,11564.762540150832
00e12e8b_2538,11564.872973621617
00e12e8b_2539,11564.995325472813
00e12e8b_2540,11565.129567611608
00e12e8b_2541,11565.275681318772
00e12e8b_2542,11565.430999286944
00e12e8b_2543,11565.597786536995
00e12e8b_2544,11565.77605831374
00e12e8b_2545,11565.965840794857
00e12e8b_2546,11566.08339216461
00e12e8b_2547,11566.196394775414
00e12e8b_2548,11566.30428874005
00e12e8b_2549,11566.406068864613
00e12e8b_2550,11566.593577144979
00e12e8b_2551,11566.790893114292
00e12e8b_2552,11566.99812101272
00e12e8b_2553,11567.215177293123
00e12e8b_2554,11567.338773004918
00e12e8b_2555,11567.453673561455
00e12e8b_2556,11567.627009355823
00e12e8b_2557,11567.822238969373
00e12e8b_2558,11567.912229647472
00e12e8b_2559,11567.9910576543
00e12e8b_2560,11568.058208978906
00e12e8b_2561,11568.112616165878
00e12e8b_2562,11568.15372509301
00e12e8b_2563,11568.180740943
00e12e8b_2564,11568.192868708391
00e12e8b_2565,11568.189096301827
00e12e8b_2566,11568.168627797706
00e12e8b_2567,11568.130895676411
00e12e8b_2568,11568.075105944816
00e12e8b_2569,11568.136299931046
00e12e8b_2570,11568.156229807628
00e12e8b_2571,11568.131085257613
00e12e8b_2572,11568.0628806782
00e12e8b_2573,11567.951619013871
00e12e8b_2574,11567.95170488737
00e12e8b_2575,11567.935419383384
00e12e8b_2576,11567.904230236734
00e12e8b_2577,11567.856600408459
00e12e8b_2578,11567.793010526766
00e12e8b_2579,11567.655552033491
00e12e8b_2580,11567.523045930726
00e12e8b_2581,11567.385341319496
00e12e8b_2582,11567.240691885594
00e12e8b_2583,11567.092082170007
00e12e8b_2584,11566.937960954314
00e12e8b_2585,11566.78148379141
00e12e8b_2586,11566.620687245359
00e12e8b_2587,11566.456658111749
00e12e8b_2588,11566.292257710149
00e12e8b_2589,11566.12589776505
00e12e8b_2590,11565.962768629346
00e12e8b_2591,11565.800868027301
00e12e8b_2592,11565.640649834684
00e12e8b_2593,11565.48238017896
00e12e8b_2594,11565.38681773896
00e12e8b_2595,11565.284060620757
00e12e8b_2596,11565.174659108477
00e12e8b_2597,11564.839248563694
00e12e8b_2598,11564.642099355064
00e12e8b_2599,11564.45047563293
00e12e8b_2600,11564.260097964876
00e12e8b_2601,11564.083713141568
00e12e8b_2602,11563.974600225964
00e12e8b_2603,11563.8619786957
00e12e8b_2604,11563.746391077399
00e12e8b_2605,11563.628882896248
00e12e8b_2606,11563.510234380605
00e12e8b_2607,11563.332160585964
00e12e8b_2608,11563.1645765948
00e12e8b_2609,11563.005670157247
00e12e8b_2610,11562.856542235488
00e12e8b_2611,11562.717612902565
00e12e8b_2612,11562.589904314178
00e12e8b_2613,11562.474222828074
00e12e8b_2614,11562.371344497118
00e12e8b_2615,11562.28204068046
00e12e8b_2616,11562.207074563497
00e12e8b_2617,11562.069422273726
00e12e8b_2618,11562.01470184019
00e12e8b_2619,11561.975725436676
00e12e8b_2620,11561.953474992493
00e12e8b_2621,11561.946161123824
00e12e8b_2622,11561.959393517194
00e12e8b_2623,11561.991173228143
00e12e8b_2624,11562.042159065775
00e12e8b_2625,11562.113003903078
00e12e8b_2626,11562.204603372911
00e12e8b_2627,11562.31735288942
00e12e8b_2628,11562.451856647147
00e12e8b_2629,11562.608889880239
00e12e8b_2630,11562.628769485238
00e12e8b_2631,11562.647103801022
00e12e8b_2632,11562.663913603412
00e12e8b_2633,11562.678723430838
00e12e8b_2634,11562.688995428107
00e12e8b_2635,11562.697105047231
00e12e8b_2636,11562.703188887024
00e12e8b_2637,11562.706488244721
00e12e8b_2638,11562.836880323677
00e12e8b_2639,11562.943721829906
00e12e8b_2640,11563.095234072583
00e12e8b_2641,11563.221319388482
00e12e8b_2642,11563.331735866343
00e12e8b_2643,11563.302528672983
00e12e8b_2644,11563.284191774314
00e12e8b_2645,11563.278469913877
00e12e8b_2646,11563.282639948766
00e12e8b_2647,11563.299120440068
00e12e8b_2648,11563.3279182264
00e12e8b_2649,11563.366070526308
00e12e8b_2650,11563.416043759758
00e12e8b_2651,11563.472442252882
00e12e8b_2652,11563.536927601133
00e12e8b_2653,11563.609292802748
00e12e8b_2654,11563.689067200903
00e12e8b_2655,11563.704838179041
00e12e8b_2656,11563.716036060407
00e12e8b_2657,11563.721869882962
00e12e8b_2658,11563.79268185456
00e12e8b_2659,11563.870194742482
00e12e8b_2660,11563.951971197564
00e12e8b_2661,11564.042897485691
00e12e8b_2662,11564.130109905831
00e12e8b_2663,11564.148041333656
00e12e8b_2664,11564.156872935402
00e12e8b_2665,11564.155825891528
00e12e8b_2666,11564.144125161409
00e12e8b_2667,11564.20211669065
00e12e8b_2668,11564.222003594514
00e12e8b_2669,11564.240058172127
00e12e8b_2670,11564.258768904836
00e12e8b_2671,11564.278097255035
00e12e8b_2672,11564.29801218352
00e12e8b_2673,11564.318596004052
00e12e8b_2674,11564.3396329437
00e12e8b_2675,11564.361419049215
00e12e8b_2676,11564.383987672096
00e12e8b_2677,11564.407169991848
00e12e8b_2678,11564.428638806477
00e12e8b_2679,11564.450720581484
00e12e8b_2680,11564.473506840646
00e12e8b_2681,11564.496875512328
00e12e8b_2682,11564.523867484213
00e12e8b_2683,11564.617616093978
00e12e8b_2684,11564.768594352663
00e12e8b_2685,11564.898002945907
00e12e8b_2686,11565.006801765558
00e12e8b_2687,11564.96014829622
00e12e8b_2688,11564.91828957979
00e12e8b_2689,11564.881221005558
00e12e8b_2690,11564.985060727286
00e12e8b_2691,11565.07099012632
00e12e8b_2692,11565.004226028004
00e12e8b_2693,11564.94509722483
00e12e8b_2694,11564.893670309775
00e12e8b_2695,11564.85318624295
00e12e8b_2696,11564.821714497515
00e12e8b_2697,11564.799394225513
00e12e8b_2698,11564.786770976223
00e12e8b_2699,11564.6307946993
00e12e8b_2700,11564.458528849555
00e12e8b_2701,11564.406203415809
00e12e8b_2702,11564.31564532828
00e12e8b_2703,11564.187305628202
00e12e8b_2704,11564.171650858574
00e12e8b_2705,11564.13954558278
00e12e8b_2706,11564.092017983688
00e12e8b_2707,11564.02987107742
00e12e8b_2708,11563.953914975169
00e12e8b_2709,11563.864691019728
00e12e8b_2710,11563.763231366373
00e12e8b_2711,11563.51402483599
00e12e8b_2712,11563.277619131974
00e12e8b_2713,11563.054025498497
00e12e8b_2714,11562.843001568488
00e12e8b_2715,11562.644786483586
00e12e8b_2716,11562.459406105601
00e12e8b_2717,11562.286600518064
00e12e8b_2718,11562.126621286514
00e12e8b_2719,11561.979222562579
00e12e8b_2720,11561.844647183281
00e12e8b_2721,11561.722652311164
00e12e8b_2722,11561.61348998211
00e12e8b_2723,11561.516914198524
00e12e8b_2724,11561.433173002475
00e12e8b_2725,11561.362022336276
00e12e8b_2726,11561.303722962377
00e12e8b_2727,11561.258021548885
00e12e8b_2728,11561.12926544269
00e12e8b_2729,11561.229878582002
00e12e8b_2730,11561.319471318355
00e12e8b_2731,11561.337608605303
00e12e8b_2732,11561.352084944978
00e12e8b_2733,11561.368710944043
00e12e8b_2734,11561.453669341729
00e12e8b_2735,11561.530431073406
00e12e8b_2736,11561.599559495475
00e12e8b_2737,11561.661840452196
00e12e8b_2738,11561.718326818718
00e12e8b_2739,11561.769575109853
00e12e8b_2740,11561.81637694054
00e12e8b_2741,11561.859519778644
00e12e8b_2742,11561.90005326817
00e12e8b_2743,11561.938774141503
00e12e8b_2744,11561.896175349531
00e12e8b_2745,11561.760813942768
00e12e8b_2746,11561.600372238678
00e12e8b_2747,11561.414855783856
00e12e8b_2748,11561.364298409513
00e12e8b_2749,11561.313890486812
00e12e8b_2750,11561.26442068076
00e12e8b_2751,11561.056415934423
00e12e8b_2752,11560.825703293503
00e12e8b_2753,11560.732337650754
00e12e8b_2754,11560.64149804469
00e12e8b_2755,11560.553981658737
00e12e8b_2756,11560.470360418043
00e12e8b_2757,11560.391428725809
00e12e8b_2758,11560.317985203113
00e12e8b_2759,11560.251046469493
00e12e8b_2760,11560.191152119014
00e12e8b_2761,11560.139097617812
00e12e8b_2762,11559.935899016602
00e12e8b_2763,11559.717397433347
00e12e8b_2764,11559.483332249963
00e12e8b_2765,11559.233709834734
00e12e8b_2766,11558.968532958825
00e12e8b_2767,11558.688040865929
00e12e8b_2768,11558.391970420395
00e12e8b_2769,11558.080329831006
00e12e8b_2770,11557.753353592958
00e12e8b_2771,11557.410788335617
00e12e8b_2772,11557.21295019094
00e12e8b_2773,11557.024816370205
00e12e8b_2774,11556.84691999112
00e12e8b_2775,11556.680071380584
00e12e8b_2776,11556.525302517737
00e12e8b_2777,11556.383149425868
00e12e8b_2778,11556.25442273802
00e12e8b_2779,11556.140158230177
00e12e8b_2780,11556.04089328338
00e12e8b_2781,11555.957434674441
00e12e8b_2782,11555.890824060712
00e12e8b_2783,11555.841595747886
00e12e8b_2784,11555.810565416714
00e12e8b_2785,11555.798769504741
00e12e8b_2786,11555.806756525204
00e12e8b_2787,11555.835326675115
00e12e8b_2788,11555.88552339129
00e12e8b_2789,11555.9578926635
00e12e8b_2790,11555.893206652927
00e12e8b_2791,11555.827306662353
00e12e8b_2792,11555.74614435001
00e12e8b_2793,11555.69273762607
00e12e8b_2794,11555.66533575501
00e12e8b_2795,11555.583873583153
00e12e8b_2796,11555.60782919368
00e12e8b_2797,11555.62961452806
00e12e8b_2798,11555.649259883072
00e12e8b_2799,11555.66677837051
00e12e8b_2800,11555.682193702803
00e12e8b_2801,11555.695525850166
00e12e8b_2802,11555.707016745346
00e12e8b_2803,11555.716424732189
00e12e8b_2804,11555.723497906914
00e12e8b_2805,11555.728488842698
00e12e8b_2806,11555.731413107009
00e12e8b_2807,11555.7322963579
00e12e8b_2808,11555.731152001048
00e12e8b_2809,11555.728001814567
00e12e8b_2810,11555.722603302189
00e12e8b_2811,11555.612721105676
00e12e8b_2812,11555.620993393437
00e12e8b_2813,11555.626695678298
00e12e8b_2814,11555.561930889555
00e12e8b_2815,11555.43816023764
00e12e8b_2816,11555.470689479971
00e12e8b_2817,11555.499488704563
00e12e8b_2818,11555.524578914616
00e12e8b_2819,11555.54597285649
00e12e8b_2820,11555.563425085365
00e12e8b_2821,11555.441342541271
00e12e8b_2822,11555.47482247001
00e12e8b_2823,11555.503840446749
00e12e8b_2824,11555.528139627799
00e12e8b_2825,11555.547736462719
00e12e8b_2826,11555.562914572407
00e12e8b_2827,11555.573684910942
00e12e8b_2828,11555.5797900165
00e12e8b_2829,11555.581474351802
00e12e8b_2830,11555.57874759392
00e12e8b_2831,11555.571130925036
00e12e8b_2832,11555.559120032365
00e12e8b_2833,11555.54273044636
00e12e8b_2834,11555.521701977781
00e12e8b_2835,11555.496046643326
00e12e8b_2836,11555.466029814424
00e12e8b_2837,11555.431395635655
00e12e8b_2838,11555.39237563185
00e12e8b_2839,11555.348748341585
00e12e8b_2840,11555.300515507373
00e12e8b_2841,11555.247910427745
00e12e8b_2842,11555.190715579904
00e12e8b_2843,11555.128921613856
00e12e8b_2844,11555.0627571783
00e12e8b_2845,11554.991996161969
00e12e8b_2846,11554.78081014853
00e12e8b_2847,11554.5886645413
00e12e8b_2848,11554.414542507006
00e12e8b_2849,11554.257644372856
00e12e8b_2850,11554.253006747238
00e12e8b_2851,11554.24083831893
00e12e8b_2852,11554.220908201345
00e12e8b_2853,11554.294715523425
00e12e8b_2854,11554.379435181196
00e12e8b_2855,11554.47360923448
00e12e8b_2856,11554.444372385711
00e12e8b_2857,11554.341760279085
00e12e8b_2858,11554.256064899371
00e12e8b_2859,11554.1867382486
00e12e8b_2860,11554.132747538983
00e12e8b_2861,11554.093553793611
00e12e8b_2862,11554.068116189683
00e12e8b_2863,11554.055623726379
00e12e8b_2864,11554.055265969595
00e12e8b_2865,11554.066269891257
00e12e8b_2866,11554.088087168471
00e12e8b_2867,11554.220766106862
00e12e8b_2868,11554.34509839804
00e12e8b_2869,11554.359842383488
00e12e8b_2870,11554.38316701871
00e12e8b_2871,11554.51288838653
00e12e8b_2872,11554.655009207407
00e12e8b_2873,11554.702031327695
00e12e8b_2874,11554.755653442713
00e12e8b_2875,11554.895337360595
00e12e8b_2876,11555.13254158049
00e12e8b_2877,11555.239311756608
00e12e8b_2878,11555.350920211033
00e12e8b_2879,11555.466314777894
00e12e8b_2880,11555.584708729146
00e12e8b_2881,11555.80739049336
00e12e8b_2882,11556.07209252541
00e12e8b_2883,11556.32045875519
00e12e8b_2884,11556.547587253172
00e12e8b_2885,11556.753561722584
00e12e8b_2886,11556.939118734916
00e12e8b_2887,11557.122203206956
00e12e8b_2888,11557.158306744905
00e12e8b_2889,11557.316331565527
00e12e8b_2890,11557.451017740954
00e12e8b_2891,11557.562483757287
00e12e8b_2892,11557.651476466453
00e12e8b_2893,11557.718035967686
00e12e8b_2894,11557.762226489487
00e12e8b_2895,11557.784492379102
00e12e8b_2896,11557.785321542495
00e12e8b_2897,11557.764515049186
00e12e8b_2898,11557.722475724342
00e12e8b_2899,11557.659378358141
00e12e8b_2900,11557.577739579012
00e12e8b_2901,11557.472775759981
00e12e8b_2902,11557.347287296014
00e12e8b_2903,11557.201661587118
00e12e8b_2904,11557.035782864737
00e12e8b_2905,11556.849745851923
00e12e8b_2906,11556.643896496478
00e12e8b_2907,11556.577938619233
00e12e8b_2908,11556.517102892289
00e12e8b_2909,11556.462485124955
00e12e8b_2910,11556.416948276228
00e12e8b_2911,11556.218856366148
00e12e8b_2912,11556.003834554112
00e12e8b_2913,11555.772146482832
00e12e8b_2914,11555.523730896988
00e12e8b_2915,11555.258617366417
00e12e8b_2916,11554.976533306113
00e12e8b_2917,11554.837740041703
00e12e8b_2918,11554.706905019397
00e12e8b_2919,11554.582744436664
00e12e8b_2920,11554.46838850379
00e12e8b_2921,11554.362692425597
00e12e8b_2922,11554.268527558248
00e12e8b_2923,11554.284950070709
00e12e8b_2924,11554.299681125265
00e12e8b_2925,11554.313976938813
00e12e8b_2926,11554.227526967928
00e12e8b_2927,11554.158985620106
00e12e8b_2928,11553.987633761173
00e12e8b_2929,11553.816555014051
00e12e8b_2930,11553.762343083356
00e12e8b_2931,11553.832871651071
00e12e8b_2932,11553.78809860414
00e12e8b_2933,11553.842508876667
00e12e8b_2934,11553.898777347587
00e12e8b_2935,11553.957462794797
00e12e8b_2936,11554.019345303062
00e12e8b_2937,11554.085211167334
00e12e8b_2938,11554.15611701807
00e12e8b_2939,11554.232357228271
00e12e8b_2940,11554.315221600236
00e12e8b_2941,11554.405495314792
00e12e8b_2942,11554.383480188253
00e12e8b_2943,11554.471719550253
00e12e8b_2944,11554.43070347147
00e12e8b_2945,11554.380614685097
00e12e8b_2946,11554.321960522135
00e12e8b_2947,11554.255359556917
00e12e8b_2948,11554.024399031214
00e12e8b_2949,11553.952489345504
00e12e8b_2950,11553.906585680337
00e12e8b_2951,11553.71484703738
00e12e8b_2952,11553.537002825728
00e12e8b_2953,11553.372872446413
00e12e8b_2954,11553.22219254715
00e12e8b_2955,11553.08493823025
00e12e8b_2956,11552.960695469834
00e12e8b_2957,11552.849259440141
00e12e8b_2958,11552.750642093617
00e12e8b_2959,11552.664479887831
00e12e8b_2960,11552.590610791965
00e12e8b_2961,11552.526433446403
00e12e8b_2962,11552.476774868925
00e12e8b_2963,11552.438985659144
00e12e8b_2964,11552.412965322523
00e12e8b_2965,11552.534461178459
00e12e8b_2966,11552.644154459313
00e12e8b_2967,11552.742782815314
00e12e8b_2968,11552.831532139917
00e12e8b_2969,11552.910733020792
00e12e8b_2970,11552.98117417242
00e12e8b_2971,11553.041215586158
00e12e8b_2972,11553.093658696875
00e12e8b_2973,11553.139326442766
00e12e8b_2974,11553.179055895482
00e12e8b_2975,11553.213711925777
00e12e8b_2976,11553.139169372207
00e12e8b_2977,11553.076865036213
00e12e8b_2978,11553.027685351597
00e12e8b_2979,11553.104383954053
00e12e8b_2980,11553.070988451305
00e12e8b_2981,11553.055180740146
00e12e8b_2982,11553.059963855694
00e12e8b_2983,11553.081163237573
00e12e8b_2984,11553.003922428496
00e12e8b_2985,11552.923967860934
00e12e8b_2986,11552.840600684358
00e12e8b_2987,11552.872650478506
00e12e8b_2988,11552.92202776026
00e12e8b_2989,11552.989062469574
00e12e8b_2990,11553.071826644382
00e12e8b_2991,11553.303474820741
00e12e8b_2992,11553.406841397562
00e12e8b_2993,11553.48793393165
00e12e8b_2994,11553.546757809589
00e12e8b_2995,11553.583087516288
00e12e8b_2996,11553.597193524938
00e12e8b_2997,11553.589083528703
00e12e8b_2998,11553.558768918714
00e12e8b_2999,11553.506021508281
00e12e8b_3000,11553.295290181368
00e12e8b_3001,11553.085831886609
00e12e8b_3002,11552.87659840687
00e12e8b_3003,11552.667075203211
00e12e8b_3004,11552.456246393382
00e12e8b_3005,11552.243559207564
00e12e8b_3006,11552.027973261478
00e12e8b_3007,11551.808972132525
00e12e8b_3008,11551.585550209089
00e12e8b_3009,11551.517193858881
00e12e8b_3010,11551.467818332294
00e12e8b_3011,11551.277402773136
00e12e8b_3012,11551.241042321442
00e12e8b_3013,11551.223190271243
00e12e8b_3014,11551.22385950043
00e12e8b_3015,11551.242810986176
00e12e8b_3016,11551.280051049027
00e12e8b_3017,11551.335605382103
00e12e8b_3018,11551.409711779259
00e12e8b_3019,11551.5021320978
00e12e8b_3020,11551.612883982192
00e12e8b_3021,11551.74198511799
00e12e8b_3022,11551.88945053198
00e12e8b_3023,11552.05526408092
00e12e8b_3024,11552.239412524332
00e12e8b_3025,11552.441908356632
00e12e8b_3026,11552.502729571253
00e12e8b_3027,11552.556927990112
00e12e8b_3028,11552.603958445596
00e12e8b_3029,11552.642519868254
00e12e8b_3030,11552.672064881897
00e12e8b_3031,11552.691814426498
00e12e8b_3032,11552.700725073486
00e12e8b_3033,11552.69848420285
00e12e8b_3034,11552.684041212171
00e12e8b_3035,11552.656624545289
00e12e8b_3036,11552.615193527346
00e12e8b_3037,11552.682804701626
00e12e8b_3038,11552.757490166367
00e12e8b_3039,11552.83905568036
00e12e8b_3040,11552.795714517732
00e12e8b_3041,11552.866326387788
00e12e8b_3042,11552.940794714556
00e12e8b_3043,11553.019027616634
00e12e8b_3044,11553.198915735262
00e12e8b_3045,11553.366491885037
00e12e8b_3046,11553.52285467384
00e12e8b_3047,11553.669495106093
00e12e8b_3048,11553.722058966476
00e12e8b_3049,11553.782283145229
00e12e8b_3050,11553.852330191381
00e12e8b_3051,11553.932773454233
00e12e8b_3052,11553.870440614166
00e12e8b_3053,11553.792452555697
00e12e8b_3054,11553.697775617002
00e12e8b_3055,11553.586079967452
00e12e8b_3056,11553.45632388316
00e12e8b_3057,11553.307731315828
00e12e8b_3058,11553.139258136925
00e12e8b_3059,11552.950350522486
00e12e8b_3060,11552.740230546804
00e12e8b_3061,11552.668170362833
00e12e8b_3062,11552.598306381735
00e12e8b_3063,11552.530621292904
00e12e8b_3064,11552.465121287587
00e12e8b_3065,11552.401832000389
00e12e8b_3066,11552.340502988209
00e12e8b_3067,11552.28136995692
00e12e8b_3068,11552.224449117559
00e12e8b_3069,11552.16997466879
00e12e8b_3070,11552.117438445612
00e12e8b_3071,11552.067081553132
00e12e8b_3072,11552.018918962161
00e12e8b_3073,11551.972952934124
00e12e8b_3074,11551.929436859735
00e12e8b_3075,11551.887852966329
00e12e8b_3076,11551.848434354113
00e12e8b_3077,11551.81119825861
00e12e8b_3078,11551.776390726125
00e12e8b_3079,11551.743491416928
00e12e8b_3080,11551.712738963452
00e12e8b_3081,11551.684373971822
00e12e8b_3082,11551.65814812364
00e12e8b_3083,11551.634080115184
00e12e8b_3084,11551.612145283232
00e12e8b_3085,11551.592306736115
00e12e8b_3086,11551.574592847246
00e12e8b_3087,11551.559242767633
00e12e8b_3088,11551.585991843587
00e12e8b_3089,11551.605275746026
00e12e8b_3090,11551.618177498645
00e12e8b_3091,11551.625134219317
00e12e8b_3092,11551.626970783016
00e12e8b_3093,11551.596368985865
00e12e8b_3094,11551.568849556656
00e12e8b_3095,11551.544390323372
00e12e8b_3096,11551.523012626885
00e12e8b_3097,11551.50495661717
00e12e8b_3098,11551.489975008351
00e12e8b_3099,11551.478052586035
00e12e8b_3100,11551.46916406385
00e12e8b_3101,11551.463558200361
00e12e8b_3102,11551.460989310595
00e12e8b_3103,11551.597538583674
00e12e8b_3104,11551.577834665202
00e12e8b_3105,11551.449495053432
00e12e8b_3106,11551.310487564828
00e12e8b_3107,11551.160457281378
00e12e8b_3108,11550.99955380814
00e12e8b_3109,11550.928396108458
00e12e8b_3110,11550.858868007905
00e12e8b_3111,11550.791182933564
00e12e8b_3112,11550.725090222215
00e12e8b_3113,11550.66085343143
00e12e8b_3114,11550.598462008129
00e12e8b_3115,11550.537673536144
00e12e8b_3116,11550.478472070503
00e12e8b_3117,11550.421080411104
00e12e8b_3118,11550.365259036591
00e12e8b_3119,11550.31126440924
00e12e8b_3120,11550.259083209035
00e12e8b_3121,11550.208494694267
00e12e8b_3122,11550.15975066554
00e12e8b_3123,11550.112578087646
00e12e8b_3124,11550.06719267764
00e12e8b_3125,11550.023599785867
00e12e8b_3126,11549.98156755364
00e12e8b_3127,11549.941348953329
00e12e8b_3128,11549.902949835941
00e12e8b_3129,11549.866371819238
00e12e8b_3130,11549.831348218946
00e12e8b_3131,11549.797873026248
00e12e8b_3132,11549.76622137395
00e12e8b_3133,11549.736392005007
00e12e8b_3134,11549.708393163954
00e12e8b_3135,11549.68195352747
00e12e8b_3136,11549.657308869042
00e12e8b_3137,11549.634467450443
00e12e8b_3138,11549.61343861192
00e12e8b_3139,11549.593725363637
00e12e8b_3140,11549.575839027457
00e12e8b_3141,11549.559784959587
00e12e8b_3142,11549.681137698024
00e12e8b_3143,11549.645052216989
00e12e8b_3144,11549.747415496497
00e12e8b_3145,11549.828722091084
00e12e8b_3146,11549.890007828155
00e12e8b_3147,11549.932075524035
00e12e8b_3148,11549.887554298039
00e12e8b_3149,11549.857910046176
00e12e8b_3150,11549.806547613984
00e12e8b_3151,11549.734278600394
00e12e8b_3152,11549.642321070427
00e12e8b_3153,11549.531522387297
00e12e8b_3154,11549.436032552898
00e12e8b_3155,11549.190139230295
00e12e8b_3156,11548.954134769205
00e12e8b_3157,11548.728037547644
00e12e8b_3158,11548.511615470015
00e12e8b_3159,11548.305117231846
00e12e8b_3160,11548.108298638499
00e12e8b_3161,11547.92140917783
00e12e8b_3162,11547.744215774823
00e12e8b_3163,11547.577195063646
00e12e8b_3164,11547.259793509009
00e12e8b_3165,11547.222697708408
00e12e8b_3166,11547.171342400234
00e12e8b_3167,11547.106284409263
00e12e8b_3168,11547.02856838512
00e12e8b_3169,11546.938765866622
00e12e8b_3170,11546.837920375676
00e12e8b_3171,11546.72635970353
00e12e8b_3172,11546.60513735495
00e12e8b_3173,11546.475315669759
00e12e8b_3174,11546.337215237714
00e12e8b_3175,11546.19189229221
00e12e8b_3176,11545.904338094319
00e12e8b_3177,11545.634635857092
00e12e8b_3178,11545.382544678278
00e12e8b_3179,11545.14857931563
00e12e8b_3180,11544.932288919726
00e12e8b_3181,11544.733700613951
00e12e8b_3182,11544.553336261
00e12e8b_3183,11544.390731806232
00e12e8b_3184,11544.245913355899
00e12e8b_3185,11544.118915709
00e12e8b_3186,11544.009754622955
00e12e8b_3187,11543.91872619992
00e12e8b_3188,11543.84562886389
00e12e8b_3189,11543.790486639984
00e12e8b_3190,11543.753320643931
00e12e8b_3191,11543.734149024502
00e12e8b_3192,11543.733265390987
00e12e8b_3193,11543.750452449947
00e12e8b_3194,11543.785732948341
00e12e8b_3195,11543.838894664153
00e12e8b_3196,11543.91022591378
00e12e8b_3197,11543.999729140458
00e12e8b_3198,11544.10719408551
00e12e8b_3199,11544.232890561532
00e12e8b_3200,11544.376879667747
00e12e8b_3201,11544.539194890993
00e12e8b_3202,11544.719619352645
00e12e8b_3203,11544.758377248343
00e12e8b_3204,11544.95032340773
00e12e8b_3205,11544.999622563026
00e12e8b_3206,11545.041565981643
00e12e8b_3207,11545.075141046631
00e12e8b_3208,11545.099578545409
00e12e8b_3209,11545.19413811697
00e12e8b_3210,11545.210505756613
00e12e8b_3211,11545.21583742759
00e12e8b_3212,11545.209350144005
00e12e8b_3213,11545.190271741812
00e12e8b_3214,11545.157829155549
00e12e8b_3215,11545.110971577955
00e12e8b_3216,11545.209185406784
00e12e8b_3217,11545.316643395652
00e12e8b_3218,11545.433352351582
00e12e8b_3219,11545.559087364709
00e12e8b_3220,11545.69410685544
00e12e8b_3221,11545.838405513268
00e12e8b_3222,11545.991762517187
00e12e8b_3223,11546.154419613165
00e12e8b_3224,11546.32586909116
00e12e8b_3225,11546.506594552568
00e12e8b_3226,11546.536558974618
00e12e8b_3227,11546.550818221265
00e12e8b_3228,11546.548326316566
00e12e8b_3229,11546.52829776414
00e12e8b_3230,11546.490164931143
00e12e8b_3231,11546.432873944923
00e12e8b_3232,11546.355898260193
00e12e8b_3233,11546.25820807521
00e12e8b_3234,11546.139002963415
00e12e8b_3235,11545.997742976439
00e12e8b_3236,11545.833387825503
00e12e8b_3237,11545.805441102812
00e12e8b_3238,11545.777823227874
00e12e8b_3239,11545.750769286815
00e12e8b_3240,11545.724035935313
00e12e8b_3241,11545.697846574343
00e12e8b_3242,11545.67221681269
00e12e8b_3243,11545.646871957368
00e12e8b_3244,11545.621810539584
00e12e8b_3245,11545.636270269919
00e12e8b_3246,11545.642219952972
00e12e8b_3247,11545.64010093004
00e12e8b_3248,11545.63072100346
00e12e8b_3249,11545.720593818047
00e12e8b_3250,11545.788431992563
00e12e8b_3251,11545.83478389295
00e12e8b_3252,11545.860458465308
00e12e8b_3253,11545.866476261122
00e12e8b_3254,11545.853375772896
00e12e8b_3255,11545.821947880097
00e12e8b_3256,11545.77348298047
00e12e8b_3257,11545.708281271769
00e12e8b_3258,11545.627125603416
00e12e8b_3259,11545.531060343115
00e12e8b_3260,11545.420644466747
00e12e8b_3261,11545.297142078995
00e12e8b_3262,11545.160842970172
00e12e8b_3263,11545.012781088828
00e12e8b_3264,11544.853497706918
00e12e8b_3265,11544.684250647084
00e12e8b_3266,11544.50557412437
00e12e8b_3267,11544.182175767062
00e12e8b_3268,11544.010152612598
00e12e8b_3269,11543.830485830931
00e12e8b_3270,11543.643703959058
00e12e8b_3271,11543.450593083597
00e12e8b_3272,11543.251935384318
00e12e8b_3273,11543.04875011237
00e12e8b_3274,11542.841550990426
00e12e8b_3275,11542.631110272556
00e12e8b_3276,11542.418440476518
00e12e8b_3277,11542.06821790038
00e12e8b_3278,11541.740474035128
00e12e8b_3279,11541.435181108813
00e12e8b_3280,11541.152804872632
00e12e8b_3281,11540.892829010378
00e12e8b_3282,11540.655226276449
00e12e8b_3283,11540.44045711528
00e12e8b_3284,11540.2479999081
00e12e8b_3285,11540.07808884636
00e12e8b_3286,11539.930457970471
00e12e8b_3287,11539.8055716069
00e12e8b_3288,11539.702896672554
00e12e8b_3289,11539.622659994784
00e12e8b_3290,11539.565089717744
00e12e8b_3291,11539.52964880102
00e12e8b_3292,11539.516555140555
00e12e8b_3293,11539.526035440722
00e12e8b_3294,11539.557818220348
00e12e8b_3295,11539.61189523003
00e12e8b_3296,11539.688261103187
00e12e8b_3297,11539.787134120814
00e12e8b_3298,11539.908242364438
00e12e8b_3299,11540.187398623975
00e12e8b_3300,11540.465572802383
00e12e8b_3301,11540.74328085814
00e12e8b_3302,11541.021303959971
00e12e8b_3303,11541.300646146612
00e12e8b_3304,11541.581822547074
00e12e8b_3305,11541.865884034112
00e12e8b_3306,11541.971857711047
00e12e8b_3307,11542.23682103246
00e12e8b_3308,11542.501926479335
00e12e8b_3309,11542.632379501047
00e12e8b_3310,11542.66337004045
00e12e8b_3311,11542.697904650724
00e12e8b_3312,11542.735164193671
00e12e8b_3313,11542.910214953716
00e12e8b_3314,11543.062995795786
00e12e8b_3315,11543.193493613773
00e12e8b_3316,11543.301729244922
00e12e8b_3317,11543.387686648335
00e12e8b_3318,11543.451343584771
00e12e8b_3319,11543.492728624375
00e12e8b_3320,11543.512095398333
00e12e8b_3321,11543.509199306625
00e12e8b_3322,11543.484028583232
00e12e8b_3323,11543.436561645018
00e12e8b_3324,11543.366824157472
00e12e8b_3325,11543.275069546327
00e12e8b_3326,11543.160794237048
00e12e8b_3327,11543.024243361806
00e12e8b_3328,11543.02571625455
00e12e8b_3329,11542.869894119402
00e12e8b_3330,11542.692262719494
00e12e8b_3331,11542.357685152963
00e12e8b_3332,11542.025055926555
00e12e8b_3333,11541.693837461373
00e12e8b_3334,11541.362723761922
00e12e8b_3335,11541.031406524986
00e12e8b_3336,11540.6988448349
00e12e8b_3337,11540.36401526523
00e12e8b_3338,11540.186644167636
00e12e8b_3339,11540.030655221144
00e12e8b_3340,11540.032142358545
00e12e8b_3341,11540.031344145973
00e12e8b_3342,11540.029314958716
00e12e8b_3343,11540.027099776697
00e12e8b_3344,11540.024988132776
00e12e8b_3345,11540.024254291771
00e12e8b_3346,11540.025457952013
00e12e8b_3347,11540.02964542791
00e12e8b_3348,11540.03710759211
00e12e8b_3349,11540.032044937727
00e12e8b_3350,11540.032930382064
00e12e8b_3351,11540.040404404115
00e12e8b_3352,11540.05597533979
00e12e8b_3353,11540.080529521008
00e12e8b_3354,11540.115054235113
00e12e8b_3355,11540.191309882215
00e12e8b_3356,11540.276884841604
00e12e8b_3357,11540.37234437239
00e12e8b_3358,11540.47847366895
00e12e8b_3359,11540.59605147849
00e12e8b_3360,11540.430260374835
00e12e8b_3361,11540.275678843345
00e12e8b_3362,11540.13199758111
00e12e8b_3363,11539.998418309984
00e12e8b_3364,11539.873636445103
00e12e8b_3365,11539.75735638817
00e12e8b_3366,11539.648769321351
00e12e8b_3367,11539.706633073834
00e12e8b_3368,11539.635561815505
00e12e8b_3369,11539.570355460062
00e12e8b_3370,11539.670266369734
00e12e8b_3371,11539.799681800689
00e12e8b_3372,11539.958331720973
00e12e8b_3373,11540.184902437626
00e12e8b_3374,11540.271923384205
00e12e8b_3375,11540.357056129842
00e12e8b_3376,11540.437689560484
00e12e8b_3377,11540.554216485432
00e12e8b_3378,11540.658613745987
00e12e8b_3379,11540.7511317476
00e12e8b_3380,11540.831793956597
00e12e8b_3381,11540.893360408947
00e12e8b_3382,11540.951021512294
00e12e8b_3383,11540.996483251014
00e12e8b_3384,11541.029937366005
00e12e8b_3385,11541.051331678767
00e12e8b_3386,11541.060347515688
00e12e8b_3387,11541.057131989131
00e12e8b_3388,11541.041605319308
00e12e8b_3389,11541.013221769887
00e12e8b_3390,11540.972302638653
00e12e8b_3391,11540.91884953114
00e12e8b_3392,11541.012274813294
00e12e8b_3393,11541.117724853042
00e12e8b_3394,11541.235556182382
00e12e8b_3395,11541.368881717039
00e12e8b_3396,11541.484779584005
00e12e8b_3397,11541.622297589263
00e12e8b_3398,11541.78143660075
00e12e8b_3399,11541.961946777568
00e12e8b_3400,11542.164071309218
00e12e8b_3401,11542.227507562426
00e12e8b_3402,11542.28776756928
00e12e8b_3403,11542.343799823853
00e12e8b_3404,11542.394568821534
00e12e8b_3405,11542.439526272929
00e12e8b_3406,11542.477634981846
00e12e8b_3407,11542.508341288902
00e12e8b_3408,11542.530612953933
00e12e8b_3409,11542.54390071947
00e12e8b_3410,11542.567512251919
00e12e8b_3411,11542.58613846775
00e12e8b_3412,11542.59970550413
00e12e8b_3413,11542.607775464337
00e12e8b_3414,11542.610305081032
00e12e8b_3415,11542.607103296556
00e12e8b_3416,11542.561742166346
00e12e8b_3417,11542.501593020754
00e12e8b_3418,11542.562173634264
00e12e8b_3419,11542.498762391373
00e12e8b_3420,11542.407983522957
00e12e8b_3421,11542.449559985103
00e12e8b_3422,11542.488792595816
00e12e8b_3423,11542.525913548247
00e12e8b_3424,11542.56158131464
00e12e8b_3425,11542.596898206586
00e12e8b_3426,11542.632047544226
00e12e8b_3427,11542.667837036663
00e12e8b_3428,11542.70492042764
00e12e8b_3429,11542.743669052761
00e12e8b_3430,11542.785118953623
00e12e8b_3431,11542.849772528434
00e12e8b_3432,11542.937119849046
00e12e8b_3433,11543.021069119342
00e12e8b_3434,11542.997730895711
00e12e8b_3435,11543.035711153447
00e12e8b_3436,11543.068256665061
00e12e8b_3437,11543.09569958696
00e12e8b_3438,11543.071366063532
00e12e8b_3439,11543.036322374739
00e12e8b_3440,11542.991461364441
00e12e8b_3441,11542.937282575476
00e12e8b_3442,11542.88289384103
00e12e8b_3443,11542.814042194104
00e12e8b_3444,11542.738024335093
00e12e8b_3445,11542.655739823573
00e12e8b_3446,11542.56769432588
00e12e8b_3447,11542.47477899953
00e12e8b_3448,11542.39805981674
00e12e8b_3449,11542.29377743556
00e12e8b_3450,11542.1870476178
00e12e8b_3451,11542.078383166974
00e12e8b_3452,11541.968293141765
00e12e8b_3453,11541.857683476075
00e12e8b_3454,11541.74723993468
00e12e8b_3455,11541.62750699818
00e12e8b_3456,11541.510557145342
00e12e8b_3457,11541.43518797049
00e12e8b_3458,11541.368462912573
00e12e8b_3459,11541.310377736312
00e12e8b_3460,11541.260693324875
00e12e8b_3461,11541.35549972123
00e12e8b_3462,11541.299716386246
00e12e8b_3463,11541.388949144455
00e12e8b_3464,11541.464175978797
00e12e8b_3465,11541.525957109687
00e12e8b_3466,11541.575351229372
00e12e8b_3467,11541.613150970486
00e12e8b_3468,11541.640150759204
00e12e8b_3469,11541.657146516141
00e12e8b_3470,11541.664931679192
00e12e8b_3471,11541.664044775893
00e12e8b_3472,11541.655503865137
00e12e8b_3473,11541.64011801874
00e12e8b_3474,11541.618456718217
00e12e8b_3475,11541.58173041263
00e12e8b_3476,11541.539663428674
00e12e8b_3477,11541.508228549576
00e12e8b_3478,11541.473824916626
00e12e8b_3479,11541.27572582095
00e12e8b_3480,11541.151829059201
00e12e8b_3481,11541.019768859394
00e12e8b_3482,11540.812567638304
00e12e8b_3483,11540.61057898093
00e12e8b_3484,11540.414550335328
00e12e8b_3485,11540.25962223268
00e12e8b_3486,11540.103289316161
00e12e8b_3487,11539.84943346049
00e12e8b_3488,11539.713173784117
00e12e8b_3489,11539.57836306691
00e12e8b_3490,11539.446231829912
00e12e8b_3491,11539.31780256352
00e12e8b_3492,11539.170482521953
00e12e8b_3493,11538.99888221612
00e12e8b_3494,11538.826986656562
00e12e8b_3495,11538.712616501014
00e12e8b_3496,11538.547750694812
00e12e8b_3497,11538.387294605887
00e12e8b_3498,11538.234213052787
00e12e8b_3499,11538.020907236049
00e12e8b_3500,11537.827957815585
00e12e8b_3501,11537.655063259454
00e12e8b_3502,11537.502573175176
00e12e8b_3503,11537.37047821544
00e12e8b_3504,11537.259177244065
00e12e8b_3505,11537.168807057998
00e12e8b_3506,11537.099397283524
00e12e8b_3507,11537.180843967015
00e12e8b_3508,11537.26131624832
00e12e8b_3509,11537.315568084903
00e12e8b_3510,11537.391763966216
00e12e8b_3511,11537.468313227455
00e12e8b_3512,11537.424556047137
00e12e8b_3513,11537.54295874999
00e12e8b_3514,11537.662379759897
00e12e8b_3515,11537.784360099462
00e12e8b_3516,11537.922588614758
00e12e8b_3517,11538.0657630868
00e12e8b_3518,11538.217088465086
00e12e8b_3519,11538.37523847315
00e12e8b_3520,11538.541156941224
00e12e8b_3521,11538.718687785413
00e12e8b_3522,11538.627406379615
00e12e8b_3523,11538.70494573074
00e12e8b_3524,11538.655169106833
00e12e8b_3525,11538.613348659745
00e12e8b_3526,11538.57870760177
00e12e8b_3527,11538.550468935135
00e12e8b_3528,11538.663413157763
00e12e8b_3529,11538.75774516143
00e12e8b_3530,11538.833213926877
00e12e8b_3531,11538.89006062697
00e12e8b_3532,11538.792202657782
00e12e8b_3533,11538.699144732349
00e12e8b_3534,11538.610063174036
00e12e8b_3535,11538.52418916552
00e12e8b_3536,11538.45237160914
00e12e8b_3537,11538.386553889812
00e12e8b_3538,11538.309495035057
00e12e8b_3539,11538.232613748627
00e12e8b_3540,11538.156307295012
00e12e8b_3541,11538.077388070384
00e12e8b_3542,11538.1188983873
00e12e8b_3543,11538.21595040324
00e12e8b_3544,11538.301186272354
00e12e8b_3545,11538.374932443401
00e12e8b_3546,11538.274495957276
00e12e8b_3547,11538.180906481297
00e12e8b_3548,11538.208892556222
00e12e8b_3549,11538.143558371168
00e12e8b_3550,11538.08479763245
00e12e8b_3551,11538.032467749144
00e12e8b_3552,11537.986215662819
00e12e8b_3553,11537.946200809982
00e12e8b_3554,11537.912334112336
00e12e8b_3555,11537.88408365153
00e12e8b_3556,11537.877016039696
00e12e8b_3557,11537.875483583635
00e12e8b_3558,11537.879089595703
00e12e8b_3559,11537.887204595832
00e12e8b_3560,11538.099979599347
00e12e8b_3561,11538.305841597057
00e12e8b_3562,11538.50820837042
00e12e8b_3563,11538.726250755111
00e12e8b_3564,11538.939449198519
00e12e8b_3565,11539.148118422712
00e12e8b_3566,11539.353546462044
00e12e8b_3567,11539.556524990456
00e12e8b_3568,11539.60531454124
00e12e8b_3569,11539.629328303508
00e12e8b_3570,11539.631551316195
00e12e8b_3571,11539.609801549574
00e12e8b_3572,11539.566386071983
00e12e8b_3573,11539.645866262685
00e12e8b_3574,11539.565078727188
00e12e8b_3575,11539.462375056559
00e12e8b_3576,11539.337974271955
00e12e8b_3577,11539.192384763548
00e12e8b_3578,11539.026280311293
00e12e8b_3579,11538.837475618924
00e12e8b_3580,11538.628292314193
00e12e8b_3581,11538.399673338537
00e12e8b_3582,11538.149266880242
00e12e8b_3583,11538.019566922902
00e12e8b_3584,11537.890104038535
00e12e8b_3585,11537.762177066055
00e12e8b_3586,11537.636327174683
00e12e8b_3587,11537.513592617946
00e12e8b_3588,11537.394279996377
00e12e8b_3589,11537.119655179416
00e12e8b_3590,11536.825291132796
00e12e8b_3591,11536.51142718443
00e12e8b_3592,11536.177601566196
00e12e8b_3593,11535.984357623778
00e12e8b_3594,11535.796405461533
00e12e8b_3595,11535.614517385886
00e12e8b_3596,11535.439507916959
00e12e8b_3597,11535.27217425681
00e12e8b_3598,11535.1135658759
00e12e8b_3599,11534.923040485302
00e12e8b_3600,11534.74724012532
00e12e8b_3601,11534.587205188249
00e12e8b_3602,11534.356390022876
00e12e8b_3603,11534.016185657525
00e12e8b_3604,11533.688854333222
00e12e8b_3605,11533.373505431466
00e12e8b_3606,11533.069203412915
00e12e8b_3607,11532.919617367443
00e12e8b_3608,11532.802266811068
00e12e8b_3609,11532.717132814752
00e12e8b_3610,11532.664461227043
00e12e8b_3611,11532.643773238095
00e12e8b_3612,11532.655323872908
00e12e8b_3613,11532.699358891601
00e12e8b_3614,11532.775628941152
00e12e8b_3615,11532.88410812982
00e12e8b_3616,11533.02482577636
00e12e8b_3617,11533.19779925322
00e12e8b_3618,11533.403006502283
00e12e8b_3619,11533.653118346783
00e12e8b_3620,11533.931096891158
00e12e8b_3621,11534.09776323605
00e12e8b_3622,11534.273125004273
00e12e8b_3623,11534.449771943495
00e12e8b_3624,11534.61452109036
00e12e8b_3625,11534.784649429039
00e12e8b_3626,11534.959601832517
00e12e8b_3627,11535.138346478303
00e12e8b_3628,11535.319849364438
00e12e8b_3629,11535.503559597233
00e12e8b_3630,11535.688924557613
00e12e8b_3631,11535.899547546474
00e12e8b_3632,11536.105598709948
00e12e8b_3633,11536.304435078237
00e12e8b_3634,11536.495573326556
00e12e8b_3635,11536.678575592096
00e12e8b_3636,11536.85337097412
00e12e8b_3637,11537.017671142878
00e12e8b_3638,11537.173593967933
00e12e8b_3639,11537.32079782931
00e12e8b_3640,11537.461206609267
00e12e8b_3641,11537.592066273804
00e12e8b_3642,11537.71278879914
00e12e8b_3643,11537.82496311314
00e12e8b_3644,11537.928302864706
00e12e8b_3645,11538.022260129534
00e12e8b_3646,11538.105807048752
00e12e8b_3647,11538.177913589128
00e12e8b_3648,11538.238030990602
00e12e8b_3649,11538.285624987384
00e12e8b_3650,11538.319655011735
00e12e8b_3651,11538.339321384847
00e12e8b_3652,11538.343817181627
00e12e8b_3653,11538.332588601917
00e12e8b_3654,11538.304616305924
00e12e8b_3655,11538.259087411465
00e12e8b_3656,11538.195429947726
00e12e8b_3657,11538.11283572363
00e12e8b_3658,11538.010275321794
00e12e8b_3659,11537.886945845361
00e12e8b_3660,11537.79056985179
00e12e8b_3661,11537.682248417304
00e12e8b_3662,11537.562063203213
00e12e8b_3663,11537.532789451347
00e12e8b_3664,11537.504534614782
00e12e8b_3665,11537.477303614616
00e12e8b_3666,11537.451081385598
00e12e8b_3667,11537.426130795599
00e12e8b_3668,11537.402450910096
00e12e8b_3669,11537.379759457846
00e12e8b_3670,11537.358058613256
00e12e8b_3671,11537.33733595882
00e12e8b_3672,11537.317860414189
00e12e8b_3673,11537.435231344472
00e12e8b_3674,11537.530414336354
00e12e8b_3675,11537.603941364418
00e12e8b_3676,11537.656596530314
00e12e8b_3677,11537.689443447838
00e12e8b_3678,11537.70304934434
00e12e8b_3679,11537.698426036095
00e12e8b_3680,11537.661149967265
00e12e8b_3681,11537.60748024972
00e12e8b_3682,11537.535899738816
00e12e8b_3683,11537.450049884039
00e12e8b_3684,11537.35748425206
00e12e8b_3685,11537.250954180989
00e12e8b_3686,11537.131252399191
00e12e8b_3687,11536.999405942275
00e12e8b_3688,11536.85594824109
00e12e8b_3689,11536.70194103623
00e12e8b_3690,11536.537959712285
00e12e8b_3691,11536.36503402065
00e12e8b_3692,11536.15466999507
00e12e8b_3693,11535.932328416578
00e12e8b_3694,11535.701583437103
00e12e8b_3695,11535.463269811527
00e12e8b_3696,11535.218946540634
00e12e8b_3697,11534.969292206124
00e12e8b_3698,11534.718126636777
00e12e8b_3699,11534.328751939129
00e12e8b_3700,11534.000587637729
00e12e8b_3701,11533.682961115299
00e12e8b_3702,11533.379363950944
00e12e8b_3703,11533.090646345707
00e12e8b_3704,11532.81346192411
00e12e8b_3705,11532.552689856675
00e12e8b_3706,11532.306444941349
00e12e8b_3707,11532.075104112415
00e12e8b_3708,11531.859504177133
00e12e8b_3709,11531.660170683474
00e12e8b_3710,11531.477431195433
00e12e8b_3711,11531.309746723866
00e12e8b_3712,11531.16007193717
00e12e8b_3713,11531.02908743775
00e12e8b_3714,11530.917060730297
00e12e8b_3715,11530.824641981977
00e12e8b_3716,11530.753913677454
00e12e8b_3717,11530.705525035673
00e12e8b_3718,11530.679457535429
00e12e8b_3719,11530.675957892212
00e12e8b_3720,11530.69501201648
00e12e8b_3721,11530.73637615695
00e12e8b_3722,11530.800294431463
00e12e8b_3723,11530.88653937011
00e12e8b_3724,11530.995354308623
00e12e8b_3725,11531.126510081287
00e12e8b_3726,11531.280251356106
00e12e8b_3727,11531.456576691193
00e12e8b_3728,11531.655249762769
00e12e8b_3729,11531.876241305137
00e12e8b_3730,11532.119560712437
00e12e8b_3731,11532.385460791198
00e12e8b_3732,11532.673930819054
00e12e8b_3733,11532.984739607295
00e12e8b_3734,11533.158093611692
00e12e8b_3735,11533.328769560625
00e12e8b_3736,11533.49596363661
00e12e8b_3737,11533.65914066033
00e12e8b_3738,11533.817275790105
00e12e8b_3739,11533.969833252222
00e12e8b_3740,11534.115532604996
00e12e8b_3741,11534.254062999853
00e12e8b_3742,11534.38461781494
00e12e8b_3743,11534.506190128257
00e12e8b_3744,11534.618248784322
00e12e8b_3745,11534.724072664665
00e12e8b_3746,11534.815545532105
00e12e8b_3747,11534.892431432489
00e12e8b_3748,11534.956443247911
00e12e8b_3749,11535.006996863869
00e12e8b_3750,11535.043075157222
00e12e8b_3751,11535.064159507161
00e12e8b_3752,11535.068960880757
00e12e8b_3753,11535.057182656645
00e12e8b_3754,11535.027797057168
00e12e8b_3755,11534.980014653449
00e12e8b_3756,11534.913051404403
00e12e8b_3757,11534.826109345897
00e12e8b_3758,11534.718404477413
00e12e8b_3759,11534.58940319131
00e12e8b_3760,11534.59786865556
00e12e8b_3761,11534.562223945575
00e12e8b_3762,11534.524092713596
00e12e8b_3763,11534.483749264375
00e12e8b_3764,11534.441378874113
00e12e8b_3765,11534.399952375565
00e12e8b_3766,11534.35476132511
00e12e8b_3767,11534.308397932884
00e12e8b_3768,11534.261104258396
00e12e8b_3769,11534.213448394403
00e12e8b_3770,11534.165309722794
00e12e8b_3771,11534.117244935065
00e12e8b_3772,11534.072314534209
00e12e8b_3773,11534.028586246119
00e12e8b_3774,11533.986494795969
00e12e8b_3775,11533.94639465722
00e12e8b_3776,11533.908755411687
00e12e8b_3777,11533.952594303475
00e12e8b_3778,11533.980163043321
00e12e8b_3779,11533.99240002593
00e12e8b_3780,11533.989965881417
00e12e8b_3781,11533.973896214553
00e12e8b_3782,11533.947358726293
00e12e8b_3783,11533.908486021553
00e12e8b_3784,11533.855894664668
00e12e8b_3785,11533.792830939727
00e12e8b_3786,11533.72053299588
00e12e8b_3787,11533.639334638687
00e12e8b_3788,11533.550176094073
00e12e8b_3789,11533.453854169116
00e12e8b_3790,11533.350885903861
00e12e8b_3791,11533.242424244496
00e12e8b_3792,11533.128733939187
00e12e8b_3793,11533.010507071709
00e12e8b_3794,11532.888859749015
00e12e8b_3795,11532.76401588798
00e12e8b_3796,11532.636610943726
00e12e8b_3797,11532.507728794973
00e12e8b_3798,11532.37754626976
00e12e8b_3799,11532.246921764518
00e12e8b_3800,11532.11641003926
00e12e8b_3801,11531.986625308597
00e12e8b_3802,11531.857902344569
00e12e8b_3803,11531.848994755079
00e12e8b_3804,11531.824513384257
00e12e8b_3805,11531.785016594928
00e12e8b_3806,11531.726397674604
00e12e8b_3807,11531.656386933
00e12e8b_3808,11531.575020086368
00e12e8b_3809,11531.47974954691
00e12e8b_3810,11531.37156235522
00e12e8b_3811,11531.124394635997
00e12e8b_3812,11530.891084998671
00e12e8b_3813,11530.672115474272
00e12e8b_3814,11530.466987589494
00e12e8b_3815,11530.411794821219
00e12e8b_3816,11530.21144710496
00e12e8b_3817,11530.025980238472
00e12e8b_3818,11529.990986382973
00e12e8b_3819,11529.81163787536
00e12e8b_3820,11529.647971154065
00e12e8b_3821,11529.499980234415
00e12e8b_3822,11529.367423201027
00e12e8b_3823,11529.250557746807
00e12e8b_3824,11529.149150154353
00e12e8b_3825,11529.199512245095
00e12e8b_3826,11529.241884762467
00e12e8b_3827,11529.277315581136
00e12e8b_3828,11529.306367047691
00e12e8b_3829,11529.330298982928
00e12e8b_3830,11529.349412357264
00e12e8b_3831,11529.228920347543
00e12e8b_3832,11529.128889560667
00e12e8b_3833,11529.049305926888
00e12e8b_3834,11528.990158887043
00e12e8b_3835,11528.951198315888
00e12e8b_3836,11528.93268850614
00e12e8b_3837,11528.934612054283
00e12e8b_3838,11528.861746948409
00e12e8b_3839,11528.797066549821
00e12e8b_3840,11528.74075523042
00e12e8b_3841,11528.693039451306
00e12e8b_3842,11528.78928895069
00e12e8b_3843,11528.867815746993
00e12e8b_3844,11528.931496207806
00e12e8b_3845,11528.984249904754
00e12e8b_3846,11529.024428236953
00e12e8b_3847,11529.052693321228
00e12e8b_3848,11529.070360973112
00e12e8b_3849,11529.07786039712
00e12e8b_3850,11529.076305656761
00e12e8b_3851,11529.066637899517
00e12e8b_3852,11529.049828834979
00e12e8b_3853,11529.026765881576
00e12e8b_3854,11528.998431978516
00e12e8b_3855,11528.965837758757
00e12e8b_3856,11528.929911078545
00e12e8b_3857,11528.801625538372
00e12e8b_3858,11528.685165633364
00e12e8b_3859,11528.581450572665
00e12e8b_3860,11528.491424586538
00e12e8b_3861,11528.413546715925
00e12e8b_3862,11528.354044822054
00e12e8b_3863,11528.310988495805
00e12e8b_3864,11528.14829666944
00e12e8b_3865,11528.086291327947
00e12e8b_3866,11528.001350508683
00e12e8b_3867,11527.893225889253
00e12e8b_3868,11527.76239563829
00e12e8b_3869,11527.609861979912
00e12e8b_3870,11527.43720705908
00e12e8b_3871,11527.245313290705
00e12e8b_3872,11527.184636282942
00e12e8b_3873,11527.126085507796
00e12e8b_3874,11527.070432892451
00e12e8b_3875,11527.018454543299
00e12e8b_3876,11526.810926014465
00e12e8b_3877,11526.743701219026
00e12e8b_3878,11526.681720765993
00e12e8b_3879,11526.465986555988
00e12e8b_3880,11526.392129636182
00e12e8b_3881,11526.324871972834
00e12e8b_3882,11526.265482787638
00e12e8b_3883,11526.214515472797
00e12e8b_3884,11526.172789364833
00e12e8b_3885,11526.141344468326
00e12e8b_3886,11525.82458644943
00e12e8b_3887,11525.517854646772
00e12e8b_3888,11525.220601320389
00e12e8b_3889,11524.931786970927
00e12e8b_3890,11524.650607112835
00e12e8b_3891,11524.376257296728
00e12e8b_3892,11524.268005026588
00e12e8b_3893,11524.32610544542
00e12e8b_3894,11524.390801047164
00e12e8b_3895,11524.463363122946
00e12e8b_3896,11524.544351192195
00e12e8b_3897,11524.63458020222
00e12e8b_3898,11524.73482611014
00e12e8b_3899,11524.84587609183
00e12e8b_3900,11524.968767287013
00e12e8b_3901,11525.104057052116
00e12e8b_3902,11525.252303907271
00e12e8b_3903,11525.254746645975
00e12e8b_3904,11525.246963950902
00e12e8b_3905,11525.229213631706
00e12e8b_3906,11525.200991426445
00e12e8b_3907,11525.069164111095
00e12e8b_3908,11524.941023674392
00e12e8b_3909,11524.815987698466
00e12e8b_3910,11524.659207781673
00e12e8b_3911,11524.51394520477
00e12e8b_3912,11524.379652017646
00e12e8b_3913,11524.255037904097
00e12e8b_3914,11524.139786819278
00e12e8b_3915,11524.032875780227
00e12e8b_3916,11523.933270509762
00e12e8b_3917,11523.840661462249
00e12e8b_3918,11523.860130458354
00e12e8b_3919,11523.904230537646
00e12e8b_3920,11523.973074552789
00e12e8b_3921,11524.067111788134
00e12e8b_3922,11524.188978355172
00e12e8b_3923,11524.334022288858
00e12e8b_3924,11524.504678097934
00e12e8b_3925,11524.698790666565
00e12e8b_3926,11524.792140338039
00e12e8b_3927,11524.88913989921
00e12e8b_3928,11524.988769041187
00e12e8b_3929,11525.090222522413
00e12e8b_3930,11525.192695141546
00e12e8b_3931,11525.295656138542
00e12e8b_3932,11525.397816246808
00e12e8b_3933,11525.498869849149
00e12e8b_3934,11525.598007579965
00e12e8b_3935,11525.693941493251
00e12e8b_3936,11525.78636502588
00e12e8b_3937,11525.874479213973
00e12e8b_3938,11525.956993213847
00e12e8b_3939,11526.03360178568
00e12e8b_3940,11526.103014760029
00e12e8b_3941,11526.164929211629
00e12e8b_3942,11526.218549731078
00e12e8b_3943,11526.262809664093
00e12e8b_3944,11526.296913323207
00e12e8b_3945,11526.320327573967
00e12e8b_3946,11526.331994844131
00e12e8b_3947,11526.49116879526
00e12e8b_3948,11526.662275874536
00e12e8b_3949,11526.980885087863
00e12e8b_3950,11527.287973044953
00e12e8b_3951,11527.583849121336
00e12e8b_3952,11527.869795041279
00e12e8b_3953,11528.146600667807
00e12e8b_3954,11528.118927228608
00e12e8b_3955,11528.082086532599
00e12e8b_3956,11528.034792165745
00e12e8b_3957,11527.976750378624
00e12e8b_3958,11527.907175653863
00e12e8b_3959,11527.82500924611
00e12e8b_3960,11527.729685573917
00e12e8b_3961,11527.620161488632
00e12e8b_3962,11527.495871428266
00e12e8b_3963,11527.35580749414
00e12e8b_3964,11527.199176156277
00e12e8b_3965,11527.025422254272
00e12e8b_3966,11526.969326641305
00e12e8b_3967,11526.871086823416
00e12e8b_3968,11526.840737472035
00e12e8b_3969,11526.78807705522
00e12e8b_3970,11526.714283931247
00e12e8b_3971,11526.525734867739
00e12e8b_3972,11526.380958133355
00e12e8b_3973,11526.237509847135
00e12e8b_3974,11526.09360393749
00e12e8b_3975,11525.949621131265
00e12e8b_3976,11525.806419639151
00e12e8b_3977,11525.638767159178
00e12e8b_3978,11525.479763762929
00e12e8b_3979,11525.329655225385
00e12e8b_3980,11525.188191306435
00e12e8b_3981,11525.055622657346
00e12e8b_3982,11524.931708159447
00e12e8b_3983,11524.816691984282
00e12e8b_3984,11524.710552921162
00e12e8b_3985,11524.61327885235
00e12e8b_3986,11524.52462902131
00e12e8b_3987,11524.44486228713
00e12e8b_3988,11524.373733740927
00e12e8b_3989,11524.311492890214
00e12e8b_3990,11524.257908826215
00e12e8b_3991,11524.213458728682
00e12e8b_3992,11524.177640425163
00e12e8b_3993,11524.150707390123
00e12e8b_3994,11524.132434556754
00e12e8b_3995,11524.122807754176
00e12e8b_3996,11524.122312397092
00e12e8b_3997,11524.130453908088
00e12e8b_3998,11524.147218761167
00e12e8b_3999,11524.172872215697
00e12e8b_4000,11524.207410529463
00e12e8b_4001,11524.25083128341
00e12e8b_4002,11524.302906995996
00e12e8b_4003,11524.363632344704
00e12e8b_4004,11524.433236184914
00e12e8b_4005,11524.511718722872
00e12e8b_4006,11524.598858720816
00e12e8b_4007,11524.694885326633
00e12e8b_4008,11524.799790765002
00e12e8b_4009,11524.913356447383
00e12e8b_4010,11524.875768510436
00e12e8b_4011,11524.821803254792
00e12e8b_4012,11524.751165466525
00e12e8b_4013,11524.662572092377
00e12e8b_4014,11524.555247488343
00e12e8b_4015,11524.58867493697
00e12e8b_4016,11524.62676158058
00e12e8b_4017,11524.669789161668
00e12e8b_4018,11524.717762123184
00e12e8b_4019,11524.770421698811
00e12e8b_4020,11524.82778367334
00e12e8b_4021,11524.889860236573
00e12e8b_4022,11524.956889963978
00e12e8b_4023,11525.028619627758
00e12e8b_4024,11525.105325242239
00e12e8b_4025,11525.186798834296
00e12e8b_4026,11525.27305521895
00e12e8b_4027,11525.204070217726
00e12e8b_4028,11525.114883277292
00e12e8b_4029,11525.004724463904
00e12e8b_4030,11524.872806224681
00e12e8b_4031,11524.718353103917
00e12e8b_4032,11524.700630502171
00e12e8b_4033,11524.641595617117
00e12e8b_4034,11524.577110582806
00e12e8b_4035,11524.509682376261
00e12e8b_4036,11524.439342050022
00e12e8b_4037,11524.366628836955
00e12e8b_4038,11524.322285030588
00e12e8b_4039,11524.278021831804
00e12e8b_4040,11524.233626357862
00e12e8b_4041,11524.189377529297
00e12e8b_4042,11524.145287525893
00e12e8b_4043,11524.10113789138
00e12e8b_4044,11524.057209808914
00e12e8b_4045,11524.013020987604
00e12e8b_4046,11523.969072743108
00e12e8b_4047,11523.925152329652
00e12e8b_4048,11523.881526963132
00e12e8b_4049,11523.902273763406
00e12e8b_4050,11523.90738787734
00e12e8b_4051,11523.902799178504
00e12e8b_4052,11523.964978548987
00e12e8b_4053,11524.004981675738
00e12e8b_4054,11524.02386943216
00e12e8b_4055,11524.022203106664
00e12e8b_4056,11523.907832335564
00e12e8b_4057,11523.787943357416
00e12e8b_4058,11523.625644412852
00e12e8b_4059,11523.468356668905
00e12e8b_4060,11523.316114083978
00e12e8b_4061,11523.16868255258
00e12e8b_4062,11523.026318449367
00e12e8b_4063,11522.889050440233
00e12e8b_4064,11522.75690586794
00e12e8b_4065,11522.629644011355
00e12e8b_4066,11522.507520066774
00e12e8b_4067,11522.42726613743
00e12e8b_4068,11522.444692231726
00e12e8b_4069,11522.443837760253
00e12e8b_4070,11522.425775103848
00e12e8b_4071,11522.391049755957
00e12e8b_4072,11522.340693396294
00e12e8b_4073,11522.275016869406
00e12e8b_4074,11522.195313303251
00e12e8b_4075,11522.10238137626
00e12e8b_4076,11521.996526478917
00e12e8b_4077,11521.879032357587
00e12e8b_4078,11521.750684641536
00e12e8b_4079,11521.611782744638
00e12e8b_4080,11521.46361081879
00e12e8b_4081,11521.306727882964
00e12e8b_4082,11521.142183436279
00e12e8b_4083,11520.970265787553
00e12e8b_4084,11520.792245529015
00e12e8b_4085,11520.608677840522
00e12e8b_4086,11520.420366564707
00e12e8b_4087,11520.228353603716
00e12e8b_4088,11520.033175672299
00e12e8b_4089,11519.835645448975
00e12e8b_4090,11519.636563226815
00e12e8b_4091,11519.436960920313
00e12e8b_4092,11519.23737236637
00e12e8b_4093,11519.038591843619
00e12e8b_4094,11518.841424334929
00e12e8b_4095,11518.646656107801
00e12e8b_4096,11518.455077165321
00e12e8b_4097,11518.267741605066
00e12e8b_4098,11518.085198990728
00e12e8b_4099,11517.908242419866
00e12e8b_4100,11517.737652580518
00e12e8b_4101,11517.574474255218
00e12e8b_4102,11517.41926318582
00e12e8b_4103,11517.27278344629
00e12e8b_4104,11517.136077521358
00e12e8b_4105,11517.009689138757
00e12e8b_4106,11516.89442612069
00e12e8b_4107,11516.655262261356
00e12e8b_4108,11516.452466981616
00e12e8b_4109,11516.285564197819
00e12e8b_4110,11516.215129119688
00e12e8b_4111,11516.015497021475
00e12e8b_4112,11515.841418523858
00e12e8b_4113,11515.602847726483
00e12e8b_4114,11515.386580907987
00e12e8b_4115,11515.176054261849
00e12e8b_4116,11514.9709800546
00e12e8b_4117,11514.880617102674
00e12e8b_4118,11514.815012963028
00e12e8b_4119,11514.955376050379
00e12e8b_4120,11515.1049974994
00e12e8b_4121,11515.26442163469
00e12e8b_4122,11515.434453213222
00e12e8b_4123,11515.615907691365
00e12e8b_4124,11515.809355467954
00e12e8b_4125,11516.015858788143
00e12e8b_4126,11516.236218467318
00e12e8b_4127,11516.373279063246
00e12e8b_4128,11516.496908658726
00e12e8b_4129,11516.527657817716
00e12e8b_4130,11516.564705162133
00e12e8b_4131,11516.607440201431
00e12e8b_4132,11516.655664993497
00e12e8b_4133,11516.709346131829
00e12e8b_4134,11516.768304962698
00e12e8b_4135,11516.8320735598
00e12e8b_4136,11516.900572173017
00e12e8b_4137,11516.973567743913
00e12e8b_4138,11517.050542048808
00e12e8b_4139,11517.13118695899
00e12e8b_4140,11517.34307186543
00e12e8b_4141,11517.538256251548
00e12e8b_4142,11517.717003818303
00e12e8b_4143,11517.879074504406
00e12e8b_4144,11517.888672977448
00e12e8b_4145,11517.905062244152
00e12e8b_4146,11517.927687511014
00e12e8b_4147,11517.95579005078
00e12e8b_4148,11517.988082356096
00e12e8b_4149,11518.024275827242
00e12e8b_4150,11518.063357076819
00e12e8b_4151,11518.104568136305
00e12e8b_4152,11518.147116684051
00e12e8b_4153,11518.190203794828
00e12e8b_4154,11518.233063888025
00e12e8b_4155,11518.274919394851
00e12e8b_4156,11518.315239589907
00e12e8b_4157,11518.352972918812
00e12e8b_4158,11518.387346574566
00e12e8b_4159,11518.417580100584
00e12e8b_4160,11518.442879444849
00e12e8b_4161,11518.46223351344
00e12e8b_4162,11518.475107394184
00e12e8b_4163,11518.480700730308
00e12e8b_4164,11518.478217281247
00e12e8b_4165,11518.46661540304
00e12e8b_4166,11518.445354596743
00e12e8b_4167,11518.413652367552
00e12e8b_4168,11518.530778335262
00e12e8b_4169,11518.66064211577
00e12e8b_4170,11518.8037466339
00e12e8b_4171,11518.799539134614
00e12e8b_4172,11518.943108805694
00e12e8b_4173,11519.098880215535
00e12e8b_4174,11519.266610543697
00e12e8b_4175,11519.433084285904
00e12e8b_4176,11519.612418667202
00e12e8b_4177,11519.804684381195
00e12e8b_4178,11520.010516055703
00e12e8b_4179,11520.230315046869
00e12e8b_4180,11520.304215142596
00e12e8b_4181,11520.364858740371
00e12e8b_4182,11520.411669220926
00e12e8b_4183,11520.443612219418
00e12e8b_4184,11520.595969869668
00e12e8b_4185,11520.708715757533
00e12e8b_4186,11520.781874465672
00e12e8b_4187,11520.815180315421
00e12e8b_4188,11520.924272729475
00e12e8b_4189,11520.99143046825
00e12e8b_4190,11521.04232665784
00e12e8b_4191,11520.97180042996
00e12e8b_4192,11520.906025980788
00e12e8b_4193,11520.848020939535
00e12e8b_4194,11520.797571171157
00e12e8b_4195,11520.755145665382
00e12e8b_4196,11520.720802588461
00e12e8b_4197,11520.694883829834
00e12e8b_4198,11520.677878128101
00e12e8b_4199,11520.670106244199
00e12e8b_4200,11520.671882225506
00e12e8b_4201,11520.532939737537
00e12e8b_4202,11520.378090990713
00e12e8b_4203,11520.20629723665
00e12e8b_4204,11520.017005620677
00e12e8b_4205,11519.969471105585
00e12e8b_4206,11519.9278727425
00e12e8b_4207,11519.89195276831
00e12e8b_4208,11519.861924386836
00e12e8b_4209,11519.837781126065
00e12e8b_4210,11519.819518733857
00e12e8b_4211,11519.80712008387
00e12e8b_4212,11519.800833541321
00e12e8b_4213,11519.800143120012
00e12e8b_4214,11519.805517247016
00e12e8b_4215,11519.816700564963
00e12e8b_4216,11519.833933041617
00e12e8b_4217,11519.856675284584
00e12e8b_4218,11519.885158439123
00e12e8b_4219,11519.9195970909
00e12e8b_4220,11519.959724539378
00e12e8b_4221,11520.005759661057
00e12e8b_4222,11520.057678663969
00e12e8b_4223,11520.115469499511
00e12e8b_4224,11520.178846237308
00e12e8b_4225,11520.24800951787
00e12e8b_4226,11520.3229363426
00e12e8b_4227,11520.403598247334
00e12e8b_4228,11520.489969550275
00e12e8b_4229,11520.582006617313
00e12e8b_4230,11520.679677553384
00e12e8b_4231,11520.782938987053
00e12e8b_4232,11520.891754621034
00e12e8b_4233,11521.006344984293
00e12e8b_4234,11521.191543247003
00e12e8b_4235,11521.369108346082
00e12e8b_4236,11521.5418129748
00e12e8b_4237,11521.70764273632
00e12e8b_4238,11521.867581595949
00e12e8b_4239,11522.022292792803
00e12e8b_4240,11522.253386060069
00e12e8b_4241,11522.468728209002
00e12e8b_4242,11522.669041721038
00e12e8b_4243,11522.854829464151
00e12e8b_4244,11523.02736488189
00e12e8b_4245,11523.026869239868
00e12e8b_4246,11522.989649005853
00e12e8b_4247,11522.915171835593
00e12e8b_4248,11522.803908315042
00e12e8b_4249,11522.655333037874
00e12e8b_4250,11522.497029442104
00e12e8b_4251,11522.308362910639
00e12e8b_4252,11522.215459763374
00e12e8b_4253,11522.112839485284
00e12e8b_4254,11521.99911344646
00e12e8b_4255,11521.875043852515
00e12e8b_4256,11521.741643080073
00e12e8b_4257,11521.464105466825
00e12e8b_4258,11521.33781718151
00e12e8b_4259,11521.203756638286
00e12e8b_4260,11521.062452748822
00e12e8b_4261,11520.914928120572
00e12e8b_4262,11520.761975463203
00e12e8b_4263,11520.604389468042
00e12e8b_4264,11520.442960965327
00e12e8b_4265,11520.278492296135
00e12e8b_4266,11520.11199613616
00e12e8b_4267,11519.943784932237
00e12e8b_4268,11519.775136488775
00e12e8b_4269,11519.60635701341
00e12e8b_4270,11519.438738653727
00e12e8b_4271,11519.272576757905
00e12e8b_4272,11519.109162464014
00e12e8b_4273,11518.949026555907
00e12e8b_4274,11518.792967423187
00e12e8b_4275,11518.641772694971
00e12e8b_4276,11518.496247952582
00e12e8b_4277,11518.357174013043
00e12e8b_4278,11518.225356343664
00e12e8b_4279,11518.101860997536
00e12e8b_4280,11517.987216393922
00e12e8b_4281,11517.882217921982
00e12e8b_4282,11517.651826824947
00e12e8b_4283,11517.456098690507
00e12e8b_4284,11517.2950348097
00e12e8b_4285,11517.168631513785
00e12e8b_4286,11517.076898010586
00e12e8b_4287,11517.02007000511
00e12e8b_4288,11517.133480557553
00e12e8b_4289,11517.258379005161
00e12e8b_4290,11517.395070503255
00e12e8b_4291,11517.544851372191
00e12e8b_4292,11517.708243561156
00e12e8b_4293,11517.886053417975
00e12e8b_4294,11518.079071218846
00e12e8b_4295,11518.211615780443
00e12e8b_4296,11518.351231050767
00e12e8b_4297,11518.49650755929
00e12e8b_4298,11518.650065313968
00e12e8b_4299,11518.813171507809
00e12e8b_4300,11518.986443642894
00e12e8b_4301,11519.075067387183
00e12e8b_4302,11519.15810022277
00e12e8b_4303,11519.235281140973
00e12e8b_4304,11519.307113890965
00e12e8b_4305,11519.3733278858
00e12e8b_4306,11519.433936926509
00e12e8b_4307,11519.488933564606
00e12e8b_4308,11519.538339503246
00e12e8b_4309,11519.582155230199
00e12e8b_4310,11519.620612890545
00e12e8b_4311,11519.653222072242
00e12e8b_4312,11519.680489683253
00e12e8b_4313,11519.701927800246
00e12e8b_4314,11519.718038114679
00e12e8b_4315,11519.728552937333
00e12e8b_4316,11519.733479351724
00e12e8b_4317,11519.73283247307
00e12e8b_4318,11519.886389046702
00e12e8b_4319,11519.899570692314
00e12e8b_4320,11519.907949937095
00e12e8b_4321,11519.776627898824
00e12e8b_4322,11519.662851800447
00e12e8b_4323,11519.566925235706
00e12e8b_4324,11519.488063198669
00e12e8b_4325,11519.425708097051
00e12e8b_4326,11519.37857329281
00e12e8b_4327,11519.346106427325
00e12e8b_4328,11519.327512665452
00e12e8b_4329,11519.322013263532
00e12e8b_4330,11519.32903977169
00e12e8b_4331,11519.347318308395
00e12e8b_4332,11519.376556020063
00e12e8b_4333,11519.415474310097
00e12e8b_4334,11519.463512757442
00e12e8b_4335,11519.519884568705
00e12e8b_4336,11519.583802937483
00e12e8b_4337,11519.654707455966
00e12e8b_4338,11519.731325656547
00e12e8b_4339,11519.813358688354
00e12e8b_4340,11519.899523616403
00e12e8b_4341,11519.9892629763
00e12e8b_4342,11520.081787941452
00e12e8b_4343,11520.336364207093
00e12e8b_4344,11520.617385789208
00e12e8b_4345,11520.924375994768
00e12e8b_4346,11521.25783309064
00e12e8b_4347,11521.617275211564
00e12e8b_4348,11522.002927784897
00e12e8b_4349,11522.254761495178
00e12e8b_4350,11522.507812894288
00e12e8b_4351,11522.761524535937
00e12e8b_4352,11523.014615770457
00e12e8b_4353,11523.266534224278
00e12e8b_4354,11523.516485037
00e12e8b_4355,11523.763689449857
00e12e8b_4356,11524.007091973373
00e12e8b_4357,11524.246400493885
00e12e8b_4358,11524.480327054262
00e12e8b_4359,11524.78974268114
00e12e8b_4360,11525.07612063281
00e12e8b_4361,11525.339684191236
00e12e8b_4362,11525.64174905011
00e12e8b_4363,11525.912425808603
00e12e8b_4364,11526.152213339004
00e12e8b_4365,11526.36062559194
00e12e8b_4366,11526.537894699231
00e12e8b_4367,11526.68402641472
00e12e8b_4368,11526.79903257622
00e12e8b_4369,11526.88291379623
00e12e8b_4370,11526.935670779832
00e12e8b_4371,11526.957048517626
00e12e8b_4372,11526.947544559975
00e12e8b_4373,11526.906897919784
00e12e8b_4374,11526.83511434444
00e12e8b_4375,11526.73219958755
00e12e8b_4376,11526.597892656035
00e12e8b_4377,11526.432695467496
00e12e8b_4378,11526.236107544968
00e12e8b_4379,11526.0086404394
00e12e8b_4380,11525.749804772619
00e12e8b_4381,11525.459834269486
00e12e8b_4382,11525.297679375897
00e12e8b_4383,11525.130325491089
00e12e8b_4384,11524.957637441039
00e12e8b_4385,11524.780421590265
00e12e8b_4386,11524.599205157412
00e12e8b_4387,11524.415273221646
00e12e8b_4388,11524.22893689417
00e12e8b_4389,11524.041486267997
00e12e8b_4390,11523.853226509991
00e12e8b_4391,11523.66518097273
00e12e8b_4392,11523.47815267513
00e12e8b_4393,11523.292933478946
00e12e8b_4394,11523.110546769632
00e12e8b_4395,11522.931292711492
00e12e8b_4396,11522.756467329267
00e12e8b_4397,11522.586375787574
00e12e8b_4398,11522.286210060334
00e12e8b_4399,11522.016021404515
00e12e8b_4400,11521.77580487377
00e12e8b_4401,11521.565571631936
00e12e8b_4402,11521.385317745651
00e12e8b_4403,11521.235055173302
00e12e8b_4404,11521.11477896878
00e12e8b_4405,11521.024233555503
00e12e8b_4406,11520.963909493765
00e12e8b_4407,11520.933543162673
00e12e8b_4408,11520.93313267519
00e12e8b_4409,11520.962687023799
00e12e8b_4410,11521.022209299066
00e12e8b_4411,11521.111706294772
00e12e8b_4412,11521.231138714285
00e12e8b_4413,11521.380507641567
00e12e8b_4414,11521.559817717576
00e12e8b_4415,11521.769072055642
00e12e8b_4416,11522.008273767948
00e12e8b_4417,11522.277651064878
00e12e8b_4418,11522.576713065775
00e12e8b_4419,11522.905964046433
00e12e8b_4420,11523.169512299155
00e12e8b_4421,11523.450506327039
00e12e8b_4422,11523.748926342738
00e12e8b_4423,11523.992744607014
00e12e8b_4424,11524.240070676022
00e12e8b_4425,11524.4901101534
00e12e8b_4426,11524.742305839649
00e12e8b_4427,11524.995380185104
00e12e8b_4428,11525.24903252441
00e12e8b_4429,11525.50220304378
00e12e8b_4430,11525.754109465062
00e12e8b_4431,11526.003973333489
00e12e8b_4432,11526.251218550226
00e12e8b_4433,11526.494571053772
00e12e8b_4434,11526.733469115288
00e12e8b_4435,11526.967354712104
00e12e8b_4436,11527.195165015393
00e12e8b_4437,11527.41612277574
00e12e8b_4438,11527.629433154063
00e12e8b_4439,11527.83454481269
00e12e8b_4440,11528.030401972766
00e12e8b_4441,11528.216222887011
00e12e8b_4442,11528.3912128162
00e12e8b_4443,11528.55481852116
00e12e8b_4444,11528.705989122678
00e12e8b_4445,11528.843939248676
00e12e8b_4446,11528.967886216993
00e12e8b_4447,11529.077266673885
00e12e8b_4448,11529.171046495909
00e12e8b_4449,11529.248433477422
00e12e8b_4450,11529.308643593462
00e12e8b_4451,11529.48694955684
00e12e8b_4452,11529.62306060151
00e12e8b_4453,11529.717206214025
00e12e8b_4454,11529.769142848145
00e12e8b_4455,11529.778608183775
00e12e8b_4456,11529.746123133455
00e12e8b_4457,11529.671425290057
00e12e8b_4458,11529.554753554556
00e12e8b_4459,11529.555902119482
00e12e8b_4460,11529.540069331744
00e12e8b_4461,11529.50758176949
00e12e8b_4462,11529.459732195613
00e12e8b_4463,11529.295943098294
00e12e8b_4464,11529.13367394283
00e12e8b_4465,11528.973247438907
00e12e8b_4466,11528.815467391187
00e12e8b_4467,11528.770328955456
00e12e8b_4468,11528.711880754605
00e12e8b_4469,11528.640932316175
00e12e8b_4470,11528.558300992028
00e12e8b_4471,11528.465016821518
00e12e8b_4472,11528.361632373539
00e12e8b_4473,11528.24892031088
00e12e8b_4474,11527.99209712248
00e12e8b_4475,11527.88678303875
00e12e8b_4476,11527.773984968593
00e12e8b_4477,11527.654243792967
00e12e8b_4478,11527.528346967236
00e12e8b_4479,11527.397331574964
00e12e8b_4480,11527.261750442976
00e12e8b_4481,11527.122375865116
00e12e8b_4482,11526.98026769921
00e12e8b_4483,11526.835964514237
00e12e8b_4484,11526.690250533002
00e12e8b_4485,11526.544166114865
00e12e8b_4486,11526.3982843085
00e12e8b_4487,11526.253367068539
00e12e8b_4488,11526.110466688126
00e12e8b_4489,11525.970133069803
00e12e8b_4490,11525.833158418327
00e12e8b_4491,11525.700587663243
00e12e8b_4492,11525.572972029877
00e12e8b_4493,11525.45110921426
00e12e8b_4494,11525.247795740646
00e12e8b_4495,11525.155291121377
00e12e8b_4496,11525.070401387009
00e12e8b_4497,11524.993921860976
00e12e8b_4498,11524.926893287096
00e12e8b_4499,11524.869879604163
00e12e8b_4500,11524.736164350561
00e12e8b_4501,11524.716859536537
00e12e8b_4502,11524.601954459138
00e12e8b_4503,11524.516126717892
00e12e8b_4504,11524.459908055953
00e12e8b_4505,11524.433806193134
00e12e8b_4506,11524.438597124157
00e12e8b_4507,11524.593176812623
00e12e8b_4508,11524.761083386113
00e12e8b_4509,11524.80727662703
00e12e8b_4510,11525.02789084963
00e12e8b_4511,11525.263394453377
00e12e8b_4512,11525.352469017394
00e12e8b_4513,11525.4335657552
00e12e8b_4514,11525.5088460899
00e12e8b_4515,11525.57580687947
00e12e8b_4516,11525.63446009704
00e12e8b_4517,11525.54874010975
00e12e8b_4518,11525.478130270492
00e12e8b_4519,11525.421580220214
00e12e8b_4520,11525.378289551169
00e12e8b_4521,11525.347705369135
00e12e8b_4522,11525.329028598033
00e12e8b_4523,11525.321481494226
00e12e8b_4524,11525.443171754087
00e12e8b_4525,11525.595285791947
00e12e8b_4526,11525.778258883805
00e12e8b_4527,11526.127859460215
00e12e8b_4528,11526.356041938909
00e12e8b_4529,11526.570105664798
00e12e8b_4530,11526.770554541414
00e12e8b_4531,11526.956908603717
00e12e8b_4532,11527.129407661132
00e12e8b_4533,11527.287798373873
00e12e8b_4534,11527.432327913753
00e12e8b_4535,11527.722779441336
00e12e8b_4536,11527.864319056014
00e12e8b_4537,11527.992532206981
00e12e8b_4538,11528.107658347168
00e12e8b_4539,11528.209449203598
00e12e8b_4540,11528.162318513052
00e12e8b_4541,11528.125491544064
00e12e8b_4542,11528.23377445393
00e12e8b_4543,11528.327355617974
00e12e8b_4544,11528.405996589167
00e12e8b_4545,11528.469946183046
00e12e8b_4546,11528.519191747342
00e12e8b_4547,11528.553482945686
00e12e8b_4548,11528.573075202445
00e12e8b_4549,11528.577949825562
00e12e8b_4550,11528.567882034422
00e12e8b_4551,11528.543117029052
00e12e8b_4552,11528.503638791199
00e12e8b_4553,11528.449447898834
00e12e8b_4554,11528.380298354392
00e12e8b_4555,11528.40042635172
00e12e8b_4556,11528.318124458609
00e12e8b_4557,11528.221629816975
00e12e8b_4558,11528.110715019116
00e12e8b_4559,11527.98563806087
00e12e8b_4560,11527.76253990585
00e12e8b_4561,11527.640651766505
00e12e8b_4562,11527.429486864696
00e12e8b_4563,11527.34353671569
00e12e8b_4564,11527.27795527044
00e12e8b_4565,11527.233824414085
00e12e8b_4566,11527.214283989935
00e12e8b_4567,11527.314437174393
00e12e8b_4568,11527.283997350745
00e12e8b_4569,11527.239466842542
00e12e8b_4570,11527.340891671287
00e12e8b_4571,11527.293197365414
00e12e8b_4572,11527.096466821913
00e12e8b_4573,11526.912419003518
00e12e8b_4574,11526.73800085399
00e12e8b_4575,11526.5698448691
00e12e8b_4576,11526.409216734295
00e12e8b_4577,11526.255551307098
00e12e8b_4578,11526.268118791804
00e12e8b_4579,11526.310841200744
00e12e8b_4580,11526.383949282914
00e12e8b_4581,11526.487465296439
00e12e8b_4582,11526.621143971885
00e12e8b_4583,11526.7852254655
00e12e8b_4584,11526.979458816411
00e12e8b_4585,11527.204096891795
00e12e8b_4586,11527.459156110303
00e12e8b_4587,11527.7443868657
00e12e8b_4588,11527.900006938435
00e12e8b_4589,11528.060797058748
00e12e8b_4590,11528.22643827776
00e12e8b_4591,11528.395639378661
00e12e8b_4592,11528.567852184404
00e12e8b_4593,11528.742044588776
00e12e8b_4594,11528.917677457099
00e12e8b_4595,11529.229543543966
00e12e8b_4596,11529.382031190637
00e12e8b_4597,11529.66998663284
00e12e8b_4598,11529.933607115416
00e12e8b_4599,11530.146009097098
00e12e8b_4600,11530.3365109092
00e12e8b_4601,11530.667591717287
00e12e8b_4602,11531.001553228432
00e12e8b_4603,11531.179600847952
00e12e8b_4604,11531.335279867506
00e12e8b_4605,11531.471689029853
00e12e8b_4606,11531.588747461023
00e12e8b_4607,11531.730839190224
00e12e8b_4608,11531.848679196983
00e12e8b_4609,11531.942048702213
00e12e8b_4610,11532.01094056317
00e12e8b_4611,11532.055618155993
00e12e8b_4612,11532.07607976577
00e12e8b_4613,11532.072059583268
00e12e8b_4614,11532.043557563777
00e12e8b_4615,11531.990836355824
00e12e8b_4616,11531.913680076643
00e12e8b_4617,11531.676248630793
00e12e8b_4618,11531.437807805465
00e12e8b_4619,11531.197813136794
00e12e8b_4620,11530.955260901408
00e12e8b_4621,11530.808160225242
00e12e8b_4622,11530.675160205637
00e12e8b_4623,11530.556093231675
00e12e8b_4624,11530.451079252709
00e12e8b_4625,11530.360461604434
00e12e8b_4626,11530.284197764035
00e12e8b_4627,11530.219784289986
00e12e8b_4628,11530.146237910734
00e12e8b_4629,11530.051138126815
00e12e8b_4630,11529.934206595828
00e12e8b_4631,11529.79535691658
00e12e8b_4632,11529.631848056228
00e12e8b_4633,11529.60610264786
00e12e8b_4634,11529.493937372828
00e12e8b_4635,11529.399984376878
00e12e8b_4636,11529.32425140891
00e12e8b_4637,11529.40257019794
00e12e8b_4638,11529.475706891235
00e12e8b_4639,11529.482002896675
00e12e8b_4640,11529.495728724747
00e12e8b_4641,11529.51483625147
00e12e8b_4642,11529.540144899116
00e12e8b_4643,11529.641451142934
00e12e8b_4644,11529.74084511725
00e12e8b_4645,11529.839128726444
00e12e8b_4646,11529.937089565268
00e12e8b_4647,11530.035543179316
00e12e8b_4648,11530.135286962508
00e12e8b_4649,11530.237344727131
00e12e8b_4650,11530.34225310796
00e12e8b_4651,11530.450558174674
00e12e8b_4652,11530.563282733481
00e12e8b_4653,11530.681224497323
00e12e8b_4654,11530.80519431927
00e12e8b_4655,11530.935988633093
00e12e8b_4656,11530.914365025159
00e12e8b_4657,11531.036434726462
00e12e8b_4658,11531.006852104478
00e12e8b_4659,11530.961467801259
00e12e8b_4660,11530.93170030022
00e12e8b_4661,11530.75779578844
00e12e8b_4662,11530.59670507831
00e12e8b_4663,11530.450641963607
00e12e8b_4664,11530.31939166603
00e12e8b_4665,11530.205647719706
00e12e8b_4666,11530.106701477835
00e12e8b_4667,11530.022400126976
00e12e8b_4668,11529.900463466063
00e12e8b_4669,11529.782157675338
00e12e8b_4670,11529.666698046718
00e12e8b_4671,11529.553304640607
00e12e8b_4672,11529.441178738676
00e12e8b_4673,11529.329508941806
00e12e8b_4674,11529.21746671119
00e12e8b_4675,11529.104266387889
00e12e8b_4676,11528.989123581483
00e12e8b_4677,11528.871253592806
00e12e8b_4678,11528.909917293338
00e12e8b_4679,11528.969282770297
00e12e8b_4680,11529.049599187392
00e12e8b_4681,11529.150605047656
00e12e8b_4682,11529.272311139408
00e12e8b_4683,11529.420467860284
00e12e8b_4684,11529.590605769024
00e12e8b_4685,11529.77801695816
00e12e8b_4686,11529.979016354613
00e12e8b_4687,11530.200810425325
00e12e8b_4688,11530.44362642871
00e12e8b_4689,11530.600285619721
00e12e8b_4690,11530.760937453579
00e12e8b_4691,11530.925275924525
00e12e8b_4692,11531.20065930051
00e12e8b_4693,11531.460336452159
00e12e8b_4694,11531.702323808177
00e12e8b_4695,11532.066131030337
00e12e8b_4696,11532.425918535751
00e12e8b_4697,11532.782721013888
00e12e8b_4698,11532.977041605436
00e12e8b_4699,11533.144944282312
00e12e8b_4700,11533.359773352206
00e12e8b_4701,11533.55938079117
00e12e8b_4702,11533.746726575244
00e12e8b_4703,11533.92281861544
00e12e8b_4704,11533.871275633239
00e12e8b_4705,11533.817916278565
00e12e8b_4706,11533.762187781755
00e12e8b_4707,11533.703286792696
00e12e8b_4708,11533.640391929817
00e12e8b_4709,11533.572476092997
00e12e8b_4710,11533.498719234063
00e12e8b_4711,11533.418551314975
00e12e8b_4712,11533.33115435302
00e12e8b_4713,11533.235719119346
00e12e8b_4714,11533.13144461294
00e12e8b_4715,11533.017516146389
00e12e8b_4716,11532.892907938738
00e12e8b_4717,11532.757083151715
00e12e8b_4718,11532.608972467628
00e12e8b_4719,11532.448000016324
00e12e8b_4720,11532.273364543524
00e12e8b_4721,11532.084261152031
00e12e8b_4722,11532.039949736061
00e12e8b_4723,11532.004582426453
00e12e8b_4724,11531.978387286375
00e12e8b_4725,11531.961103614402
00e12e8b_4726,11531.952457132908
00e12e8b_4727,11531.95268584509
00e12e8b_4728,11531.961783547704
00e12e8b_4729,11531.979763521813
00e12e8b_4730,11532.006858308732
00e12e8b_4731,11532.042805430652
00e12e8b_4732,11532.087609804128
00e12e8b_4733,11532.141287983644
00e12e8b_4734,11532.203812082638
00e12e8b_4735,11532.275158520422
00e12e8b_4736,11532.35533898343
00e12e8b_4737,11532.44459663801
00e12e8b_4738,11532.542679546941
00e12e8b_4739,11532.649620459111
00e12e8b_4740,11532.7656599527
00e12e8b_4741,11532.890288955205
00e12e8b_4742,11533.023983357352
00e12e8b_4743,11533.166504595163
00e12e8b_4744,11533.311030029825
00e12e8b_4745,11533.558814910632
00e12e8b_4746,11533.797278188844
00e12e8b_4747,11534.032338942208
00e12e8b_4748,11534.259053679472
00e12e8b_4749,11534.478103448471
00e12e8b_4750,11534.690461069336
00e12e8b_4751,11534.89724818696
00e12e8b_4752,11535.099111315261
00e12e8b_4753,11535.169298722734
00e12e8b_4754,11535.21901240456
00e12e8b_4755,11535.249074699495
00e12e8b_4756,11535.219508304086
00e12e8b_4757,11535.16270737133
00e12e8b_4758,11535.078438279035
00e12e8b_4759,11534.966962541836
00e12e8b_4760,11534.82802934283
00e12e8b_4761,11534.661871051976
00e12e8b_4762,11534.468039619878
00e12e8b_4763,11534.246952718748
00e12e8b_4764,11533.998314064671
00e12e8b_4765,11533.882089045019
00e12e8b_4766,11533.76341250341
00e12e8b_4767,11533.642753456006
00e12e8b_4768,11533.542842835599
00e12e8b_4769,11533.440776040745
00e12e8b_4770,11533.330945741947
00e12e8b_4771,11533.21857349546
00e12e8b_4772,11533.102140442528
00e12e8b_4773,11532.987299634799
00e12e8b_4774,11532.872294851906
00e12e8b_4775,11532.84329799023
00e12e8b_4776,11532.764709000183
00e12e8b_4777,11532.680028484878
00e12e8b_4778,11532.496913070543
00e12e8b_4779,11532.32775576566
00e12e8b_4780,11532.172569105145
00e12e8b_4781,11532.031354619776
00e12e8b_4782,11531.904133014095
00e12e8b_4783,11531.92674274228
00e12e8b_4784,11531.93994817133
00e12e8b_4785,11531.94406612245
00e12e8b_4786,11531.940395624755
00e12e8b_4787,11531.929746818523
00e12e8b_4788,11531.912930135526
00e12e8b_4789,11531.890757671652
00e12e8b_4790,11531.86404609089
00e12e8b_4791,11531.833108542576
00e12e8b_4792,11531.799254848624
00e12e8b_4793,11531.763299752105
00e12e8b_4794,11531.72583766888
00e12e8b_4795,11531.687675304012
00e12e8b_4796,11531.64985988877
00e12e8b_4797,11531.612976671355
00e12e8b_4798,11531.577852047552
00e12e8b_4799,11531.545525495632
00e12e8b_4800,11531.516584746762
00e12e8b_4801,11531.491856244134
00e12e8b_4802,11531.472149361758
00e12e8b_4803,11531.458287539239
00e12e8b_4804,11531.451092925494
00e12e8b_4805,11531.451374915338
00e12e8b_4806,11531.344170590968
00e12e8b_4807,11531.230688888703
00e12e8b_4808,11531.111533062785
00e12e8b_4809,11530.987212998049
00e12e8b_4810,11530.858642267583
00e12e8b_4811,11530.726470364421
00e12e8b_4812,11530.59122901385
00e12e8b_4813,11530.453879384238
00e12e8b_4814,11530.315109519648
00e12e8b_4815,11530.175490391899
00e12e8b_4816,11530.035792689163
00e12e8b_4817,11529.897236753579
00e12e8b_4818,11529.760165361606
00e12e8b_4819,11529.625391840127
00e12e8b_4820,11529.49372354407
00e12e8b_4821,11529.230169923218
00e12e8b_4822,11528.994823993497
00e12e8b_4823,11528.788179214715
00e12e8b_4824,11528.609865905457
00e12e8b_4825,11528.459967631767
00e12e8b_4826,11528.338587096348
00e12e8b_4827,11528.245836358557
00e12e8b_4828,11528.181834072178
00e12e8b_4829,11528.120729556409
00e12e8b_4830,11528.08190205708
00e12e8b_4831,11528.07210873881
00e12e8b_4832,11528.087698349624
00e12e8b_4833,11528.13139793037
00e12e8b_4834,11528.19836822412
00e12e8b_4835,11528.290744271528
00e12e8b_4836,11528.307866389545
00e12e8b_4837,11528.377270643485
00e12e8b_4838,11528.462699646168
00e12e8b_4839,11528.673951317343
00e12e8b_4840,11528.915632583816
00e12e8b_4841,11529.187728102019
00e12e8b_4842,11529.490003180294
00e12e8b_4843,11529.8227086449
00e12e8b_4844,11530.025779939684
00e12e8b_4845,11530.234018587427
00e12e8b_4846,11530.44713472064
00e12e8b_4847,11530.663861799943
00e12e8b_4848,11530.883657777753
00e12e8b_4849,11531.10546895632
00e12e8b_4850,11531.328745899906
00e12e8b_4851,11531.55243187236
00e12e8b_4852,11531.77624322623
00e12e8b_4853,11531.998897942573
00e12e8b_4854,11532.219843893201
00e12e8b_4855,11532.43828352444
00e12e8b_4856,11532.653431687218
00e12e8b_4857,11532.864226564341
00e12e8b_4858,11533.070145244415
00e12e8b_4859,11533.270392214105
00e12e8b_4860,11533.463904259648
00e12e8b_4861,11533.650145099416
00e12e8b_4862,11533.828313584509
00e12e8b_4863,11533.997616554689
00e12e8b_4864,11534.157011987061
00e12e8b_4865,11534.305968781278
00e12e8b_4866,11534.443453446349
00e12e8b_4867,11534.569145455745
00e12e8b_4868,11534.681745189107
00e12e8b_4869,11534.916539031949
00e12e8b_4870,11535.113503255945
00e12e8b_4871,11535.272385454808
00e12e8b_4872,11535.393655117703
00e12e8b_4873,11535.341238993911
00e12e8b_4874,11535.274128643216
00e12e8b_4875,11535.191768446895
00e12e8b_4876,11535.204177600324
00e12e8b_4877,11535.178465561856
00e12e8b_4878,11535.114791010852
00e12e8b_4879,11535.045315696592
00e12e8b_4880,11534.93503285969
00e12e8b_4881,11534.784170649713
00e12e8b_4882,11534.752743360574
00e12e8b_4883,11534.705447820774
00e12e8b_4884,11534.643050001094
00e12e8b_4885,11534.56629829193
00e12e8b_4886,11534.47621532478
00e12e8b_4887,11534.37356498789
00e12e8b_4888,11534.25886795583
00e12e8b_4889,11534.133149046065
00e12e8b_4890,11533.997162457534
00e12e8b_4891,11533.851661683566
00e12e8b_4892,11533.697441591761
00e12e8b_4893,11533.535296731232
00e12e8b_4894,11533.365980605122
00e12e8b_4895,11533.190247727367
00e12e8b_4896,11533.008856482238
00e12e8b_4897,11532.82255264753
00e12e8b_4898,11532.632094299182
00e12e8b_4899,11532.438502692947
00e12e8b_4900,11532.242307280954
00e12e8b_4901,11532.044263011603
00e12e8b_4902,11531.845128724563
00e12e8b_4903,11531.645922870244
00e12e8b_4904,11531.44717205341
00e12e8b_4905,11531.249863375313
00e12e8b_4906,11531.054750588686
00e12e8b_4907,11530.862374945227
00e12e8b_4908,11530.67376197866
00e12e8b_4909,11530.489663974266
00e12e8b_4910,11530.310847387836
00e12e8b_4911,11530.13785311765
00e12e8b_4912,11529.836102032992
00e12e8b_4913,11529.56511847541
00e12e8b_4914,11529.46120302726
00e12e8b_4915,11529.364578367822
00e12e8b_4916,11529.140679310787
00e12e8b_4917,11528.949038548044
00e12e8b_4918,11528.790122432485
00e12e8b_4919,11528.663915423334
00e12e8b_4920,11528.68558324575
00e12e8b_4921,11528.717679335128
00e12e8b_4922,11528.761263858842
00e12e8b_4923,11528.816933197157
00e12e8b_4924,11528.886159220441
00e12e8b_4925,11529.00156072858
00e12e8b_4926,11529.129401500948
00e12e8b_4927,11529.270252910825
00e12e8b_4928,11529.424901985181
00e12e8b_4929,11529.594363554128
00e12e8b_4930,11529.619400692533
00e12e8b_4931,11529.635836865575
00e12e8b_4932,11529.59153380496
00e12e8b_4933,11529.545079841502
00e12e8b_4934,11529.656845186133
00e12e8b_4935,11529.794147002529
00e12e8b_4936,11529.952945289544
00e12e8b_4937,11530.008483339117
00e12e8b_4938,11530.069630381044
00e12e8b_4939,11530.139218622986
00e12e8b_4940,11530.180427077205
00e12e8b_4941,11530.225256631878
00e12e8b_4942,11530.268722919645
00e12e8b_4943,11530.313234754705
00e12e8b_4944,11530.356752972513
00e12e8b_4945,11530.401821628038
00e12e8b_4946,11530.448410476067
00e12e8b_4947,11530.49620550792
00e12e8b_4948,11530.54753620832
00e12e8b_4949,11530.597420412827
00e12e8b_4950,11530.648354575505
00e12e8b_4951,11530.69997754637
00e12e8b_4952,11530.752325494128
00e12e8b_4953,11530.8052884102
00e12e8b_4954,11530.858639367048
00e12e8b_4955,11530.912168271385
00e12e8b_4956,11530.965462563268
00e12e8b_4957,11531.018493964471
00e12e8b_4958,11531.071011749764
00e12e8b_4959,11531.122759492524
00e12e8b_4960,11531.17327615376
00e12e8b_4961,11531.222492795161
00e12e8b_4962,11531.270105094916
00e12e8b_4963,11531.313544475835
00e12e8b_4964,11531.355149523879
00e12e8b_4965,11531.392008122795
00e12e8b_4966,11531.428852895893
00e12e8b_4967,11531.465128623795
00e12e8b_4968,11531.499817474463
00e12e8b_4969,11531.532408243136
00e12e8b_4970,11531.68178727056
00e12e8b_4971,11531.80445102656
00e12e8b_4972,11531.900725510783
00e12e8b_4973,11532.130707950399
00e12e8b_4974,11532.362161057365
00e12e8b_4975,11532.433204699917
00e12e8b_4976,11532.48019361123
00e12e8b_4977,11532.69302488816
00e12e8b_4978,11532.904524670705
00e12e8b_4979,11533.115259694863
00e12e8b_4980,11533.326012500725
00e12e8b_4981,11533.4015315029
00e12e8b_4982,11533.460099747172
00e12e8b_4983,11533.50224923321
00e12e8b_4984,11533.528753743285
00e12e8b_4985,11533.539994597406
00e12e8b_4986,11533.499340841121
00e12e8b_4987,11533.436091001686
00e12e8b_4988,11533.350283759528
00e12e8b_4989,11533.241974574245
00e12e8b_4990,11533.043913724357
00e12e8b_4991,11532.832615255897
00e12e8b_4992,11532.544222798135
00e12e8b_4993,11532.317432218348
00e12e8b_4994,11532.102327078273
00e12e8b_4995,11531.898856006952
00e12e8b_4996,11531.704319952596
00e12e8b_4997,11531.523612266363
00e12e8b_4998,11531.351791052346
00e12e8b_4999,11531.193574262856
00e12e8b_5000,11531.046904222967
00e12e8b_5001,11530.911810812067
00e12e8b_5002,11530.785455370986
00e12e8b_5003,11530.67287708856
00e12e8b_5004,11530.57206874114
00e12e8b_5005,11530.485791812207
00e12e8b_5006,11530.411686616724
00e12e8b_5007,11530.350076528948
00e12e8b_5008,11530.301104607446
00e12e8b_5009,11530.262058339094
00e12e8b_5010,11530.238218311943
00e12e8b_5011,11530.227293592525
00e12e8b_5012,11530.229675823979
00e12e8b_5013,11530.245373883195
00e12e8b_5014,11530.274800344285
00e12e8b_5015,11530.31799900712
00e12e8b_5016,11530.37519457196
00e12e8b_5017,11530.446852755837
00e12e8b_5018,11530.533045639486
00e12e8b_5019,11530.63405059102
00e12e8b_5020,11530.750152408102
00e12e8b_5021,11530.881867995518
00e12e8b_5022,11531.029332793823
00e12e8b_5023,11531.192876013267
00e12e8b_5024,11531.375505613361
00e12e8b_5025,11531.575105450762
00e12e8b_5026,11531.795351289866
00e12e8b_5027,11532.031322577037
00e12e8b_5028,11532.283009079287
00e12e8b_5029,11532.550675267423
00e12e8b_5030,11532.834089255883
00e12e8b_5031,11532.991938017927
00e12e8b_5032,11533.146203960056
00e12e8b_5033,11533.296612613178
00e12e8b_5034,11533.442906791131
00e12e8b_5035,11533.582176136953
00e12e8b_5036,11533.716430002394
00e12e8b_5037,11533.845439118151
00e12e8b_5038,11533.933833394925
00e12e8b_5039,11534.008307461034
00e12e8b_5040,11534.068055776826
00e12e8b_5041,11534.112280479409
00e12e8b_5042,11534.140191389244
00e12e8b_5043,11534.150982967645
00e12e8b_5044,11534.255532831346
00e12e8b_5045,11534.319768087007
00e12e8b_5046,11534.34394950755
00e12e8b_5047,11534.330583369603
00e12e8b_5048,11534.277250523775
00e12e8b_5049,11534.184450530296
00e12e8b_5050,11534.088169649796
00e12e8b_5051,11534.028008055262
00e12e8b_5052,11533.940092153596
00e12e8b_5053,11533.900245284914
00e12e8b_5054,11533.843034725902
00e12e8b_5055,11533.769249349954
00e12e8b_5056,11533.679685679204
00e12e8b_5057,11533.575136100344
00e12e8b_5058,11533.456389066363
00e12e8b_5059,11533.32424866086
00e12e8b_5060,11533.17949634115
00e12e8b_5061,11533.022924536439
00e12e8b_5062,11532.855329760025
00e12e8b_5063,11532.677771105822
00e12e8b_5064,11532.354980585102
00e12e8b_5065,11532.04700654457
00e12e8b_5066,11531.753848795059
00e12e8b_5067,11531.475733676843
00e12e8b_5068,11531.212395545448
00e12e8b_5069,11530.963832293151
00e12e8b_5070,11530.730048987674
00e12e8b_5071,11530.511042844986
00e12e8b_5072,11530.307048789024
00e12e8b_5073,11530.117795849063
00e12e8b_5074,11529.943290382067
00e12e8b_5075,11529.78353830276
00e12e8b_5076,11529.638761116712
00e12e8b_5077,11529.508699862485
00e12e8b_5078,11529.393354960099
00e12e8b_5079,11529.292963929965
00e12e8b_5080,11529.207261774127
00e12e8b_5081,11529.136250245601
00e12e8b_5082,11529.08016817487
00e12e8b_5083,11529.038747849057
00e12e8b_5084,11529.012226190438
00e12e8b_5085,11529.000344729258
00e12e8b_5086,11529.003377827672
00e12e8b_5087,11529.021330719761
00e12e8b_5088,11529.05395098112
00e12e8b_5089,11529.101479352477
00e12e8b_5090,11529.163657528934
00e12e8b_5091,11529.240720086238
00e12e8b_5092,11529.332416617604
00e12e8b_5093,11529.4389833602
00e12e8b_5094,11529.560175736131
00e12e8b_5095,11529.696234478484
00e12e8b_5096,11529.946883719806
00e12e8b_5097,11530.095160698822
00e12e8b_5098,11530.394684005043
00e12e8b_5099,11530.685958575858
00e12e8b_5100,11530.970012308086
00e12e8b_5101,11531.247629567988
00e12e8b_5102,11531.519355066699
00e12e8b_5103,11531.786226674569
00e12e8b_5104,11532.049024058051
00e12e8b_5105,11532.176724095538
00e12e8b_5106,11532.284150734647
00e12e8b_5107,11532.371868983328
00e12e8b_5108,11532.437778238578
00e12e8b_5109,11532.484495716091
00e12e8b_5110,11532.512876485984
00e12e8b_5111,11532.481114931537
00e12e8b_5112,11532.422841685027
00e12e8b_5113,11532.33778486985
00e12e8b_5114,11532.22593567402
00e12e8b_5115,11531.95172453813
00e12e8b_5116,11531.674391180104
00e12e8b_5117,11531.436012929054
00e12e8b_5118,11531.183119493167
00e12e8b_5119,11530.915581410756
00e12e8b_5120,11530.633251973322
00e12e8b_5121,11530.302693205294
00e12e8b_5122,11529.964925187587
00e12e8b_5123,11529.619425104032
00e12e8b_5124,11529.265393503052
00e12e8b_5125,11529.062088147113
00e12e8b_5126,11528.87368245142
00e12e8b_5127,11528.700178708525
00e12e8b_5128,11528.541324464437
00e12e8b_5129,11528.397345819256
00e12e8b_5130,11528.268485417306
00e12e8b_5131,11528.154484087965
00e12e8b_5132,11528.05535414403
00e12e8b_5133,11527.970839122625
00e12e8b_5134,11527.901190275206
00e12e8b_5135,11527.84640877073
00e12e8b_5136,11527.806514567119
00e12e8b_5137,11527.781265734835
00e12e8b_5138,11527.770902965043
00e12e8b_5139,11527.775672073964
00e12e8b_5140,11527.79505779954
00e12e8b_5141,11527.829315365214
00e12e8b_5142,11527.878464240921
00e12e8b_5143,11527.942484946678
00e12e8b_5144,11528.021369928681
00e12e8b_5145,11528.114875880046
00e12e8b_5146,11528.291172387158
00e12e8b_5147,11528.470885326304
00e12e8b_5148,11528.653912821808
00e12e8b_5149,11528.840912980739
00e12e8b_5150,11529.032267226015
00e12e8b_5151,11529.228369443177
00e12e8b_5152,11529.429385268571
00e12e8b_5153,11529.636199109396
00e12e8b_5154,11529.848715745205
00e12e8b_5155,11530.13550496052
00e12e8b_5156,11530.417336769058
00e12e8b_5157,11530.577198577887
00e12e8b_5158,11530.832875042297
00e12e8b_5159,11530.925126737278
00e12e8b_5160,11530.990049435415
00e12e8b_5161,11531.02742686855
00e12e8b_5162,11531.037258062226
00e12e8b_5163,11531.019812159799
00e12e8b_5164,11530.97486689696
00e12e8b_5165,11530.766595266448
00e12e8b_5166,11530.554518198896
00e12e8b_5167,11530.33762048601
00e12e8b_5168,11530.115109882116
00e12e8b_5169,11529.886208541431
00e12e8b_5170,11529.786215239636
00e12e8b_5171,11529.654639986766
00e12e8b_5172,11529.49175799784
00e12e8b_5173,11529.297578091338
00e12e8b_5174,11529.071872294267
00e12e8b_5175,11528.815184975234
00e12e8b_5176,11528.687105568588
00e12e8b_5177,11528.552870894582
00e12e8b_5178,11528.362762397397
00e12e8b_5179,11528.162797543555
00e12e8b_5180,11527.954008253158
00e12e8b_5181,11527.73766202136
00e12e8b_5182,11527.55375849182
00e12e8b_5183,11527.367949366318
00e12e8b_5184,11527.180569541726
00e12e8b_5185,11526.992453881112
00e12e8b_5186,11526.804442135555
00e12e8b_5187,11526.617588834739
00e12e8b_5188,11526.43246236962
00e12e8b_5189,11526.249885481946
00e12e8b_5190,11526.070691035113
00e12e8b_5191,11525.895439794205
00e12e8b_5192,11525.725182727349
00e12e8b_5193,11525.560743218964
00e12e8b_5194,11525.402944187663
00e12e8b_5195,11525.252602586273
00e12e8b_5196,11525.110545374268
00e12e8b_5197,11524.841756982338
00e12e8b_5198,11524.606304247342
00e12e8b_5199,11524.403982361091
00e12e8b_5200,11524.234814051462
00e12e8b_5201,11524.09903575544
00e12e8b_5202,11523.99666575936
00e12e8b_5203,11523.927491318993
00e12e8b_5204,11523.891524307759
00e12e8b_5205,11523.888769270125
00e12e8b_5206,11523.919505747059
00e12e8b_5207,11523.903483279033
00e12e8b_5208,11523.908229551389
00e12e8b_5209,11523.93334666
00e12e8b_5210,11523.978690748747
00e12e8b_5211,11524.043377377962
00e12e8b_5212,11524.12749057469
00e12e8b_5213,11524.23039774773
00e12e8b_5214,11524.351462197877
00e12e8b_5215,11524.490534073837
00e12e8b_5216,11524.567448678756
00e12e8b_5217,11524.64881064391
00e12e8b_5218,11524.734069030239
00e12e8b_5219,11524.822442380013
00e12e8b_5220,11524.913144311662
00e12e8b_5221,11525.005395783595
00e12e8b_5222,11525.098405069353
00e12e8b_5223,11525.191376872017
00e12e8b_5224,11525.283521299281
00e12e8b_5225,11525.374044882303
00e12e8b_5226,11525.622189379921
00e12e8b_5227,11525.892112277672
00e12e8b_5228,11526.183809335262
00e12e8b_5229,11526.497037819836
00e12e8b_5230,11526.832043195145
00e12e8b_5231,11527.028765153376
00e12e8b_5232,11527.222492043766
00e12e8b_5233,11527.41194341518
00e12e8b_5234,11527.596567455517
00e12e8b_5235,11527.77558094182
00e12e8b_5236,11527.948196433159
00e12e8b_5237,11528.113624905447
00e12e8b_5238,11528.271071471658
00e12e8b_5239,11528.419477798761
00e12e8b_5240,11528.558542251552
00e12e8b_5241,11528.68723864147
00e12e8b_5242,11528.940362579277
00e12e8b_5243,11529.158353245732
00e12e8b_5244,11529.340700504457
00e12e8b_5245,11529.487656740675
00e12e8b_5246,11529.599248300365
00e12e8b_5247,11529.675708905153
00e12e8b_5248,11529.716527240498
00e12e8b_5249,11529.721934727722
00e12e8b_5250,11529.69194093348
00e12e8b_5251,11529.626558868997
00e12e8b_5252,11529.52578981246
00e12e8b_5253,11529.389860599978
00e12e8b_5254,11529.218504771101
00e12e8b_5255,11529.01171953533
00e12e8b_5256,11528.674752026209
00e12e8b_5257,11528.316406407881
00e12e8b_5258,11528.09673287143
00e12e8b_5259,11527.878031066675
00e12e8b_5260,11527.66607714075
00e12e8b_5261,11527.458549530696
00e12e8b_5262,11527.256198387655
00e12e8b_5263,11527.059346302758
00e12e8b_5264,11526.868794849157
00e12e8b_5265,11526.684829482447
00e12e8b_5266,11526.626009807896
00e12e8b_5267,11526.556762596296
00e12e8b_5268,11526.478123124487
00e12e8b_5269,11526.390848371715
00e12e8b_5270,11526.295702839569
00e12e8b_5271,11526.193224708786
00e12e8b_5272,11526.084658808455
00e12e8b_5273,11525.97027050227
00e12e8b_5274,11525.715256911493
00e12e8b_5275,11525.479883194432
00e12e8b_5276,11525.263890179844
00e12e8b_5277,11525.067006695834
00e12e8b_5278,11524.889682595973
00e12e8b_5279,11524.731647658597
00e12e8b_5280,11524.592896743054
00e12e8b_5281,11524.473654052324
00e12e8b_5282,11524.37364050025
00e12e8b_5283,11524.293080910016
00e12e8b_5284,11524.23169883695
00e12e8b_5285,11524.189485512588
00e12e8b_5286,11524.166654276542
00e12e8b_5287,11524.162934630502
00e12e8b_5288,11524.178538435168
00e12e8b_5289,11524.213184594066
00e12e8b_5290,11524.267359888827
00e12e8b_5291,11524.340559539416
00e12e8b_5292,11524.568825491979
00e12e8b_5293,11524.792624777323
00e12e8b_5294,11525.012563532411
00e12e8b_5295,11525.227441428626
00e12e8b_5296,11525.43887432486
00e12e8b_5297,11525.647575342982
00e12e8b_5298,11525.855138799678
00e12e8b_5299,11526.062255647288
00e12e8b_5300,11526.270481988888
00e12e8b_5301,11526.48048338405
00e12e8b_5302,11526.693792326196
00e12e8b_5303,11526.751271861465
00e12e8b_5304,11526.788974729145
00e12e8b_5305,11526.807392464872
00e12e8b_5306,11526.806591832039
00e12e8b_5307,11526.787022570941
00e12e8b_5308,11526.74846252034
00e12e8b_5309,11526.69155892041
00e12e8b_5310,11526.616513013916
00e12e8b_5311,11526.523333729603
00e12e8b_5312,11526.412403002285
00e12e8b_5313,11526.283703338477
00e12e8b_5314,11526.137322644268
00e12e8b_5315,11525.973623949154
00e12e8b_5316,11525.792547804436
00e12e8b_5317,11525.706055785646
00e12e8b_5318,11525.622724479015
00e12e8b_5319,11525.543218477305
00e12e8b_5320,11525.471652085685
00e12e8b_5321,11525.404162576795
00e12e8b_5322,11525.343891848801
00e12e8b_5323,11525.359336121866
00e12e8b_5324,11525.374985621984
00e12e8b_5325,11525.391893022907
00e12e8b_5326,11525.41089712843
00e12e8b_5327,11525.226637691743
00e12e8b_5328,11525.034261097899
00e12e8b_5329,11524.83337245713
00e12e8b_5330,11524.623088440601
00e12e8b_5331,11524.40350067587
00e12e8b_5332,11524.174218525503
00e12e8b_5333,11523.93458324065
00e12e8b_5334,11523.616290886557
00e12e8b_5335,11523.526800894886
00e12e8b_5336,11523.450392224691
00e12e8b_5337,11523.387694483648
00e12e8b_5338,11523.339109075374
00e12e8b_5339,11523.304554516348
00e12e8b_5340,11523.284924802188
00e12e8b_5341,11523.280622674321
00e12e8b_5342,11523.291793669658
00e12e8b_5343,11523.31907160369
00e12e8b_5344,11523.36259147997
00e12e8b_5345,11523.422764466362
00e12e8b_5346,11523.50026893502
00e12e8b_5347,11523.595244336302
00e12e8b_5348,11523.723387189577
00e12e8b_5349,11523.9200394738
00e12e8b_5350,11524.123731964057
00e12e8b_5351,11524.335269038986
00e12e8b_5352,11524.55568838536
00e12e8b_5353,11524.625487195357
00e12e8b_5354,11524.680515511387
00e12e8b_5355,11524.72157471147
00e12e8b_5356,11524.750920927294
00e12e8b_5357,11524.768783555084
00e12e8b_5358,11524.706398021412
00e12e8b_5359,11524.64305435044
00e12e8b_5360,11524.579409423128
00e12e8b_5361,11524.591647615212
00e12e8b_5362,11524.593742698577
00e12e8b_5363,11524.586006074054
00e12e8b_5364,11524.568921684779
00e12e8b_5365,11524.54309662552
00e12e8b_5366,11524.50905491133
00e12e8b_5367,11524.467328683948
00e12e8b_5368,11524.418561026007
00e12e8b_5369,11524.363307721691
00e12e8b_5370,11524.30224116257
00e12e8b_5371,11524.23595806723
00e12e8b_5372,11524.16505267591
00e12e8b_5373,11524.090233152601
00e12e8b_5374,11524.012125524192
00e12e8b_5375,11523.931465385222
00e12e8b_5376,11523.84869407708
00e12e8b_5377,11523.764968107309
00e12e8b_5378,11523.680789628892
00e12e8b_5379,11523.596645221667
00e12e8b_5380,11523.513731882733
00e12e8b_5381,11523.432370677985
00e12e8b_5382,11523.353569280012
00e12e8b_5383,11523.278076014562
00e12e8b_5384,11523.12728275323
00e12e8b_5385,11522.966061209636
00e12e8b_5386,11522.794646942446
00e12e8b_5387,11522.613057862123
00e12e8b_5388,11522.501108562343
00e12e8b_5389,11522.391515301651
00e12e8b_5390,11522.284427276381
00e12e8b_5391,11522.11015650536
00e12e8b_5392,11521.951360599414
00e12e8b_5393,11521.805958961759
00e12e8b_5394,11521.676392049038
00e12e8b_5395,11521.640668213186
00e12e8b_5396,11521.551572005788
00e12e8b_5397,11521.421182724896
00e12e8b_5398,11521.453828557665
00e12e8b_5399,11521.48960874736
00e12e8b_5400,11521.529189663848
00e12e8b_5401,11521.572985639736
00e12e8b_5402,11521.62112967955
00e12e8b_5403,11521.674025781766
00e12e8b_5404,11521.732299809993
00e12e8b_5405,11521.796093673931
00e12e8b_5406,11521.866073509023
00e12e8b_5407,11521.94241348652
00e12e8b_5408,11522.025741189384
00e12e8b_5409,11522.098444227764
00e12e8b_5410,11522.11361738333
00e12e8b_5411,11522.124612521076
00e12e8b_5412,11522.130939413833
00e12e8b_5413,11522.132594172519
00e12e8b_5414,11522.129577154465
00e12e8b_5415,11522.12215213888
00e12e8b_5416,11522.110318169787
00e12e8b_5417,11522.093807024103
00e12e8b_5418,11522.07261744334
00e12e8b_5419,11522.128507894324
00e12e8b_5420,11522.195221382573
00e12e8b_5421,11522.273811096511
00e12e8b_5422,11522.1395689297
00e12e8b_5423,11522.025334052596
00e12e8b_5424,11521.93029968683
00e12e8b_5425,11521.85393675166
00e12e8b_5426,11521.795211897703
00e12e8b_5427,11521.753547978056
00e12e8b_5428,11521.728145503106
00e12e8b_5429,11521.853801201603
00e12e8b_5430,11521.970727267968
00e12e8b_5431,11522.07868603271
00e12e8b_5432,11522.177661425652
00e12e8b_5433,11522.267915080163
00e12e8b_5434,11522.349200408496
00e12e8b_5435,11522.421769672306
00e12e8b_5436,11522.485381429484
00e12e8b_5437,11522.540287982163
00e12e8b_5438,11522.586240483268
00e12e8b_5439,11522.487396118995
00e12e8b_5440,11522.539082116444
00e12e8b_5441,11522.581233493105
00e12e8b_5442,11522.613831699047
00e12e8b_5443,11522.50080268725
00e12e8b_5444,11522.401641021279
00e12e8b_5445,11522.315302541712
00e12e8b_5446,11522.241243464043
00e12e8b_5447,11522.178418563359
00e12e8b_5448,11522.126281999479
00e12e8b_5449,11522.084277062208
00e12e8b_5450,11522.051102787169
00e12e8b_5451,11522.026203829462
00e12e8b_5452,11522.091703016946
00e12e8b_5453,11522.17690136447
00e12e8b_5454,11522.284112155492
00e12e8b_5455,11522.410640691378
00e12e8b_5456,11522.558806965451
00e12e8b_5457,11522.728465208485
00e12e8b_5458,11522.98607155323
00e12e8b_5459,11523.112797831644
00e12e8b_5460,11523.24391616056
00e12e8b_5461,11523.378655048537
00e12e8b_5462,11523.51618632435
00e12e8b_5463,11523.655692715529
00e12e8b_5464,11523.796395865777
00e12e8b_5465,11523.93747545521
00e12e8b_5466,11524.078112782301
00e12e8b_5467,11524.217529875259
00e12e8b_5468,11524.355172443156
00e12e8b_5469,11524.489731334133
00e12e8b_5470,11524.620648191914
00e12e8b_5471,11524.74737589241
00e12e8b_5472,11524.868597551087
00e12e8b_5473,11524.983762465288
00e12e8b_5474,11525.092320246084
00e12e8b_5475,11525.193223213984
00e12e8b_5476,11525.285920805916
00e12e8b_5477,11525.369102247401
00e12e8b_5478,11525.442445932322
00e12e8b_5479,11525.504902486518
00e12e8b_5480,11525.555697640983
00e12e8b_5481,11525.59428412029
00e12e8b_5482,11525.619353132543
00e12e8b_5483,11525.790618916904
00e12e8b_5484,11525.97200598816
00e12e8b_5485,11526.255307809952
00e12e8b_5486,11526.532916208429
00e12e8b_5487,11526.803311082425
00e12e8b_5488,11527.067143836603
00e12e8b_5489,11527.240800848052
00e12e8b_5490,11527.402653764335
00e12e8b_5491,11527.528242402928
00e12e8b_5492,11527.617815739966
00e12e8b_5493,11527.671134048978
00e12e8b_5494,11527.688441702516
00e12e8b_5495,11527.669725881087
00e12e8b_5496,11527.614746408108
00e12e8b_5497,11527.52375932924
00e12e8b_5498,11527.396743353338
00e12e8b_5499,11527.097638196892
00e12e8b_5500,11526.945996466817
00e12e8b_5501,11526.645923970857
00e12e8b_5502,11526.331960678142
00e12e8b_5503,11526.003794698096
00e12e8b_5504,11525.820671225889
00e12e8b_5505,11525.64651901323
00e12e8b_5506,11525.481604161578
00e12e8b_5507,11525.325914988282
00e12e8b_5508,11525.294435988795
00e12e8b_5509,11525.250015559715
00e12e8b_5510,11525.082922652702
00e12e8b_5511,11524.926372634744
00e12e8b_5512,11524.780362373755
00e12e8b_5513,11524.644671432969
00e12e8b_5514,11524.519562604532
00e12e8b_5515,11524.404774831179
00e12e8b_5516,11524.300529758872
00e12e8b_5517,11524.206827313155
00e12e8b_5518,11524.123446599813
00e12e8b_5519,11524.050394142625
00e12e8b_5520,11523.98789639027
00e12e8b_5521,11524.02314850267
00e12e8b_5522,11523.966741056951
00e12e8b_5523,11523.92114889131
00e12e8b_5524,11523.886608882896
00e12e8b_5525,11523.863126399881
00e12e8b_5526,11523.925767074905
00e12e8b_5527,11523.932052276055
00e12e8b_5528,11523.943883389768
00e12e8b_5529,11523.961530258497
00e12e8b_5530,11523.98574316708
00e12e8b_5531,11524.017034871897
00e12e8b_5532,11524.055637631527
00e12e8b_5533,11524.102266908525
00e12e8b_5534,11524.21172558292
00e12e8b_5535,11524.320505315807
00e12e8b_5536,11524.429602779554
00e12e8b_5537,11524.53950080685
00e12e8b_5538,11524.651168128887
00e12e8b_5539,11524.764878213555
00e12e8b_5540,11524.972493287714
00e12e8b_5541,11525.170707916433
00e12e8b_5542,11525.360062570728
00e12e8b_5543,11525.54160175062
00e12e8b_5544,11525.715877644001
00e12e8b_5545,11525.799456525441
00e12e8b_5546,11525.781721056508
00e12e8b_5547,11525.84359268443
00e12e8b_5548,11525.88578959136
00e12e8b_5549,11525.908759638805
00e12e8b_5550,11526.01330246987
00e12e8b_5551,11525.875204870277
00e12e8b_5552,11525.799703223453
00e12e8b_5553,11525.694583246346
00e12e8b_5554,11525.5603610458
00e12e8b_5555,11525.396792515694
00e12e8b_5556,11525.067809243073
00e12e8b_5557,11524.733175001571
00e12e8b_5558,11524.391629940905
00e12e8b_5559,11524.04262802154
00e12e8b_5560,11523.845668257412
00e12e8b_5561,11523.664448268431
00e12e8b_5562,11523.549742908672
00e12e8b_5563,11523.391822785265
00e12e8b_5564,11523.386066698682
00e12e8b_5565,11523.372980347114
00e12e8b_5566,11523.353877056676
00e12e8b_5567,11523.3290763001
00e12e8b_5568,11523.299620059428
00e12e8b_5569,11523.130574901732
00e12e8b_5570,11522.940050868205
00e12e8b_5571,11522.858595421396
00e12e8b_5572,11522.7743736895
00e12e8b_5573,11522.687935229273
00e12e8b_5574,11522.600581664326
00e12e8b_5575,11522.512638879602
00e12e8b_5576,11522.424914423054
00e12e8b_5577,11522.338449395816
00e12e8b_5578,11522.25379070783
00e12e8b_5579,11522.036406001225
00e12e8b_5580,11521.845869092152
00e12e8b_5581,11521.682191609527
00e12e8b_5582,11521.442664227257
00e12e8b_5583,11521.316932624542
00e12e8b_5584,11521.217558397111
00e12e8b_5585,11521.144552055746
00e12e8b_5586,11521.098149780377
00e12e8b_5587,11520.989351830245
00e12e8b_5588,11520.957150528582
00e12e8b_5589,11520.949781630537
00e12e8b_5590,11521.103390609414
00e12e8b_5591,11521.259282437177
00e12e8b_5592,11521.338333570844
00e12e8b_5593,11521.43317626519
00e12e8b_5594,11521.544901691239
00e12e8b_5595,11521.697470479332
00e12e8b_5596,11521.846407212883
00e12e8b_5597,11521.992822590331
00e12e8b_5598,11522.137341302443
00e12e8b_5599,11522.2808689318
00e12e8b_5600,11522.424538242805
00e12e8b_5601,11522.462221354966
00e12e8b_5602,11522.482284061858
00e12e8b_5603,11522.48472517059
00e12e8b_5604,11522.469532426665
00e12e8b_5605,11522.436701760473
00e12e8b_5606,11522.48575660294
00e12e8b_5607,11522.535462476704
00e12e8b_5608,11522.481956248648
00e12e8b_5609,11522.411812110764
00e12e8b_5610,11522.325282921709
00e12e8b_5611,11522.222129871743
00e12e8b_5612,11522.194082741797
00e12e8b_5613,11522.071976020612
00e12e8b_5614,11521.933697804103
00e12e8b_5615,11521.77926889104
00e12e8b_5616,11521.60867208662
00e12e8b_5617,11521.582196447554
00e12e8b_5618,11521.564557616934
00e12e8b_5619,11521.55679251685
00e12e8b_5620,11521.559449955066
00e12e8b_5621,11521.573072675947
00e12e8b_5622,11521.463130928247
00e12e8b_5623,11521.3298912735
00e12e8b_5624,11521.283342702687
00e12e8b_5625,11521.112441989377
00e12e8b_5626,11520.952730456045
00e12e8b_5627,11520.803158171931
00e12e8b_5628,11520.66316930741
00e12e8b_5629,11520.531483043069
00e12e8b_5630,11520.407807302989
00e12e8b_5631,11520.291083312044
00e12e8b_5632,11520.180751854305
00e12e8b_5633,11520.075529960657
00e12e8b_5634,11519.975120905061
00e12e8b_5635,11519.878468775953
00e12e8b_5636,11519.785005405101
00e12e8b_5637,11519.693938043407
00e12e8b_5638,11519.604206163798
00e12e8b_5639,11519.515017318385
00e12e8b_5640,11519.585624191393
00e12e8b_5641,11519.680412891588
00e12e8b_5642,11519.799388373038
00e12e8b_5643,11519.942540171207
00e12e8b_5644,11520.109603797713
00e12e8b_5645,11520.300797068849
00e12e8b_5646,11520.516117612922
00e12e8b_5647,11520.755298924232
00e12e8b_5648,11521.01855772036
00e12e8b_5649,11521.305890235473
00e12e8b_5650,11521.61706360915
00e12e8b_5651,11521.79229504902
00e12e8b_5652,11521.966350228335
00e12e8b_5653,11522.232905127596
00e12e8b_5654,11522.514340832287
00e12e8b_5655,11522.810744059647
00e12e8b_5656,11523.020066325824
00e12e8b_5657,11523.225833568471
00e12e8b_5658,11523.426974111386
00e12e8b_5659,11523.622914154714
00e12e8b_5660,11523.812854683514
00e12e8b_5661,11523.995992347545
00e12e8b_5662,11524.171524195324
00e12e8b_5663,11524.338648548492
00e12e8b_5664,11524.496564653853
00e12e8b_5665,11524.64447243831
00e12e8b_5666,11524.781567474642
00e12e8b_5667,11524.90704636567
00e12e8b_5668,11525.02033799016
00e12e8b_5669,11525.12037212978
00e12e8b_5670,11525.206348459777
00e12e8b_5671,11525.277470854962
00e12e8b_5672,11525.332934570364
00e12e8b_5673,11525.371939304578
00e12e8b_5674,11525.393913806889
00e12e8b_5675,11525.398054265934
00e12e8b_5676,11525.383338100493
00e12e8b_5677,11525.348970323394
00e12e8b_5678,11525.294376551448
00e12e8b_5679,11525.218493734716
00e12e8b_5680,11525.120526535595
00e12e8b_5681,11524.999676954661
00e12e8b_5682,11524.855641816772
00e12e8b_5683,11524.84718026131
00e12e8b_5684,11524.838459407585
00e12e8b_5685,11524.82970586496
00e12e8b_5686,11524.820923826841
00e12e8b_5687,11524.811886672682
00e12e8b_5688,11524.802824668284
00e12e8b_5689,11524.793470353155
00e12e8b_5690,11524.784097405192
00e12e8b_5691,11524.774713986966
00e12e8b_5692,11524.765057108796
00e12e8b_5693,11524.755360018471
00e12e8b_5694,11524.745633535442
00e12e8b_5695,11524.735657692134
00e12e8b_5696,11524.725669891704
00e12e8b_5697,11524.715409282433
00e12e8b_5698,11524.705118441716
00e12e8b_5699,11524.69453970821
00e12e8b_5700,11524.684178385982
00e12e8b_5701,11524.67355720495
00e12e8b_5702,11524.662915643868
00e12e8b_5703,11524.652002539513
00e12e8b_5704,11524.641060058731
00e12e8b_5705,11524.629840452892
00e12e8b_5706,11524.618585812399
00e12e8b_5707,11524.60705081976
00e12e8b_5708,11524.595474414617
00e12e8b_5709,11524.719446688923
00e12e8b_5710,11524.819960512275
00e12e8b_5711,11524.897833834346
00e12e8b_5712,11524.818048879359
00e12e8b_5713,11524.740632233461
00e12e8b_5714,11524.665343501629
00e12e8b_5715,11524.592437119012
00e12e8b_5716,11524.521896449984
00e12e8b_5717,11524.453215548127
00e12e8b_5718,11524.52270498371
00e12e8b_5719,11524.471610864883
00e12e8b_5720,11524.415006750676
00e12e8b_5721,11524.353500975807
00e12e8b_5722,11524.287689801653
00e12e8b_5723,11524.217977791643
00e12e8b_5724,11524.145146033776
00e12e8b_5725,11524.069570048849
00e12e8b_5726,11523.992006893859
00e12e8b_5727,11523.912810308522
00e12e8b_5728,11523.832709598824
00e12e8b_5729,11523.754025613456
00e12e8b_5730,11523.797749954167
00e12e8b_5731,11523.822632557247
00e12e8b_5732,11523.829723591409
00e12e8b_5733,11523.819590261086
00e12e8b_5734,11523.657234037963
00e12e8b_5735,11523.5026914359
00e12e8b_5736,11523.355964730574
00e12e8b_5737,11523.217088305002
00e12e8b_5738,11523.086096435181
00e12e8b_5739,11522.962991387198
00e12e8b_5740,11522.847767194296
00e12e8b_5741,11522.740460698007
00e12e8b_5742,11522.757679440252
00e12e8b_5743,11522.760215396811
00e12e8b_5744,11522.749410826567
00e12e8b_5745,11522.726366852816
00e12e8b_5746,11522.691905319893
00e12e8b_5747,11522.678137241635
00e12e8b_5748,11522.652309061154
00e12e8b_5749,11522.614979564032
00e12e8b_5750,11522.56720508388
00e12e8b_5751,11522.509589082189
00e12e8b_5752,11522.307120062625
00e12e8b_5753,11522.25593367483
00e12e8b_5754,11522.149602752668
00e12e8b_5755,11522.041717846612
00e12e8b_5756,11521.933438852084
00e12e8b_5757,11521.825430037316
00e12e8b_5758,11521.71865611581
00e12e8b_5759,11521.613966061825
00e12e8b_5760,11521.512293968672
00e12e8b_5761,11521.414460510528
00e12e8b_5762,11521.321548187154
00e12e8b_5763,11521.233957469798
00e12e8b_5764,11521.152773759795
00e12e8b_5765,11521.078763598405
00e12e8b_5766,11520.951342914075
00e12e8b_5767,11520.84557380955
00e12e8b_5768,11520.761466754235
00e12e8b_5769,11520.780556984135
00e12e8b_5770,11520.565711792558
00e12e8b_5771,11520.427238308741
00e12e8b_5772,11520.269220100376
00e12e8b_5773,11520.251543756951
00e12e8b_5774,11520.239220790681
00e12e8b_5775,11520.16298746528
00e12e8b_5776,11520.176464496293
00e12e8b_5777,11520.131552012454
00e12e8b_5778,11520.10868947211
00e12e8b_5779,11519.947602270498
00e12e8b_5780,11519.900545894567
00e12e8b_5781,11519.870577993634
00e12e8b_5782,11519.857901936113
00e12e8b_5783,11519.862511172707
00e12e8b_5784,11519.885110957568
00e12e8b_5785,11519.925761985405
00e12e8b_5786,11519.984926857207
00e12e8b_5787,11520.062689591976
00e12e8b_5788,11520.159305615816
00e12e8b_5789,11520.275150551428
00e12e8b_5790,11520.408064071346
00e12e8b_5791,11520.415837282511
00e12e8b_5792,11520.418036421543
00e12e8b_5793,11520.41387101591
00e12e8b_5794,11520.402545368896
00e12e8b_5795,11520.543571229926
00e12e8b_5796,11520.700618973045
00e12e8b_5797,11520.87416892942
00e12e8b_5798,11521.06398370728
00e12e8b_5799,11521.270319189882
00e12e8b_5800,11521.4926648756
00e12e8b_5801,11521.731496512297
00e12e8b_5802,11521.98656430345
00e12e8b_5803,11522.240941970851
00e12e8b_5804,11522.351912257212
00e12e8b_5805,11522.460832454148
00e12e8b_5806,11522.703304210658
00e12e8b_5807,11522.919856741592
00e12e8b_5808,11523.074763771176
00e12e8b_5809,11523.196534692453
00e12e8b_5810,11523.28539663832
00e12e8b_5811,11523.341080771645
00e12e8b_5812,11523.363844473413
00e12e8b_5813,11523.51350666293
00e12e8b_5814,11523.494976649696
00e12e8b_5815,11523.499383441085
00e12e8b_5816,11523.48297953639
00e12e8b_5817,11523.446272994865
00e12e8b_5818,11523.389959750151
00e12e8b_5819,11523.31473184613
00e12e8b_5820,11523.16583222215
00e12e8b_5821,11523.064903447681
00e12e8b_5822,11522.887030050022
00e12e8b_5823,11522.701092756131
00e12e8b_5824,11522.508102152833
00e12e8b_5825,11522.308884881255
00e12e8b_5826,11522.104049639045
00e12e8b_5827,11521.966975820396
00e12e8b_5828,11521.83448416545
00e12e8b_5829,11521.707561594072
00e12e8b_5830,11521.432624699164
00e12e8b_5831,11521.257738779968
00e12e8b_5832,11521.00805383236
00e12e8b_5833,11520.765198934763
00e12e8b_5834,11520.529118584755
00e12e8b_5835,11520.299764815674
00e12e8b_5836,11520.160010769614
00e12e8b_5837,11519.95676691573
00e12e8b_5838,11519.838076950698
00e12e8b_5839,11519.735645562228
00e12e8b_5840,11519.649716491336
00e12e8b_5841,11519.58027024848
00e12e8b_5842,11519.527283706318
00e12e8b_5843,11519.626563662521
00e12e8b_5844,11519.719100364899
00e12e8b_5845,11519.805433561269
00e12e8b_5846,11519.88610564962
00e12e8b_5847,11519.962146421916
00e12e8b_5848,11520.034319879305
00e12e8b_5849,11520.103656374404
00e12e8b_5850,11520.170688385491
00e12e8b_5851,11520.236173557765
00e12e8b_5852,11520.30064662871
00e12e8b_5853,11520.365397264184
00e12e8b_5854,11520.430955121285
00e12e8b_5855,11520.498341660088
00e12e8b_5856,11520.568084841745
00e12e8b_5857,11520.640976189266
00e12e8b_5858,11520.717810912663
00e12e8b_5859,11520.799609396292
00e12e8b_5860,11520.88689403585
00e12e8b_5861,11520.980679535181
00e12e8b_5862,11521.081263288672
00e12e8b_5863,11521.18992555622
00e12e8b_5864,11521.165586926858
00e12e8b_5865,11521.270334245846
00e12e8b_5866,11521.384550354805
00e12e8b_5867,11521.349242023856
00e12e8b_5868,11521.300230413075
00e12e8b_5869,11521.23751020464
00e12e8b_5870,11521.16106901635
00e12e8b_5871,11521.070403527094
00e12e8b_5872,11520.965995543038
00e12e8b_5873,11520.847836376199
00e12e8b_5874,11520.7159102272
00e12e8b_5875,11520.569979391725
00e12e8b_5876,11520.410294937907
00e12e8b_5877,11520.236848357961
00e12e8b_5878,11520.04939860031
00e12e8b_5879,11519.848197234887
00e12e8b_5880,11519.633498433255
00e12e8b_5881,11519.470524515122
00e12e8b_5882,11519.238336894698
00e12e8b_5883,11519.063455661666
00e12e8b_5884,11518.888831483793
00e12e8b_5885,11518.714981534926
00e12e8b_5886,11518.542929644045
00e12e8b_5887,11518.373447039556
00e12e8b_5888,11518.207319742754
00e12e8b_5889,11518.045116002706
00e12e8b_5890,11517.887911081158
00e12e8b_5891,11517.804878869043
00e12e8b_5892,11517.736600614497
00e12e8b_5893,11517.68389148775
00e12e8b_5894,11517.647528100031
00e12e8b_5895,11517.628060330399
00e12e8b_5896,11517.626533217468
00e12e8b_5897,11517.643719652346
00e12e8b_5898,11517.680168550292
00e12e8b_5899,11517.736919935527
00e12e8b_5900,11517.815015116308
00e12e8b_5901,11517.914779446768
00e12e8b_5902,11518.037250912048
00e12e8b_5903,11518.183203677287
00e12e8b_5904,11518.193140887359
00e12e8b_5905,11518.20313945739
00e12e8b_5906,11518.212953950491
00e12e8b_5907,11518.22309350043
00e12e8b_5908,11518.233310524589
00e12e8b_5909,11518.243356791985
00e12e8b_5910,11518.253477381535
00e12e8b_5911,11518.263649405773
00e12e8b_5912,11518.273626764601
00e12e8b_5913,11518.283916095463
00e12e8b_5914,11518.294269040773
00e12e8b_5915,11518.304436704384
00e12e8b_5916,11518.314661993209
00e12e8b_5917,11518.324920741612
00e12e8b_5918,11518.335458839394
00e12e8b_5919,11518.265406040926
00e12e8b_5920,11518.207024673386
00e12e8b_5921,11518.160203950993
00e12e8b_5922,11518.127088474039
00e12e8b_5923,11518.105156117705
00e12e8b_5924,11518.09404752003
00e12e8b_5925,11518.093613839088
00e12e8b_5926,11518.1037011975
00e12e8b_5927,11518.220630512402
00e12e8b_5928,11518.333632388032
00e12e8b_5929,11518.44241929104
00e12e8b_5930,11518.546974996472
00e12e8b_5931,11518.647278899136
00e12e8b_5932,11518.743808426107
00e12e8b_5933,11518.836054264566
00e12e8b_5934,11518.924224316135
00e12e8b_5935,11519.008040072025
00e12e8b_5936,11519.087751421754
00e12e8b_5937,11519.1633506602
00e12e8b_5938,11519.234780845698
00e12e8b_5939,11519.302033213302
00e12e8b_5940,11519.365096824542
00e12e8b_5941,11519.423697091237
00e12e8b_5942,11519.478055174959
00e12e8b_5943,11519.528388306117
00e12e8b_5944,11519.574426240373
00e12e8b_5945,11519.615901572331
00e12e8b_5946,11519.65330264903
00e12e8b_5947,11519.686363157067
00e12e8b_5948,11519.715046498592
00e12e8b_5949,11519.739312413345
00e12e8b_5950,11519.75939118768
00e12e8b_5951,11519.77502328158
00e12e8b_5952,11519.786176316677
00e12e8b_5953,11519.793086279158
00e12e8b_5954,11519.795500699367
00e12e8b_5955,11519.65755862512
00e12e8b_5956,11519.538751169433
00e12e8b_5957,11519.438035574763
00e12e8b_5958,11519.354822642917
00e12e8b_5959,11519.288299424612
00e12e8b_5960,11519.237429219449
00e12e8b_5961,11519.201629409677
00e12e8b_5962,11519.180093626384
00e12e8b_5963,11519.171791251854
00e12e8b_5964,11519.176146709347
00e12e8b_5965,11519.192358018629
00e12e8b_5966,11519.219630590851
00e12e8b_5967,11519.257169890427
00e12e8b_5968,11519.304184016117
00e12e8b_5969,11519.359616960275
00e12e8b_5970,11519.423173893609
00e12e8b_5971,11519.493801536371
00e12e8b_5972,11519.570681035522
00e12e8b_5973,11519.653033647177
00e12e8b_5974,11519.740081088183
00e12e8b_5975,11519.83101207796
00e12e8b_5976,11519.925282147915
00e12e8b_5977,11520.021855535204
00e12e8b_5978,11520.119703395983
00e12e8b_5979,11520.21828943481
00e12e8b_5980,11520.411800797337
00e12e8b_5981,11520.621926377837
00e12e8b_5982,11520.848753035112
00e12e8b_5983,11521.089943551478
00e12e8b_5984,11521.347599494267
00e12e8b_5985,11521.62184549852
00e12e8b_5986,11521.91281978105
00e12e8b_5987,11522.220676819688
00e12e8b_5988,11522.432201469452
00e12e8b_5989,11522.640572335387
00e12e8b_5990,11522.844981171538
00e12e8b_5991,11523.044652871495
00e12e8b_5992,11523.239049289306
00e12e8b_5993,11523.42687309069
00e12e8b_5994,11523.6078126116
00e12e8b_5995,11523.780578550717
00e12e8b_5996,11523.944864719753
00e12e8b_5997,11524.099656225977
00e12e8b_5998,11524.244157370567
00e12e8b_5999,11524.37731601648
00e12e8b_6000,11524.498836471581
00e12e8b_6001,11524.607671662376
00e12e8b_6002,11524.814361748959
00e12e8b_6003,11524.87629630683
00e12e8b_6004,11524.923823795918
00e12e8b_6005,11524.956131862364
00e12e8b_6006,11524.972674946554
00e12e8b_6007,11524.972423497009
00e12e8b_6008,11524.954347847375
00e12e8b_6009,11524.917910492517
00e12e8b_6010,11524.862314645372
00e12e8b_6011,11524.786763779517
00e12e8b_6012,11524.6904639661
00e12e8b_6013,11524.57262427979
00e12e8b_6014,11524.432455904906
00e12e8b_6015,11524.269170316667
00e12e8b_6016,11524.24203099054
00e12e8b_6017,11524.215219770656
00e12e8b_6018,11524.188528195718
00e12e8b_6019,11524.161970817428
00e12e8b_6020,11524.135792620355
00e12e8b_6021,11524.11001456566
00e12e8b_6022,11524.084393787523
00e12e8b_6023,11524.059181568355
00e12e8b_6024,11524.03440585205
00e12e8b_6025,11524.009829950748
00e12e8b_6026,11523.985716693685
00e12e8b_6027,11523.96182880787
00e12e8b_6028,11523.938428437174
00e12e8b_6029,11523.915286892243
00e12e8b_6030,11523.892670269706
00e12e8b_6031,11523.87035381568
00e12e8b_6032,11523.848343405793
00e12e8b_6033,11523.826643188013
00e12e8b_6034,11523.805523422958
00e12e8b_6035,11523.78499487599
00e12e8b_6036,11523.764799882325
00e12e8b_6037,11523.744950788507
00e12e8b_6038,11523.725465620108
00e12e8b_6039,11523.706621782974
00e12e8b_6040,11523.688210310582
00e12e8b_6041,11523.670252925323
00e12e8b_6042,11523.652767505953
00e12e8b_6043,11523.635780467024
00e12e8b_6044,11523.619043141227
00e12e8b_6045,11523.60303401102
00e12e8b_6046,11523.587509713287
00e12e8b_6047,11523.572499396785
00e12e8b_6048,11523.558031387338
00e12e8b_6049,11523.544135062428
00e12e8b_6050,11523.530575154582
00e12e8b_6051,11523.517606463007
00e12e8b_6052,11523.505492365259
00e12e8b_6053,11523.493732127485
00e12e8b_6054,11523.482584533707
00e12e8b_6055,11523.471823776184
00e12e8b_6056,11523.461710053634
00e12e8b_6057,11523.452241163917
00e12e8b_6058,11523.443413334968
00e12e8b_6059,11523.435004188925
00e12e8b_6060,11523.427278460209
00e12e8b_6061,11523.42023732967
00e12e8b_6062,11523.413619106994
00e12e8b_6063,11523.276527497615
00e12e8b_6064,11523.250569971142
00e12e8b_6065,11523.224661750915
00e12e8b_6066,11523.198538742845
00e12e8b_6067,11523.172206782188
00e12e8b_6068,11523.145899588968
00e12e8b_6069,11523.119621290225
00e12e8b_6070,11523.093153847096
00e12e8b_6071,11523.066733800733
00e12e8b_6072,11523.040101011982
00e12e8b_6073,11523.013265362188
00e12e8b_6074,11522.986464527112
00e12e8b_6075,11522.959439899716
00e12e8b_6076,11522.932202624266
00e12e8b_6077,11522.90499169352
00e12e8b_6078,11522.877549842904
00e12e8b_6079,11522.850155686834
00e12e8b_6080,11522.822822493368
00e12e8b_6081,11522.795297729057
00e12e8b_6082,11522.767825043033
00e12e8b_6083,11522.740151254826
00e12e8b_6084,11522.71252054309
00e12e8b_6085,11522.820512883169
00e12e8b_6086,11522.904895224343
00e12e8b_6087,11522.96670417184
00e12e8b_6088,11523.00648593461
00e12e8b_6089,11523.025281276523
00e12e8b_6090,11523.02363480618
00e12e8b_6091,11523.002589081883
00e12e8b_6092,11522.962690464168
00e12e8b_6093,11522.904982362586
00e12e8b_6094,11522.830009624424
00e12e8b_6095,11522.73881757147
00e12e8b_6096,11522.631692771078
00e12e8b_6097,11522.509901624868
00e12e8b_6098,11522.373997733297
00e12e8b_6099,11522.225020866214
00e12e8b_6100,11522.06352730926
00e12e8b_6101,11521.890560151493
00e12e8b_6102,11521.706675459649
00e12e8b_6103,11521.512918118426
00e12e8b_6104,11521.309842573824
00e12e8b_6105,11521.098496639204
00e12e8b_6106,11520.87939867898
00e12e8b_6107,11520.653329250112
00e12e8b_6108,11520.421339679806
00e12e8b_6109,11520.183983393412
00e12e8b_6110,11519.942315569504
00e12e8b_6111,11519.697119192602
00e12e8b_6112,11519.448956439348
00e12e8b_6113,11519.19860979741
00e12e8b_6114,11518.946870062475
00e12e8b_6115,11518.694788846631
00e12e8b_6116,11518.443153075044
00e12e8b_6117,11518.19252652122
00e12e8b_6118,11517.943698403216
00e12e8b_6119,11517.697685989193
00e12e8b_6120,11517.455049996996
00e12e8b_6121,11517.21685163882
00e12e8b_6122,11516.983613861754
00e12e8b_6123,11516.75612867205
00e12e8b_6124,11516.535454715016
00e12e8b_6125,11516.186556333047
00e12e8b_6126,11515.869206694653
00e12e8b_6127,11515.58341163895
00e12e8b_6128,11515.32943627746
00e12e8b_6129,11515.107015088037
00e12e8b_6130,11514.916151116684
00e12e8b_6131,11514.75711303123
00e12e8b_6132,11514.629636619457
00e12e8b_6133,11514.533952663169
00e12e8b_6134,11514.469841228856
00e12e8b_6135,11514.437302627093
00e12e8b_6136,11514.43657184037
00e12e8b_6137,11514.467653208558
00e12e8b_6138,11514.530060684212
00e12e8b_6139,11514.624293206629
00e12e8b_6140,11514.750356321012
00e12e8b_6141,11515.00307685848
00e12e8b_6142,11515.268780531413
00e12e8b_6143,11515.548185284046
00e12e8b_6144,11515.754481614855
00e12e8b_6145,11515.993974664902
00e12e8b_6146,11516.10685667547
00e12e8b_6147,11516.308701971331
00e12e8b_6148,11516.501619218725
00e12e8b_6149,11516.68594432933
00e12e8b_6150,11516.86358869275
00e12e8b_6151,11517.032419031593
00e12e8b_6152,11517.192249268559
00e12e8b_6153,11517.275142923187
00e12e8b_6154,11517.363312652113
00e12e8b_6155,11517.456211517108
00e12e8b_6156,11517.552793094068
00e12e8b_6157,11517.652505558213
00e12e8b_6158,11517.754307484553
00e12e8b_6159,11517.857422227995
00e12e8b_6160,11517.96107312616
00e12e8b_6161,11518.064709301221
00e12e8b_6162,11518.167293887716
00e12e8b_6163,11518.268273222684
00e12e8b_6164,11518.366612041584
00e12e8b_6165,11518.461759148771
00e12e8b_6166,11518.552677783742
00e12e8b_6167,11518.638555695192
00e12e8b_6168,11518.795876113578
00e12e8b_6169,11518.930855761182
00e12e8b_6170,11519.043820976955
00e12e8b_6171,11519.134589378402
00e12e8b_6172,11519.203195829594
00e12e8b_6173,11519.249922176956
00e12e8b_6174,11519.27454986821
00e12e8b_6175,11519.277331776964
00e12e8b_6176,11519.258021949972
00e12e8b_6177,11519.216583150142
00e12e8b_6178,11519.15549574567
00e12e8b_6179,11519.071817078911
00e12e8b_6180,11518.965478651557
00e12e8b_6181,11518.836670560824
00e12e8b_6182,11518.639887564826
00e12e8b_6183,11518.430437678504
00e12e8b_6184,11518.207781517965
00e12e8b_6185,11517.971119074049
00e12e8b_6186,11517.879422997465
00e12e8b_6187,11517.796858508771
00e12e8b_6188,11517.723678907234
00e12e8b_6189,11517.65965421742
00e12e8b_6190,11517.604778219427
00e12e8b_6191,11517.559309653872
00e12e8b_6192,11517.52301797309
00e12e8b_6193,11517.495897477465
00e12e8b_6194,11517.478169622244
00e12e8b_6195,11517.469830171385
00e12e8b_6196,11517.606480620496
00e12e8b_6197,11517.728867350901
00e12e8b_6198,11517.837782227503
00e12e8b_6199,11517.934281298127
00e12e8b_6200,11518.019160837732
00e12e8b_6201,11518.092944913375
00e12e8b_6202,11518.044397749753
00e12e8b_6203,11517.835874835773
00e12e8b_6204,11517.627539447134
00e12e8b_6205,11517.522727098107
00e12e8b_6206,11517.430999959417
00e12e8b_6207,11517.352361575318
00e12e8b_6208,11517.192162879925
00e12e8b_6209,11517.033059972113
00e12e8b_6210,11516.875038876857
00e12e8b_6211,11516.715863722982
00e12e8b_6212,11516.557352594335
00e12e8b_6213,11516.399519159277
00e12e8b_6214,11516.323010383556
00e12e8b_6215,11516.256904730215
00e12e8b_6216,11516.201205385029
00e12e8b_6217,11516.156152334861
00e12e8b_6218,11516.121486449449
00e12e8b_6219,11516.178798410197
00e12e8b_6220,11516.230277832057
00e12e8b_6221,11516.27660966876
00e12e8b_6222,11516.24487627708
00e12e8b_6223,11516.224931658222
00e12e8b_6224,11516.217018940688
00e12e8b_6225,11516.220882943551
00e12e8b_6226,11516.236766573786
00e12e8b_6227,11516.26442252827
00e12e8b_6228,11516.30408817743
00e12e8b_6229,11516.264757916391
00e12e8b_6230,11516.361953860904
00e12e8b_6231,11516.43617828493
00e12e8b_6232,11516.48848224529
00e12e8b_6233,11516.399036260485
00e12e8b_6234,11516.307418550861
00e12e8b_6235,11516.216660396527
00e12e8b_6236,11516.250209743372
00e12e8b_6237,11516.263926685826
00e12e8b_6238,11516.258687537635
00e12e8b_6239,11516.232490015416
00e12e8b_6240,11516.188756781092
00e12e8b_6241,11516.128170709491
00e12e8b_6242,11516.051920383823
00e12e8b_6243,11516.014181581393
00e12e8b_6244,11515.967890657425
00e12e8b_6245,11515.914098575895
00e12e8b_6246,11515.853319948556
00e12e8b_6247,11515.65073525659
00e12e8b_6248,11515.466151237533
00e12e8b_6249,11515.299828611805
00e12e8b_6250,11515.151760478464
00e12e8b_6251,11515.02193907859
00e12e8b_6252,11514.910135712853
00e12e8b_6253,11514.95244224907
00e12e8b_6254,11514.989603960295
00e12e8b_6255,11515.022147169575
00e12e8b_6256,11515.050860693858
00e12e8b_6257,11514.916762692405
00e12e8b_6258,11514.755682940406
00e12e8b_6259,11514.43179039749
00e12e8b_6260,11514.104337060375
00e12e8b_6261,11513.908094945677
00e12e8b_6262,11513.683253964928
00e12e8b_6263,11513.429588619107
00e12e8b_6264,11513.307416696378
00e12e8b_6265,11513.18143790311
00e12e8b_6266,11513.051954005643
00e12e8b_6267,11512.918131842984
00e12e8b_6268,11512.78119851284
00e12e8b_6269,11512.642100129386
00e12e8b_6270,11512.512929327351
00e12e8b_6271,11512.384848983442
00e12e8b_6272,11512.258401708505
00e12e8b_6273,11512.134620498946
00e12e8b_6274,11512.014311122428
00e12e8b_6275,11511.898017626927
00e12e8b_6276,11511.786774184142
00e12e8b_6277,11511.68139377024
00e12e8b_6278,11511.582417504658
00e12e8b_6279,11511.490887383798
00e12e8b_6280,11511.311491567969
00e12e8b_6281,11510.993190702482
00e12e8b_6282,11510.696023446926
00e12e8b_6283,11510.506968350595
00e12e8b_6284,11510.349795706723
00e12e8b_6285,11510.224263684262
00e12e8b_6286,11510.266678810103
00e12e8b_6287,11510.317284259185
00e12e8b_6288,11510.37712365787
00e12e8b_6289,11510.310921532498
00e12e8b_6290,11510.27897499565
00e12e8b_6291,11510.121002416734
00e12e8b_6292,11509.972295058122
00e12e8b_6293,11509.832050587105
00e12e8b_6294,11509.841330165607
00e12e8b_6295,11509.882548096492
00e12e8b_6296,11509.953214538556
00e12e8b_6297,11509.908030349
00e12e8b_6298,11509.869258077753
00e12e8b_6299,11509.836322287481
00e12e8b_6300,11509.80842578651
00e12e8b_6301,11509.784541364685
00e12e8b_6302,11509.764136883505
00e12e8b_6303,11509.746190781641
00e12e8b_6304,11509.729907908355
00e12e8b_6305,11509.714984457862
00e12e8b_6306,11509.70013220633
00e12e8b_6307,11509.684556910437
00e12e8b_6308,11509.827508492808
00e12e8b_6309,11509.993422787124
00e12e8b_6310,11510.182074866161
00e12e8b_6311,11510.393691086865
00e12e8b_6312,11510.62800786938
00e12e8b_6313,11510.885292987101
00e12e8b_6314,11511.005279995285
00e12e8b_6315,11511.123009689147
00e12e8b_6316,11511.237691416096
00e12e8b_6317,11511.375201736504
00e12e8b_6318,11511.477401282025
00e12e8b_6319,11511.574338752109
00e12e8b_6320,11511.825271616966
00e12e8b_6321,11512.094374938413
00e12e8b_6322,11512.221837716123
00e12e8b_6323,11512.342436024826
00e12e8b_6324,11512.455652941358
00e12e8b_6325,11512.560475125361
00e12e8b_6326,11512.656117141642
00e12e8b_6327,11512.800495884392
00e12e8b_6328,11512.92490585195
00e12e8b_6329,11513.031842510682
00e12e8b_6330,11513.121360655086
00e12e8b_6331,11513.180960753938
00e12e8b_6332,11513.218399403211
00e12e8b_6333,11513.233250700096
00e12e8b_6334,11513.22526851723
00e12e8b_6335,11513.19381305463
00e12e8b_6336,11513.13845417644
00e12e8b_6337,11513.058763059404
00e12e8b_6338,11512.95430898991
00e12e8b_6339,11512.82484189682
00e12e8b_6340,11512.66971251014
00e12e8b_6341,11512.488490820486
00e12e8b_6342,11512.4407847289
00e12e8b_6343,11512.391120167667
00e12e8b_6344,11512.339851908788
00e12e8b_6345,11512.287519081612
00e12e8b_6346,11512.234262213611
00e12e8b_6347,11512.020123775546
00e12e8b_6348,11511.780717897103
00e12e8b_6349,11511.51560057042
00e12e8b_6350,11511.384553011832
00e12e8b_6351,11511.251879685049
00e12e8b_6352,11511.117926016173
00e12e8b_6353,11510.983037479495
00e12e8b_6354,11510.828477173505
00e12e8b_6355,11510.673742456034
00e12e8b_6356,11510.519349426197
00e12e8b_6357,11510.365814183295
00e12e8b_6358,11510.213652826642
00e12e8b_6359,11510.063381455542
00e12e8b_6360,11509.915516169305
00e12e8b_6361,11509.770573067239
00e12e8b_6362,11509.629068248652
00e12e8b_6363,11509.491517812852
00e12e8b_6364,11509.358437859148
00e12e8b_6365,11509.230344486847
00e12e8b_6366,11509.107753795257
00e12e8b_6367,11508.991181883686
00e12e8b_6368,11508.881144851444
00e12e8b_6369,11508.778158797837
00e12e8b_6370,11508.682739822174
00e12e8b_6371,11508.595404023763
00e12e8b_6372,11508.516667501912
00e12e8b_6373,11508.447046355928
00e12e8b_6374,11508.387056685122
00e12e8b_6375,11508.3372145888
00e12e8b_6376,11508.29803616627
00e12e8b_6377,11508.27003751684
00e12e8b_6378,11508.253734739821
00e12e8b_6379,11508.249643934518
00e12e8b_6380,11508.258281200238
00e12e8b_6381,11508.280162636293
00e12e8b_6382,11508.315804341988
00e12e8b_6383,11508.365722416633
