well,rep_x,rep_y,n,rmse_A,rmse_A_gr,rmse_B,rmse_B_gr,rmse_best,nn_dist
01982c1d,2995564.25,1124173.73,3941,114.49531641009038,114.80559224054699,111.73446147175582,112.08648941979193,114.80559224054699,734.0786602265507
05a0ee4d,2993628.5549999997,1102850.0350000001,4348,238.0521214031846,238.3030024099148,245.4762608202558,245.73077062750892,238.3030024099148,642.3666714968366
084d66f9,2931101.7249999996,1055022.695,3885,86.41943641737255,85.11322065727528,89.17532434330694,87.78099275036742,85.11322065727528,891.3521329979527
08fecf00,3021903.02,1116172.1,5574,151.14004213190526,150.34661869735385,280.089675841489,279.69528743139995,150.34661869735385,266.51893835153606
09053135,2990964.06,1086203.87,5907,168.31482678573275,167.9021431483768,190.97135258792437,190.5812813245222,167.9021431483768,837.6782394808779
0be01c24,3006837.02,1114061.9,4738,169.49834236355065,168.95764040107008,163.73519641788627,163.25003916220857,168.95764040107008,179.15810064029208
0dd99dc5,3006879.01,1077631.455,7342,272.3905048944589,272.42745385668957,342.303176011871,342.3125843494207,272.42745385668957,324.83128490001616
10be2420,2953562.46,1085603.76,3271,145.61268691891718,145.64508887912092,172.2815298153342,172.46553047507368,145.64508887912092,803.6766584268345
122bd617,2957631.88,1088295.87,4570,148.43708979567919,148.44530281048526,207.6866790637355,208.05773522771298,148.44530281048526,598.8668040973834
13f598d9,3006565.785,1077545.4,7306,256.765839271521,256.8526077314247,330.93001516147194,330.8881324130454,256.8526077314247,324.83128490001616
153552f5,3002157.84,1092298.1099999999,4695,223.29538357687477,223.40781454631704,307.91425344059326,307.4279115853097,223.40781454631704,377.012622865314
1619e2ca,2995445.915,1094442.9249999998,4443,159.71436376738325,159.3578184358941,145.95621929983096,145.50234128131387,159.3578184358941,1827.8060958222813
18d24f7b,2905271.26,1039285.355,4558,120.33289052022295,120.40560851346407,111.44569791461349,111.68798526675293,120.40560851346407,386.97426355004376
1a730ac2,2990359.83,1092571.32,4605,131.2692067625188,130.57585996119147,156.72399445040156,156.1592195134279,130.57585996119147,339.7698212025222
1b6ba517,2923957.59,1020144.68,6597,157.85822058533816,157.91505729255215,205.77896528275096,205.80299191052364,157.91505729255215,754.1506413177741
1d3fbf02,2965365.63,1063473.09,2694,51.36736377460746,51.40910135416421,69.88086431851657,69.24506151806001,51.40910135416421,928.1072118164037
1d78281a,2949017.5149999997,1012561.365,4949,87.62299851300575,88.83727299602882,63.89576420099792,64.94145253634015,88.83727299602882,322.4882384284905
1fee2b62,2996935.33,1072824.62,4641,244.20781515174275,244.23678145297737,392.5567647911533,392.5451208391122,244.23678145297737,2003.1095198468615
2043abc5,2982621.44,1107189.23,6958,210.52442563200702,210.6229527598557,238.0342465047789,237.9724918857815,210.6229527598557,1058.6123038795247
2075c696,2901166.175,1038802.085,3188,85.27138429953693,84.60933892978478,68.35774743590996,68.19900422518603,84.60933892978478,3922.347888223512
24d8997e,2917383.835,1047745.995,3442,75.47835949647117,75.42505156330034,74.54882756226573,74.48224650759414,75.42505156330034,362.5212085520064
261785ee,2988234.865,1091003.83,3646,128.20184465577262,128.2666593237099,133.46733847835554,133.67877459755837,128.2666593237099,656.1652334015323
264feceb,2901744.9699999997,1028878.83,5665,198.68097393232367,198.6275175669479,230.91730493151144,231.15289437733483,198.6275175669479,338.1191024256856
276b012a,3010481.39,1071661.86,4837,121.5179815776224,122.44497985037815,67.33040811172962,67.17129335115796,122.44497985037815,760.0141636837027
2ab29395,2999635.74,1088131.43,1852,64.18194581326054,64.83331949133179,112.05910516385234,111.02615601758544,64.83331949133179,395.07596484717374
2b547943,3000531.68,1088016.19,3480,80.35286539176249,79.9624781331436,162.4642705470575,160.9346666123898,79.9624781331436,640.8181595430478
2d9f6cb9,3008474.4,1078575.91,7338,222.10900107519763,221.57244148684117,288.39266735753847,288.10476558607314,221.57244148684117,282.91182177531476
2ee0235b,2901566.17,1028562.565,5556,197.74677992333477,197.88924027681708,236.42424076821067,236.65749050208717,197.88924027681708,363.3083954781973
2fa01aa6,3022945.67,1087008.9700000002,2174,62.444515261700225,62.36092551741749,60.94022090594001,60.824533668488,62.36092551741749,1200.9694592289277
310c71a5,2905291.685,1034435.53,5245,150.45109978340895,150.31231186020048,140.97399264274404,140.84494036482275,150.31231186020048,410.4332611400324
347242c8,3014944.71,1117525.46,3595,164.61834463191272,164.10890393531463,392.9782609030752,392.9782609030752,164.10890393531463,1441.042550551342
35b3ef6a,2936887.155,1071262.62,3904,128.49244777950219,128.74007194657617,109.15447187999283,109.3277294472337,128.74007194657617,1064.837119997882
37344c2a,2919935.71,1042935.6,5197,103.17712783874504,102.62879568617502,90.79520299972074,90.06729381732347,102.62879568617502,364.7112899266286
39b51819,2920697.285,1050890.5099999998,4231,131.59250913873103,131.6141445372886,152.61512172045843,152.50031794098877,131.6141445372886,771.3308287628147
3a86fe8d,2989669.225,1098654.8050000002,5118,96.4480880833942,95.83626069719585,70.25937617312368,70.39946244357598,95.83626069719585,338.372774096963
3bfee975,3001179.95,1088266.6749999998,3603,89.49605455786751,90.0440213785003,167.08942972051426,165.51873516353058,90.0440213785003,587.5102259747571
3e678ea7,3017743.63,1091525.12,6858,150.9932657255503,150.45656295929984,182.09865934778392,181.6219328826721,150.45656295929984,381.57659290139514
404c4384,2955949.6550000003,1086071.365,911,60.57054894259604,60.86308252299023,73.47141510446502,73.8944287992722,60.86308252299023,1789.7124722284934
42c538a1,2909040.66,1022242.125,3279,23.16861115656322,23.91716369806734,15.291333804253554,15.768564096509108,23.91716369806734,4450.9159554917605
445af6c2,2909549.485,1035260.88,6041,217.56826643834543,217.26276751384913,231.33819432819328,231.0291406536995,217.26276751384913,345.7769462023402
460f859e,2914396.26,1040462.91,3336,88.59331399399844,87.56911321656705,102.6397616954416,101.50063061909972,87.56911321656705,507.01383846995077
4630ab92,3013723.53,1102287.3,3373,65.23216388398124,65.35649290513967,123.93635210683509,123.12573668898823,65.35649290513967,198.33487363557546
46a7190b,3025382.27,1097658.3450000002,4215,53.008656693101734,53.91969918037324,104.10763336954247,102.93380018715493,53.91969918037324,190.22362530723345
4936af16,2990976.09,1117758.16,3991,150.6451429681058,150.01605376773043,192.2056213164464,191.65763947195083,150.01605376773043,371.5357916812769
4a8ecc0b,3005340.75,1100605.22,5809,96.7406654358798,96.36650992457741,97.63798543554836,97.24748514245266,96.36650992457741,898.2266833180431
4e050c92,3012353.4450000003,1107769.82,3705,101.46012816450094,99.4501093992092,154.4385596088547,153.48725891749817,99.4501093992092,347.64540270987516
4f69febf,2886699.38,1027129.82,5460,118.65901835699005,118.62961724321107,117.50326464338278,117.48585093042787,118.62961724321107,506.6858040246202
521a7819,2905655.965,1039902.38,5200,129.80663576708844,130.06910158390474,118.72043150930892,118.99373977689666,130.06910158390474,356.45927060459496
53134831,3025721.25,1118728.12,5126,103.32788427008208,101.68676646716075,251.6172663210606,251.29190084879744,101.68676646716075,343.0650353798433
54a7e3c2,2970092.19,1098323.3,6155,112.94560590649563,112.1351174816464,49.09796681921982,49.6503543980643,112.1351174816464,415.90790089280404
5693dde2,3020858.645,1112274.915,3488,139.01365089077882,138.42519599343527,186.91517148111518,186.4116256040046,138.42519599343527,1683.0237309081108
58fa8486,2920712.6799999997,1015918.965,4475,112.36816717661259,112.20204163922192,127.9675634344644,127.89984770390855,112.20204163922192,523.927958430367
59f8b2e8,2901764.215,1010784.2949999999,3747,181.41490471097424,181.02742279678557,261.21807104326854,260.88568271741383,181.02742279678557,794.46261400399
5aa03df7,2978805.5599999996,1089114.63,4871,103.34251059747237,102.5926517585891,141.02447978989335,139.61299168161221,102.5926517585891,1198.9981383841316
5beded95,2984093.96,1101234.37,3057,76.35349469900054,76.90732630348519,69.88789473871695,70.35972844052445,76.90732630348519,2534.030165315038
5def1ce5,2908622.54,1034308.52,6443,185.32777627070212,184.93585351901328,187.94488612055116,187.54181676669256,184.93585351901328,341.7300386634335
5f75f796,3016605.8099999996,1084256.5899999999,5562,223.4648348971001,223.5607213407496,268.9686491271343,269.15978096806094,223.5607213407496,717.731892701024
62a6f539,2917078.96,1047549.85,3693,81.1989720058507,81.17010906340356,78.52963266272077,78.50240170056719,81.17010906340356,362.5212085520064
653612bc,3025048.705,1118506.19,4605,86.07725483631131,85.78467725267996,203.88000925188078,202.75284657694317,85.78467725267996,374.0200023057438
67847288,3007179.245,1077824.905,7429,260.9842383568787,260.9704915190634,333.04960632064456,333.0722014406848,260.9704915190634,357.16096892743377
69c1bdad,2979257.13,1098321.91,2714,73.15767951668326,72.70571553814358,79.22127511921393,78.72703615903157,72.70571553814358,501.35198214434985
6dbe4b60,3004980.82,1114254.71,4648,195.43919253304557,195.14232325065086,188.71272540024478,188.44737808433325,195.14232325065086,371.7725896294552
708caea9,3005960.915,1137374.815,6548,290.53308033524115,290.4898800201679,284.1424697466746,284.10765017799383,290.4898800201679,372.621230910134
7224331b,2982066.335,1055773.915,6063,259.71749553541594,259.860125225166,274.9539015439624,274.8681954528876,259.860125225166,1060.7817983212462
727a3a10,3035218.41,1098462.42,4397,39.943192648793676,39.80173536107851,56.69179714534361,56.75860935600428,39.80173536107851,583.7928070170565
72dd8501,3007087.3,1101371.34,5193,84.01778289959975,83.83248278971564,72.07875736294021,72.21186755724341,83.83248278971564,401.09088337359907
739a914f,3008921.99,1114377.51,5505,196.444092073748,195.91873465620785,168.93024985581422,168.431363583369,195.91873465620785,979.5700028201799
76201745,2999535.325,1125145.88,4448,188.56885524359222,187.9425987169564,221.23755113616144,220.65445186864793,187.9425987169564,34.622539262379526
78a4a386,2981301.7350000003,1105761.6099999999,5119,123.52006392377315,122.48812018856759,126.16317396730417,125.15243036405685,122.48812018856759,263.6929341585905
7a5660b0,3019304.35,1089919.71,4998,107.60473261411036,107.77526984117677,137.629959094394,137.88873008312646,107.77526984117677,520.0023496580749
7c607683,2906653.81,1040907.55,5328,115.70834189595116,116.04263348223576,104.3565622776636,104.66775468473749,116.04263348223576,380.1410864401411
7cd4bb31,2905769.77,1027866.35,6439,192.3181239254903,191.99323269840346,194.32362476272988,193.99135615101508,191.99323269840346,740.1320021622857
807f0298,3006248.12,1138894.02,3747,192.94729684696128,193.33767446896792,199.968959934305,200.19908009358141,193.33767446896792,695.0378263807008
82aab6d2,2980842.3,1055532.7,6140,265.39817745654625,265.48452691682104,292.71811461760353,292.47186348584654,265.48452691682104,199.57325597367398
8478df29,2992027.33,1124270.355,4857,166.04413868756362,166.43611499680858,142.93367539819482,143.20590711880575,166.43611499680858,275.8761146331808
861e71df,3007110.335,1114129.05,4700,165.66783867724396,165.01293556612782,160.8286153712469,160.2040626839232,165.01293556612782,281.4430878969818
8648abae,3015677.335,1107575.69,4244,134.0207739348324,132.45702733153962,185.0375612026006,184.4082975565663,132.45702733153962,577.2446647004974
884ecb5f,2909074.555,1034788.31,6724,189.97509426098486,189.59952066212153,198.37048141821325,197.98440243531792,189.59952066212153,335.10675134967175
89f1085d,3001501.73,1066101.98,5994,206.17213332639713,206.2812057179645,81.87019116282333,81.89233213685196,206.2812057179645,1464.7957512227192
8a9c8932,2900092.435,1028133.7949999999,4663,164.86858866552708,164.61892253293666,233.28964287005994,232.92852173566365,164.61892253293666,682.2180902027277
8b9d8326,3001594.8049999997,1075458.165,6163,215.62025002722334,215.54918054027956,428.8301157806966,428.7576459564061,215.54918054027956,1372.012744883955
8d5d46d7,2905412.6100000003,1034827.745,5755,154.30873192441396,154.26506539771313,146.65577245370184,146.62158401898213,154.26506539771313,410.4332611400324
91b301ce,2919695.835,1056334.795,6570,264.35846802438283,264.35054522597704,280.3883159296367,280.18196991090645,264.35054522597704,1941.4915810789796
9298ad5b,2976650.6,1094638.92,3964,134.88932816452188,134.85595434329403,196.09032519434365,196.44574589338123,134.85595434329403,848.2405281668451
9314ff13,2911312.9850000003,1018414.96,2748,153.37054198496742,153.3893113263004,209.3451912430537,209.12976815811464,153.3893113263004,472.6513637188238
940e709a,2925754.79,1061528.41,3348,200.5220037398288,200.4026708922934,245.02473227129235,244.77171088608827,200.4026708922934,336.1421711120269
95c8427f,2912687.06,1040916.1,6335,102.11899418765549,102.55336420605703,183.6849097389871,183.6751455463787,102.55336420605703,553.8129127466439
97cd5bf9,2956180.71,1087846.1,3449,119.6264344279533,120.1093182925956,161.67320463260688,161.87844489407826,120.1093182925956,1519.272003888639
992ce078,2910637.29,1017775.68,2879,166.50527516802515,166.53266068155213,227.14357265503384,227.12550549812497,166.53266068155213,458.970938186585
9a8ae0d6,3008962.57,1101454.61,6294,97.08284473554794,97.03072260686211,133.26123569307194,133.4305009683276,97.03072260686211,433.8879364826652
9af1ffd0,2951389.66,1083540.345,3525,125.73182890060878,125.81063939667281,148.60737479212005,148.74613708652805,125.81063939667281,1786.9169768766992
9c211c53,2868516.2350000003,1048867.915,7265,130.53601728650352,130.81010748858154,70.72641959540934,70.07768578708264,130.81010748858154,1166.8049878404627
9d4272e3,2999099.03,1071635.39,4030,212.64561338483125,212.4654854553799,284.61169220284677,284.6062015526778,212.4654854553799,2321.3053504064665
9df1b1f9,3014763.565,1107351.97,4701,175.53366838199187,175.1738021344906,173.32594501565134,172.96304186220746,175.1738021344906,940.758338416419
9ffce529,2924415.54,1021158.38,5212,124.16149423697588,124.4727323218046,162.22172900884487,162.03691648744638,124.4727323218046,462.6078007341645
a0e92ed6,3011040.385,1118541.27,4897,386.40356823662944,386.2984747574142,486.16833982551253,486.0926369704654,386.2984747574142,222.7161644899656
a4f989c2,2973882.75,1093843.875,5385,175.89565903318118,175.43173345030866,220.5559587607245,220.1401397620124,175.43173345030866,394.9814195945442
a645da9a,3017870.9,1111795.475,5153,201.61032237068596,201.26278521490002,307.2301576739718,307.0183314236353,201.26278521490002,870.0687316096454
a76db406,2946535.68,1067231.46,4672,128.40973581510892,127.86979470290953,165.33036737080258,164.83526646229052,127.86979470290953,586.1321258896592
a85bb86f,2918284.8200000003,1048455.705,3099,78.71378624847661,79.21795112408539,81.90309016222665,82.37217881318118,79.21795112408539,1146.9360288723828
aaeffccb,3007784.2,1089840.235,2712,59.49114835338576,60.63334295236595,54.48441995828271,55.7059263307839,60.63334295236595,940.1571506004357
ab94878e,2937828.115,1061415.515,6004,266.5571260741966,266.9480464129569,270.01405820816274,270.31893631940846,266.9480464129569,323.57572166362274
ae069086,2935996.8,1058983.13,4770,196.82166791361985,196.63997412335434,194.9396942002369,194.73257502064558,196.63997412335434,454.1820027256744
aee6393a,2920588.635,1043835.0549999999,5865,121.02069791133593,120.21150616162275,101.80964937618688,101.19042239531605,120.21150616162275,390.57739578697124
b0d42b0d,2983430.86,1108609.84,4971,162.1124017423431,161.88984483631117,199.84325449409306,199.76401993168435,161.88984483631117,1163.9083671512121
b0f53bf4,2998576.15,1091642.73,2755,176.01399110240044,176.59237071182318,314.26702122283086,313.59384193428417,176.59237071182318,907.9023144038306
b38e3116,3006593.8,1100657.46,6211,82.82317098104427,82.78181707155413,106.15361821561068,105.68520477255524,82.78181707155413,227.9966155993305
b881d27e,2906108.455,1026422.8,4009,143.26954398957193,142.64868850865201,164.31017455945462,163.60312787363844,142.64868850865201,388.96505241478235
bb2cdd83,2905078.5,1038521.86,3825,105.48086673739684,105.44246860142269,100.24620791419296,100.12713964559751,105.44246860142269,388.5038692214019
bb337fa0,2988753.18,1104721.17,6873,248.63305399590823,248.9881676966667,399.663477312753,399.3531877081003,248.9881676966667,457.47869428513894
bb682ebd,3007627.03,1131058.57,4139,133.88427465468675,133.71476725215797,187.53986403975,187.1986029442072,133.71476725215797,186.8304825231621
bd8f847e,2946177.82,1012303.46,4961,121.08362585000025,120.30061935003047,107.05076720850958,106.8458001588034,120.30061935003047,631.1300976818245
bf39bc20,2914007.26,1040137.73,3303,99.96979177278378,99.0925284781659,117.4290347497205,116.5167709185752,99.0925284781659,507.01383846995077
c03fba65,2960569.6,1092433.24,3699,96.26799116622992,96.39024428015229,129.62946954220968,129.63667351019998,96.39024428015229,4265.365579774408
c2c4db09,2996807.33,1111860.36,6039,314.680730718583,314.53097607052644,409.5382974437278,409.38230084781554,314.53097607052644,489.92642896675494
c42fe306,2897793.26,1026980.06,5095,175.0797937684546,175.22342308592363,259.61271007176515,259.51510060820783,175.22342308592363,357.9012999416108
c50b42f6,2891855.085,1023637.3300000001,6014,106.08576842973802,105.07061222771856,134.797356803152,133.83798040053182,105.07061222771856,447.17324676794925
c6b782a4,2934193.42,1057441.76,4877,173.90961099465866,173.8653787681277,171.7660571488006,171.7084228937689,173.8653787681277,348.8325043628758
c908edd0,3008274.39,1119570.3,5293,180.6776899849302,180.72168720616293,336.00627876183796,335.562886811415,180.72168720616293,494.45907029808984
c9e980e8,3007974.785,1114127.79,4359,180.28270634763047,179.67856139363968,178.1406188122798,177.55091741456977,179.67856139363968,864.450918271432
cc08aa63,2911699.375,1042960.225,3274,69.1051694489488,69.51755789850328,65.10805235297435,65.55542942942449,69.51755789850328,531.4404247421246
cdc31d65,3009316.345,1089408.02,4840,141.17903723045103,140.89425348714155,153.4971591371424,153.01663197059824,140.89425348714155,309.0927278742705
d00e7eb9,2892126.3,1032079.16,5704,87.9377217498326,87.80008296216677,65.38190762758099,64.71226515403643,87.80008296216677,2824.800338439794
d0a43760,2943241.05,1058046.715,4041,68.11293029248388,68.14242601624014,117.78659373258418,116.36951861824852,68.14242601624014,1121.635050997093
d1ecf309,3004977.125,1125936.125,6168,232.76158721684612,232.87984122510332,308.86970561505956,308.66307436009015,232.87984122510332,457.2266075209025
d217e0c5,2993406.05,1093501.48,3838,155.0386635099574,154.57217129375343,164.54492613672008,164.06511081204502,154.57217129375343,419.93265713100294
d41beaf2,2933622.955,1057024.4100000001,4753,161.60694521053003,161.35028805270898,160.10543835278017,159.8785473184676,161.35028805270898,327.2115200451134
d5df0ff5,3016680.145,1116960.9,4032,230.64027852309894,230.19881234145288,281.7169787027765,281.40539484465046,230.19881234145288,1824.9555153003748
d7ba4f9d,3007367.76,1069839.0,6023,169.21532350836668,168.52384398265988,109.21669115016797,107.14533001792205,168.52384398265988,229.2238523803577
d9ae59b2,3011915.515,1121705.92,3648,308.46129429905926,308.3536910400473,350.85304988550604,350.74118095323945,308.3536910400473,856.5283876936024
d9eca87b,2884748.385,1025059.99,6373,114.06914904064828,114.13564036515518,106.62476899340083,106.77349184831115,114.13564036515518,531.8990000461799
dc5fbe29,2924035.36,1020894.81,5203,115.91069786543706,115.00280261231546,136.11497294149873,135.20067303932512,115.00280261231546,462.6078007341645
dd6bc5b2,2975802.74,1094613.5150000001,3602,143.9350237149807,143.3257987548059,193.27693194032253,192.73439713606115,143.3257987548059,848.2405281668451
df8290be,2908696.36,1041247.91,3972,78.89830894289972,79.29135200281911,75.54089705732136,75.98705016551592,79.29135200281911,425.56676667707677
e14d641e,2909486.26,1041431.1799999999,3184,64.00724136891304,64.60696894138172,62.83577053840018,63.44997858349581,64.60696894138172,350.66873549004225
e32da4ec,3011232.64,1118428.84,4689,377.56015548142113,377.2774750917003,457.7285210771976,457.45190211094064,377.2774750917003,222.7161644899656
e5864244,3022327.4,1085540.42,4469,109.56534463699802,108.89412163474944,109.26317424422523,108.58803469191018,108.89412163474944,241.57324458626212
e85074c5,2920302.535,1043569.165,5675,123.37721319395149,122.46225460944056,103.45892786846774,102.55728382143913,122.46225460944056,387.39056758037367
ea41324e,3003828.03,1114040.7,5025,192.88577887833438,192.66518239456528,205.10005998825568,204.8644154090008,192.66518239456528,399.51505256379903
eabc711b,2999138.7350000003,1098195.4049999998,5348,53.509715603941544,53.08145580919609,91.13727068182227,90.77806354734341,53.08145580919609,572.4722926261943
eac10e86,2891713.18,1023213.27,6067,100.96742095191465,100.09143774873634,126.63786714000732,125.73136641138348,100.09143774873634,447.17324676794925
ebe69318,2902346.23,1024301.335,4976,99.22574343503989,98.64768571553017,134.12747976360072,133.14535810917602,98.64768571553017,381.64959730754936
ed6436d6,3001128.75,1087681.4,2945,115.88131526695551,116.30153831274008,109.53569805217553,109.93800840984824,116.30153831274008,587.5102259747571
ee4aecac,2973132.535,1063669.415,5265,112.22339162104949,111.20626281847338,100.40583736944362,99.4131197090783,111.20626281847338,168.71879541103556
efde6ac3,2995350.31,1119679.2,4559,261.95870049887515,261.78711571856445,312.0821902266702,311.90580699053794,261.78711571856445,815.2911037936192
f07d7037,2986729.13,1068134.64,5563,204.15247784947627,204.05791009780623,241.691764078639,241.84302742415528,204.05791009780623,213.70505866743633
f321a31c,3006759.83,1069729.01,5141,135.8321168906628,134.58668211129742,88.37809713587193,88.1387401231693,134.58668211129742,617.7998745545644
f56d3ace,3003253.43,1113993.13,5432,209.50006021479146,209.1917372041924,232.27732676788466,231.9351069124272,209.1917372041924,576.5657507167574
f6bc699b,2953351.26,1073492.33,3752,138.01717575344176,136.90642448310535,188.69038097627404,187.82630897993008,136.90642448310535,896.1506717623054
fa31da94,3015134.37,1112035.51,5027,259.0750495324539,258.8842933234712,429.6534105653498,429.5744114956125,258.8842933234712,541.855798091298
fb3848a1,2898588.24,1028270.99,5919,164.11305431580269,163.79784221859785,280.2478147783646,280.34874792346545,163.79784221859785,346.13951067442724
fc03f21f,3002897.425,1106308.42,4803,242.48077195950205,242.60204709990572,318.1465403333321,318.12952926764353,242.60204709990572,412.0151893137871
fc0d20b2,2932982.615,1068088.6,3954,142.71953927988267,143.01687411991634,191.33697945478826,191.57425917274225,143.01687411991634,1234.555510953345
fde20ecf,3023369.34,1118216.16,4667,110.43958980460943,109.1090632930769,243.19061407709077,242.83652257924857,109.1090632930769,351.69255394430996
ffefef30,2945418.62,1012393.49,4570,102.49353214272377,103.09705257435876,93.22050578364443,93.90112319589969,103.09705257435876,159.5335450621433
01869cd4,2973619.7350000003,1065930.6400000001,5557,135.4190792063639,134.6794222520474,186.2678857822557,185.92485151102161,134.6794222520474,1145.528925355262
03a935ae,3034615.295,1088685.08,2786,53.739277221123906,53.90372594558203,41.565286016860355,41.4728812601292,53.90372594558203,2241.8058182300283
059c8f24,2915385.6100000003,1064209.405,6258,194.95489400055638,194.79818702750867,159.9000934759666,159.66402739663152,194.79818702750867,8466.965828242264
0849b4e2,3021503.495,1116118.9,5537,152.31666404738988,151.78432752903396,320.46653869052125,320.1016908382324,151.78432752903396,256.22174990617333
09441b8d,2906287.47,1040806.05,5488,121.02289470565897,121.06831821345618,103.9246176722877,103.97732876437597,121.06831821345618,380.1410864401411
0bbf5e67,2899299.86,1034481.52,4298,120.98761972049152,120.44272805262158,86.66313852535549,86.1352494595766,120.44272805262158,757.4757064256888
0dc835f3,2994046.92,1124446.48,4428,118.11422903477518,118.12368855400064,89.41133188301266,89.54930758942288,118.12368855400064,362.2790562535885
10b89021,2983730.9850000003,1058671.4249999998,5414,139.11695146547714,139.1085352758359,231.94785709680522,232.29728796791943,139.1085352758359,297.2249693836631
12203f2a,3014399.29,1115938.94,3261,132.60314874800946,132.91703155815134,107.21581275857831,107.54005468514612,132.91703155815134,552.374681986899
137d1e44,3017276.78,1084001.76,4554,152.06310250997475,152.13135820809728,146.2463917437404,146.30359483857058,152.13135820809728,717.731892701024
13ce113d,2896407.91,1041906.48,2966,97.3722541144482,97.51982198510872,107.60595554324946,107.73387541578265,97.51982198510872,5681.404238940134
14fee784,2991165.62,1124333.4049999998,4910,119.82904123693277,119.48986569704846,61.35363331987641,60.90953522616526,119.48986569704846,607.0873295702087
15e154a1,2960179.34,1078451.55,6068,138.62889468985708,137.86254480812283,135.6116199617774,134.85180593258198,137.86254480812283,95.20253200440595
177622d7,3007523.14,1088937.05,3154,61.692489511419204,61.1085056529926,109.06735662605358,109.4924745141225,61.1085056529926,198.1104550498937
19871e7f,3000004.88,1074132.245,5293,279.7446329782286,279.81387350963183,395.60173156880876,395.54396361911944,279.81387350963183,352.5425208396774
1a68190b,2948714.785,1012450.22,4474,77.58523209650872,78.0986170043886,49.12661969163329,49.75888235400024,78.0986170043886,322.4882384284905
1b1eba53,3035418.2800000003,1096598.23,4655,22.366153958740043,23.033994241313238,17.41943350156429,18.50903829573608,23.033994241313238,1874.873961897129
1fdbba44,2948627.73,1017876.69,4911,223.99578655641088,223.8067465259184,256.2538025521059,255.89987622908356,223.8067465259184,305.67870272566745
203721ab,2901352.95,1022834.23,5730,84.9193727509053,84.20859577063138,103.39024712162153,102.7605225959919,84.20859577063138,696.9726900137938
204cc64b,3021918.88,1084584.885,4805,89.90830152844724,90.16042620849376,85.77222311485991,86.09663743307051,90.16042620849376,191.7144034759544
23b9beb0,2985557.9,1082159.22,7340,196.43086558236095,196.09330361852625,194.9182565776087,194.58399489431213,196.09330361852625,504.84839013808823
27300fd5,3014615.755,1083348.92,5467,229.47094570021758,229.78531963124752,251.47811703794028,251.8053541251788,229.78531963124752,178.48811059841483
28473855,2962728.435,1079295.685,4290,120.35224533760221,119.76572593266371,148.36673747046993,147.81523770054645,119.76572593266371,2648.933784006281
28f4eda9,2885977.145,1026992.05,5266,85.87083573355548,85.81182185046441,81.33801743860603,81.29848338105644,85.81182185046441,619.4008173228003
29b24409,2905474.85,1036940.13,5587,134.79324423433917,134.7005955504762,122.04461819123206,122.04419009005171,134.7005955504762,376.2098701523214
2b06ad65,3011751.075,1118034.89,4256,357.64186217646994,357.1897719668239,365.8647841151072,365.4450383840326,357.1897719668239,197.10111523060056
2cee0cba,2896257.89,1034333.95,5500,98.17194060745702,98.17194060745702,65.89848969782062,65.71224407374834,98.17194060745702,352.8077257160911
2d35f86d,3000418.365,1105167.605,4896,246.28871755923964,246.5144789771218,321.13300035975675,321.1783798553464,246.5144789771218,916.4619050732749
2e63d9de,3023707.53,1095305.63,4699,115.47849549092444,113.45086392126505,124.98631095206676,122.94543483904413,113.45086392126505,750.2236787286478
30d75030,2991872.91,1116103.71,3404,202.75405184560353,202.82026991116166,312.52299670046636,312.71537667614143,202.82026991116166,1234.887368183962
3417285d,2983486.065,1058503.03,5449,162.78640605504023,162.86824004618592,261.7397328812438,261.7818534837884,162.86824004618592,297.2249693836631
35b30c7f,2953268.06,1075888.2799999998,9579,279.67155655700833,279.43975589576655,428.63790464906776,428.5282164999402,279.43975589576655,1881.8392680035718
3690a146,2911307.51,1038556.95,4073,122.74277623838229,122.24835978671949,130.08598720819865,129.54598002162302,122.24835978671949,339.93352203040797
398dce4b,2952959.78,1085072.09,3166,122.18368331754536,122.3869997325957,157.2532101469574,157.46049437426507,122.3869997325957,407.0137941456287
3a824aa7,3011522.005,1095931.1749999998,4201,158.42051475244304,158.69368599861747,243.2472428460215,243.2785980971991,158.69368599861747,634.8297178376951
3b21ea64,3008952.66,1078511.81,7376,238.37108564321613,238.4189057742208,253.22157630442206,253.33587311140386,238.4189057742208,236.2557260680224
3bbe1f5d,2906210.4699999997,1028460.975,6918,155.73143328922447,155.23613393235667,147.0181070085906,146.53577933637243,155.23613393235667,740.1320021622857
3e011332,2985806.76,1086965.5899999999,2723,92.8498409903314,92.16800162044838,86.03988389936751,85.56155400752888,92.16800162044838,365.9282668778163
44441e54,3011782.38,1107953.9449999998,4357,85.1302649825062,85.42819439353607,111.03135441225349,110.73160803456277,85.42819439353607,217.08267969802014
46a301e9,2973988.375,1095837.42,8226,190.93486139288896,190.51852923403717,152.2153029880095,152.29247780804738,190.51852923403717,1367.6185495412437
47222616,3009746.97,1095094.03,4406,157.76465422308934,157.72491481443927,226.853142694434,227.2687328194273,157.72491481443927,406.25857781655554
47ee27ab,2981129.59,1105961.3599999999,6397,194.65914654061788,194.82837150484838,199.54134619889194,199.6612359940756,194.82837150484838,197.1165302552789
481de5fc,2922937.05,1018791.6699999999,5952,133.60734374914293,133.65966938890392,177.63583948149764,177.5117743262524,133.65966938890392,484.40006451303634
4a335117,2914551.47,1046837.3,5015,107.40115065360021,106.2607901448887,116.4132258610854,115.12245748383921,106.2607901448887,618.433491411946
4c3168cf,3011576.51,1118126.41,4334,382.8071411073632,382.67110978954287,401.96345707301606,401.5249711045584,382.67110978954287,182.35154235693557
4ddde4c1,3006916.88,1131767.68,4472,116.41176963631588,116.41956295925998,139.64238136656562,139.79633248994776,116.41956295925998,211.27884477609027
4f4afcc6,2907253.74,1028846.85,5645,157.328466207901,156.76876830635334,151.04521941041475,150.49969257662048,156.76876830635334,352.69354884949604
516088b7,2981714.17,1106643.775,6645,227.50699205253883,227.60243466537236,248.93786529151384,248.9477764923443,227.60243466537236,389.27572313845866
5305524b,2888402.1,1029468.57,4898,127.79830834482934,127.36451305050072,121.14728015625555,120.80050161265926,127.36451305050072,577.2134060507265
54753541,2945027.52,1063982.84,4026,141.54635236928587,141.12674212170666,177.5549872853991,177.10046967300372,141.12674212170666,503.8594869854815
5663b2b7,2921900.12,1018282.21,4972,105.30724116282678,105.6319767623854,134.11937999477763,133.95573064620754,105.6319767623854,47.49162136627687
593876b6,3006658.525,1114046.5,4842,236.56539040863422,236.357954221822,254.48117899218985,254.26136913431006,236.357954221822,175.36877237674057
5a63b5d1,2886210.335,1010711.045,6217,179.3280103058744,179.47750493566997,282.4618391132147,282.150326794093,179.47750493566997,489.21362189747805
5b7b6324,2994723.73,1067367.01,6564,201.768374892523,201.7214776373786,247.15455278361196,246.88113980053095,201.7214776373786,1113.4377655261787
5bd25f59,2997081.73,1129259.625,4210,175.0440908312544,175.1598942589011,153.31910390967224,153.52581168142396,175.1598942589011,307.0568968855185
5d7198fd,3019158.71,1107199.82,3368,139.81915666625378,139.06186670416,163.31901488278905,162.46708082690307,139.06186670416,925.0096860574856
5fb1c15f,2928556.41,1057822.94,2860,122.55737989112937,122.5856916537271,129.39936327281436,129.39063725396105,122.5856916537271,788.8009894769926
5fffa282,2989404.43,1098444.14,4201,71.03455230692559,71.46338958486824,45.97904223552995,46.55231631064818,71.46338958486824,280.86498130789425
62569ae3,3022226.05,1117014.95,3588,115.3834581628486,115.23325182195289,224.23649301262336,223.29867253490474,115.23325182195289,902.6319866920472
65156b96,2925989.92,1056846.62,3221,138.1391276520007,137.14279790297508,127.35786580611943,126.27054627136052,137.14279790297508,972.1802073820088
6767c111,3005409.685,1137131.94,6783,277.8267173890678,277.9407783587055,265.6645588213927,265.7973925127336,277.9407783587055,602.3643237484931
699ea575,3012222.3899999997,1102309.225,4120,58.073013324163895,57.86168658442039,112.66977740109877,112.31841003927136,57.86168658442039,281.3902425900482
6d6d93af,2902116.36,1011496.45,3595,177.7309507085129,177.165409281871,248.83350843827824,248.3388677591506,177.165409281871,794.46261400399
6ede926a,2902530.54,1033385.63,4938,139.0773217055457,139.08146288229008,150.94164753402453,150.97323240253974,139.08146288229008,437.12800187702453
71642c7d,2944918.95,1012487.85,4648,119.89590264669046,118.03475969943894,110.15196400164956,108.77362515759846,118.03475969943894,302.50549321469146
71ccf778,2910987.94,1018071.82,2698,192.46680201299282,192.12845898621907,264.1716040572085,264.27903156160113,192.12845898621907,458.970938186585
7271dd80,2958128.07,1077026.57,4340,122.6273642794463,121.90813838960604,133.4020916117322,132.70715201788838,121.90813838960604,841.1236404954801
73348914,2944822.8049999997,1012201.03,4221,111.89648279622696,112.58109668739054,95.37372065071439,95.9603937354823,112.58109668739054,302.50549321469146
75d20a82,2921870.66,1018319.46,5067,108.21022642456904,108.46287656324338,137.8669609463731,137.82166249126124,108.46287656324338,47.49162136627687
7850c72e,3036334.31,1093668.52,5497,79.99521699043791,78.72839821067264,91.97274795892757,90.99780364000792,78.72839821067264,86.40403766611506
7993a768,2986226.43,1061392.16,5487,83.11369394915143,83.03679803445401,98.19549770356848,98.24383071203627,83.03679803445401,316.8304084208857
7bb17b96,3013613.03,1107654.64,3922,103.8284842071,102.14487018905233,117.94004596415668,116.08795561947494,102.14487018905233,546.8927041019656
7d50373e,2902213.135,1023943.645,5122,72.61758587339273,72.26126996280439,99.14775027147334,98.3593839334255,72.26126996280439,381.64959730754936
8050c789,3007194.055,1084646.945,3077,133.85543969392447,133.88898525065707,221.15348573530807,221.10587761771816,133.88898525065707,755.1162537318421
8255c867,2915362.54,1040796.36,3589,56.50982844536859,56.65377374066428,100.85601079012653,101.02286170429534,56.65377374066428,327.4554192557707
84633df4,2991759.13,1124205.73,4972,150.89162548755937,150.8260789350838,92.1231906143504,91.91986022111148,150.8260789350838,275.8761146331808
8612b37f,2999631.38,1104697.97,5165,245.5893652716411,245.8608494183221,318.0488575748927,318.24326188531415,245.8608494183221,782.5205247145077
87695469,2874887.8600000003,1045706.24,7003,172.37659256600713,172.23537485530372,309.8115579263003,309.8415157165684,172.23537485530372,943.9833492708525
87aa3730,2906976.37,1028629.0,5607,167.16815324383535,166.75660803420382,159.34637525273385,158.92778497354564,166.75660803420382,352.69354884949604
89969c7a,2994787.57,1123965.03,4947,118.87776984276141,118.53237452812648,113.37577599529105,113.03633584190976,118.53237452812648,804.2310068632277
8a3da6d1,3007781.6500000004,1107346.64,4593,177.95303447442114,178.1045579890062,230.11423088376432,230.23008303681019,178.1045579890062,216.5671066892166
8a89da23,2911872.82,1039000.6,3935,111.22581376061568,110.48836680674953,119.61333655996093,118.9135060690802,110.48836680674953,718.6102689219546
8b95d6d1,2946233.49,1069057.79,1731,64.3157059404593,63.45361531536215,81.61177645905748,80.03758692771342,63.45361531536215,1513.392563489226
8cc800b3,2990901.48,1109641.77,6576,321.6581358095463,321.5388225130279,480.14109375769834,480.0519437716815,321.5388225130279,1142.1284386618013
91abc4c7,2898285.65,1028062.52,5848,171.8202185054441,171.59380351216555,309.07277335181266,309.0530384327826,171.59380351216555,354.11591594420247
940a48d9,2991343.66,1117812.3,3963,185.6310795406404,185.33947605914113,249.57440752769574,249.33913764290045,185.33947605914113,371.5357916812769
94d813a4,3020677.4,1084009.34,4847,105.56329376590169,106.00879398844133,104.75972516908863,105.17323027907734,106.00879398844133,166.32576123356
974802e7,2869667.33,1049058.74,5843,110.96091539171196,110.67097249594025,55.829375869138204,55.855081723587965,110.67097249594025,1166.8049878404627
992c99e8,3006414.4299999997,1119235.42,4904,166.1522750420311,166.27144973965895,192.57773902002685,192.67758173567861,166.27144973965895,340.76373163815475
9a6b0392,2998090.5949999997,1125166.875,4255,150.63881148288448,150.51111564808048,154.68329428940012,154.5497132679431,150.51111564808048,245.37995812638587
9ae248be,2948328.01,1017722.7,5271,239.46761100759966,238.7293028615906,270.8488463892634,269.79386862268115,238.7293028615906,336.8126133326482
9c350a6a,2997654.77,1098423.865,6052,54.322050704937006,54.871468829009,71.08454250516732,70.44041933023499,54.871468829009,1501.4479987085897
9d3ec64c,2953935.47,1080455.22,3480,128.15227164158125,127.40713708541836,173.81348028106515,173.16380971216472,127.40713708541836,3999.8931012872436
9def2eb2,2984862.24,1082651.4100000001,6003,162.36560040217805,161.78038872837018,156.74260836482543,156.1406067891748,161.78038872837018,852.1700720511919
9f0c7bae,2950015.115,1013171.82,2542,39.082065976173524,39.5813902979034,26.24445032523655,26.820020048293486,39.5813902979034,1169.555927275846
a0b83014,3007859.63,1120373.15,5035,182.09815718625353,181.86037643980995,252.6858963907334,252.47493316906304,181.86037643980995,903.6558969541318
a2e8e7f6,2947230.83,1067919.5150000001,4760,125.25512126407305,124.80431464707517,182.44844184201838,181.98733112828063,124.80431464707517,978.0865020667145
a4719920,2989871.87,1086021.8,5884,186.89933767578734,186.48269903187452,199.26173834374615,198.81803114374847,186.48269903187452,1107.2617039344861
a4cdbb0f,2887662.72,1028590.76,5204,136.53026431494945,136.13949892972389,132.38108189962676,132.0453402064978,136.13949892972389,678.8048229057955
a622ce4d,2995381.97,1111382.7,6298,307.92781630981654,307.7560315325652,410.35225928123094,410.2360244181655,307.7560315325652,382.7917493883393
a6f967fb,3035569.63,1093428.555,4670,67.7347347198606,68.1466075581036,81.96689722904965,82.13079613605169,68.1466075581036,26.920098439787676
a7fc3e6b,2951533.1550000003,1071591.8199999998,4764,198.5426973522895,198.1150629905121,279.1047620351477,278.8213031908009,198.1150629905121,2630.1034297388687
aaaf3c03,2909329.745,1016933.39,2997,179.44228929592853,179.34377278295213,261.81936270080797,261.3779943480051,179.34377278295213,1046.4207587413828
ab6fe95d,2857773.77,1042895.475,5491,95.71567824100643,95.64203850236747,93.23618736258423,93.16055582746064,95.64203850236747,522.321433529967
ad2133a8,2923352.81,1019040.24,5729,119.5145610886784,119.73055284435411,161.90439477332134,161.6138176981873,119.73055284435411,484.40006451303634
add9c322,2990312.63,1117279.08,3932,152.05588977928437,152.4453961241548,282.1917362223587,282.295405756116,152.4453961241548,340.1624995500931
aed44918,3001279.11,1067549.76,2719,103.48389503184069,103.42881073775341,124.71861423739823,124.77182725349046,103.42881073775341,1464.7957512227192
b37fd114,2987242.0,1082240.2349999999,8161,226.39903768070576,226.0305432110033,237.6689844677733,237.3428220376744,226.0305432110033,1590.0158745273095
b585b4fa,2905195.08,1038892.46,4294,116.56199172812862,116.93541507980379,105.56615380803773,105.85716568280797,116.93541507980379,388.5038692214019
b85f7b06,3011927.87,1113033.19,3803,226.66320235600404,226.38734671139343,230.47973251840483,230.2265983261579,226.38734671139343,302.79151176993616
ba48188d,3010220.38,1087237.6600000001,4166,158.68909809882334,158.46975625275502,302.9480858585671,302.0261201305757,158.46975625275502,1743.6705075502018
bc4381e2,2984282.78,1058759.86,4955,170.22920497983824,170.28953803963358,246.9069949309193,247.03623431099342,170.28953803963358,558.836712510421
bd6f0e19,3005768.61,1120293.27,5140,137.3558553004414,135.91493770837747,192.78825574209404,192.3480130746704,135.91493770837747,709.4430125809782
beda8696,2885128.8200000003,1025439.435,5912,97.03287994816299,96.86452026150047,86.1527676162493,86.02254577106436,96.86452026150047,537.3167569045714
c03d4aed,2947669.3,1012416.9,4641,102.15031770634062,102.61335007824903,80.20067859838348,80.75414302392754,102.61335007824903,654.4785363362857
c2717d4f,3005945.365,1113099.4,4721,205.94797986484258,206.13759975747047,398.8697839422586,398.7636140289304,206.13759975747047,213.7609085520659
c3957531,3019822.375,1089965.0150000001,5316,123.40612893020356,124.08244420684963,168.68613066595077,169.03685643400675,124.08244420684963,520.0023496580749
c47e0767,3008322.08,1094576.47,4356,179.5087256023963,179.42097261217987,241.80814911190473,241.7723015362311,179.42097261217987,349.7404809282302
c6797dd7,3009795.16,1102244.02,4664,109.62467831884847,107.67948559842442,105.40092732964982,103.48685836073456,107.67948559842442,656.0469822352868
c8d9680c,2994674.06,1117977.17,6281,320.06082380960385,319.86730423964747,546.5514140350072,546.3038436062487,319.86730423964747,203.84925042773867
c9e6734f,2942133.16,1056692.88,4735,68.29326935397226,67.70653805235553,96.43015821563053,94.91624363679179,67.70653805235553,630.7709760680344
cbe62450,2994871.46,1117926.3,6258,318.6432492722232,318.699295451324,537.9948618287143,537.6430538492173,318.699295451324,203.84925042773867
cda7eb37,2922055.1100000003,1018743.44,5973,119.59317167938032,119.73994308694516,159.56918038031003,159.5511356144697,119.73994308694516,231.20668718732833
ce8399b7,2937760.41,1062309.27,1615,91.88294742621916,91.2279050710755,122.35463300772925,120.73457259222928,91.2279050710755,753.1464880751557
cf50c9d1,2933402.09,1056782.9849999999,4858,168.8694133715856,168.88244125446622,166.46932578204573,166.50904380917743,168.88244125446622,327.2115200451134
d0a0e7b5,2990647.93,1117336.39,3816,146.36948518940866,146.12696990833317,279.3126628973305,279.71287345362407,146.12696990833317,340.1624995500931
d1ee630d,2995761.42,1111433.17,6290,301.33978320575164,301.12524860055515,396.539964026806,396.36210039938777,301.12524860055515,382.7917493883393
d40f61d5,2910790.5250000004,1038106.37,4039,140.01778479431258,139.39249074309365,145.8750376082984,145.30306242374462,139.39249074309365,345.95428068556663
d543916f,2992555.8,1117405.7,4799,244.39623596400517,244.25873131798693,369.6135018656704,369.43290382552823,244.25873131798693,394.9915848467096
d6dd7330,3006375.7750000004,1100724.15,6193,97.06268672026442,96.9886808645164,102.92802036932301,102.9263034363986,96.9886808645164,179.01892148635815
d924e971,3006572.235,1107290.455,3184,208.88242036295824,209.32694505023545,254.42243612492848,254.52087502863694,209.32694505023545,907.7330330278185
da2d4d7c,2999975.08,1088333.75,2114,65.64449444607807,64.6754545102795,90.7533552456931,88.75225578119684,64.6754545102795,395.07596484717374
dbee6c86,3008234.955,1078231.02,7369,246.8513690408254,246.80594980166242,269.9072715015488,269.8696082706346,246.80594980166242,363.97566580775646
dd64382d,2952657.125,1084799.9500000002,3124,126.80813690916779,126.86372240237199,161.57409834442737,161.41813923677654,126.86372240237199,407.0137941456287
df73b8f3,3003709.48,1069132.4849999999,5311,148.01042022797364,146.28223317711604,196.85277736799463,195.74341492480096,146.28223317711604,1346.0308116923293
e149204f,2887620.8,1018938.97,6097,200.15724130073724,199.86278375489835,219.6031497624455,219.31060209087073,199.86278375489835,545.2907542080785
e4726608,3011396.42,1118155.04,4733,393.95365293067226,393.60261036703696,408.14638458599586,407.8857201844756,393.60261036703696,182.35154235693557
e730c32b,3009931.1,1113343.89,4728,158.87383997144363,159.12100940275587,295.4706437557609,294.94595650394666,159.12100940275587,1397.711469975309
e7d0c1de,3006488.66,1114090.09,4711,229.786565079391,229.43608281134334,248.69942740733492,248.37030282846214,229.43608281134334,175.36877237674057
ea3a0e38,2960820.895,1076348.37,10052,270.9262462013331,270.68738098545276,296.61774091040047,296.3916108991322,270.68738098545276,857.7251794281102
eafb863e,2915599.94,1041021.9,3568,53.24443570960565,53.7859006825406,93.91533560042934,93.86317337718184,53.7859006825406,327.4554192557707
eba6605e,2904547.53,1018944.61,4410,40.347816357967496,39.88331943179493,56.99673579651588,55.80079359501762,39.88331943179493,472.5588801406542
ecdaf714,2920943.705,1057822.145,6592,187.23117763585353,187.58415611808232,151.15223709954287,150.95082741657762,187.58415611808232,1161.444635895315
ee288beb,2995599.12,1124906.98,4638,118.80495049456164,118.0163555157323,109.43580438764313,108.63783048178433,118.0163555157323,734.0786602265507
ef8e3ed0,2987745.71,1068581.39,5224,153.41808882528275,153.3070117867353,177.86329932650852,177.77998687691365,153.3070117867353,409.7848768864194
f053a1b9,3010458.2,1095372.3250000002,4108,165.76985883611786,165.93531410466073,246.76818599805412,246.9749545120199,165.93531410466073,414.0166067023651
f074d277,3021249.36,1107368.38,2453,132.53899530022352,131.87877326196553,154.55374796321354,154.24163447565525,131.87877326196553,345.12510503430866
f2d4c8c9,2883494.225,1024107.865,6249,109.01907734613746,108.95484012140773,94.15876449733717,94.13478829858879,108.95484012140773,543.3271421991533
f4d12d23,2916511.855,1041732.22,3701,40.396835111977,41.44916100386609,69.70603509624571,69.2096837877605,41.44916100386609,327.86076728567
f6824bb0,2905537.505,1039566.18,5015,131.66631299010226,131.84400194236662,119.29503798226695,119.52068700601328,131.84400194236662,356.45927060459496
f88ddb26,2985639.2,1062058.74,4990,63.549065561444,63.93568581167624,77.33064098021623,77.34125294859638,63.93568581167624,624.626240883234
fa16d114,2890544.6,1021606.335,5686,137.8552685266597,137.2093352431308,159.11291639730612,158.37548160981055,137.2093352431308,586.7529661832991
fb0904bd,2959641.08,1084820.46,3181,136.79322664436017,136.69849246903104,163.5670334012241,163.56497413985915,136.69849246903104,1433.3852778039832
fd8f77fa,3004190.755,1114208.16,5272,214.25378415251495,214.04366580131293,228.46385368971596,228.32437885648628,214.04366580131293,399.51505256379903
ff0aea78,2983823.4800000004,1071038.59,3261,156.79549792585564,156.62229534275144,274.4328781935595,274.63303774332906,156.62229534275144,480.8712644775961
000d7d20,2983514.05,1071406.68,3836,171.2493792440472,171.37705810931743,341.77335939425564,341.2621708570971,171.37705810931743,480.8712644775961
015fe0d2,3000226.56,1075559.775,4296,199.80134532614895,199.6611421553567,357.77018188777896,357.6177844608482,199.6611421553567,1372.012744883955
0390d174,3000849.01,1125597.68,4411,213.01985987512325,212.3797680964226,237.6916709709976,236.89162537643446,212.3797680964226,467.2536539449864
05948241,2957609.675,1088894.325,3879,133.53203280878142,133.774112929533,184.36502303856597,184.0804058199186,133.774112929533,357.823374481286
071d7b45,2945548.365,1079182.925,3211,96.95013248203789,96.1232388910317,74.1529925517028,73.58465386939095,96.1232388910317,6051.674824749243
0a57a29c,2901704.8150000004,1033292.015,5821,164.48198219709352,164.23508054174445,226.1888726046662,226.57883016544145,164.23508054174445,400.0995691383681
0dc5e64d,3012975.3,1122125.46,4879,388.82245645684003,388.7070922616289,446.3162702622607,446.2080792509323,388.7070922616289,371.44778610172153
10a1281a,2902246.56,1029332.22,5609,223.20122107780904,223.02120320498307,271.8409681022345,271.85502057457586,223.02120320498307,340.10591192306435
11d0f5ac,2889685.545,1030657.115,4883,108.65566178681931,108.66906895276338,87.58437942060706,87.76623954748119,108.66906895276338,642.261617450187
1285a37b,3014728.44,1083210.5,5597,209.77100232933245,209.93042524074662,235.8384790553371,235.78166427533588,209.93042524074662,178.48811059841483
12f0cd90,2999508.5,1112606.81,5947,334.6341532366797,334.49856370581085,472.67313638587444,472.5950785496331,334.49856370581085,337.2895269645296
14ad5efb,2998218.5,1112077.55,5842,313.9450650143972,313.83898957027935,452.5611154306629,452.4229938658883,313.83898957027935,371.0072906293271
1590af81,2990210.0,1092266.37,3799,119.23098676875938,119.20270314662908,163.56620907568723,163.76940549925507,119.20270314662908,339.7698212025222
1770d7c6,3009287.28,1078690.54,7240,251.7662097016287,251.56341647649458,268.6583252205348,268.6659086160208,251.56341647649458,320.3491095664117
197f8a5a,2880396.875,1022687.135,6310,157.65698095817407,157.47811144029575,152.09159985237088,151.9395444623823,157.47811144029575,1064.9845372702516
198a5607,2969850.395,1097984.9,6251,111.9726019687987,111.25893336910397,56.24499752204859,55.72152903979089,111.25893336910397,407.0709284633406
1b1c5372,2999846.915,1125311.475,4261,206.62018116312376,206.3784528521423,214.05732735906642,213.78963661747332,206.3784528521423,328.87397837184767
1beca81d,2977672.825,1088721.555,5036,112.3998870730142,111.27593664923614,156.02344932949129,155.16710657160962,111.27593664923614,1198.9981383841316
1f9afacb,3007366.6500000004,1101083.525,5328,85.07036413830794,84.5397507290893,68.97032366348334,68.3168972599953,84.5397507290893,401.09088337359907
201661b5,3026634.77,1110734.95,5955,115.71083920600324,115.74165398243991,123.51901342324408,123.56406039745907,115.74165398243991,2074.2425056148777
2364716c,2954211.05,1073745.01,4316,172.18584406265802,171.6806683027584,221.67645626140092,221.2476957201304,171.6806683027584,896.1506717623054
25fd32b3,2918261.665,1043389.07,2885,25.784758960943204,26.726591507195785,18.594909535818303,19.65549517202096,26.726591507195785,1033.7197585056258
272abef3,2993798.02,1093652.1549999998,4135,208.55411768161903,208.32642601776323,206.9213439863702,206.70543018524708,208.32642601776323,419.93265713100294
283269ac,2979644.61,1098640.05,2626,95.499189110514,95.42104498166609,107.87946693048247,107.82174945111258,95.42104498166609,423.6474918197198
29de15c8,3012292.8200000003,1117521.4,3431,258.4384833476431,258.7474763535989,189.0248497699666,189.21508682789886,258.7474763535989,294.27157015275526
2b034622,2858227.3,1043154.57,5203,78.39419990694888,77.95465162662384,67.44528608534561,67.01146668563611,77.95465162662384,522.321433529967
2c0c4a4e,2958936.62,1077258.38,4790,148.30693868945636,147.71907115264824,176.40724608526344,175.73332826947816,147.71907115264824,841.1236404954801
2d2d0c6b,2921044.4,1044383.59,5045,46.819961443969724,46.676134243245045,47.94513822412916,48.496775015443596,46.676134243245045,713.170653806054
2e43c2ea,2914929.91,1045918.68,5698,130.02531119950183,130.24111340540907,106.65541294052579,106.84725333967033,130.24111340540907,637.7443754358882
2fd68f7b,2998276.52,1125327.01,4730,195.8322500960728,195.66472433537,183.86013290263818,183.67950637122732,195.66472433537,245.37995812638587
2fe023be,2989156.94,1091513.24,4221,133.51524116524325,133.7905633054886,170.27296911170572,170.30957737925027,133.7905633054886,412.58769055782227
3407f5bf,2929977.97,1053900.45,3638,116.27102906509444,114.64812596986306,110.79948192563366,109.38346508168515,114.64812596986306,525.0354506127212
357c12f9,2939496.625,1066107.685,4079,127.58213889767526,127.27569944103787,149.75652205084967,149.90326127989815,127.27569944103787,305.9469695877526
3584a6eb,3010153.2249999996,1095092.3250000002,4494,175.51212598010355,175.68816413989023,244.9297007815643,244.70076372521592,175.68816413989023,406.25857781655554
368fe682,2900629.925,1028553.9450000001,4936,191.72483342177267,191.57166556301596,272.9537991921082,272.98527856062566,191.57166556301596,682.2180902027277
3932faa6,2920908.62,1018259.62,5452,163.57779336175568,163.6209898440255,202.08516944239886,202.13433671002022,163.6209898440255,963.8992619563871
3a7dd95d,2916177.67,1032065.5700000001,3072,35.205333641797665,36.480392265679576,38.98993458540298,40.2065945398669,36.480392265679576,6953.7579860762435
3df4b19e,3006077.01,1119283.04,4988,164.858055218984,164.91676289848687,188.40369331206156,188.40774408512289,164.91676289848687,340.76373163815475
3f603129,3005376.82,1133232.3,5051,130.8124519956205,129.70868928129534,117.50072655357451,116.33045204415716,129.70868928129534,1183.7046424258483
42669188,2969948.4699999997,1062639.625,4282,78.145409845858,77.7375128399951,47.64604191644429,47.480851773690055,77.7375128399951,382.6297255179446
43e16325,2928951.41,1048821.61,3720,28.603165753259596,28.340481802731972,28.473566247659473,28.211924812769052,28.340481802731972,4070.7051535205865
45fb3e21,2990730.455,1092261.67,3649,114.11701431107987,113.93582286262122,171.30321651255932,171.55027958772504,113.93582286262122,482.9554980793639
466fc788,3009789.21,1101588.0,6197,77.76542463260266,77.52185578082756,126.8701700137842,125.89199238388392,77.52185578082756,433.2172600727616
46dfcfca,3024996.83,1097859.49,3606,43.212236265372134,44.6981828704528,78.96709498632386,78.89252706515698,44.6981828704528,260.6875539797463
48c1f673,2997527.425,1129502.67,2917,151.05046520892938,150.69604868682606,148.83721432742712,148.51379229717284,150.69604868682606,217.182042823351
4a035ec2,3006846.8899999997,1075742.795,2588,86.62133068449019,86.12993133529775,114.92084615080846,113.56202905308747,86.12993133529775,450.43308440350097
4c2208f5,3034684.48,1091190.635,5384,129.3210595049939,129.96940203125806,142.99941002245362,143.64711898901945,129.96940203125806,221.91235206739398
4cecf7b3,3009358.29,1101632.5550000002,6019,83.86919199296598,84.0745713682447,115.41910701753287,115.0021716977177,84.0745713682447,433.2172600727616
4f4ac5ce,2897495.77,1026781.08,5162,173.5036198616105,173.22564639349864,286.2523279434884,286.18242494345077,173.22564639349864,357.9012999416108
512943b2,3004610.12,1114282.93,5029,172.75369007046106,172.5755548487853,166.56215727177792,166.33517579641293,172.5755548487853,371.7725896294552
5138a660,3013072.3,1107572.77,3559,95.01138059336486,93.17728118869941,153.06878533376036,152.47678872931553,93.17728118869941,546.8927041019656
52f1e77a,3023024.04,1118282.91,4442,133.50396779201904,132.78316467211843,248.977353140509,248.5851450201142,132.78316467211843,351.69255394430996
543198e8,2921822.02,1058582.09,6503,336.76641621887165,336.5886407146624,339.27506852513426,339.079201793627,336.5886407146624,958.5188036235652
55efee7f,2935610.34,1058744.53,4801,190.76159599677726,190.8098954495016,195.95710395775677,196.0346909451875,190.8098954495016,454.1820027256744
577eec7c,2862848.15,1040594.55,4539,173.75720451405013,173.1432494656053,201.4488025268474,200.75563762272088,173.1432494656053,1202.7248427215595
591cc951,2936346.57,1059315.92,4609,199.07643568292372,199.03148915548906,201.80118935780106,201.758482600498,199.03148915548906,482.79212607501984
5a5d1982,2908875.84,1032841.915,3894,99.65726231319434,98.82116472671945,96.51807076375184,95.73540575009677,98.82116472671945,368.8665803851606
5d11dfb5,2981043.14,1055494.04,5895,231.21707039899977,231.28450426079013,228.52062118315467,228.59586612882805,231.28450426079013,204.52701826438656
5f6756c5,3015885.005,1108114.2850000001,5931,223.145464724837,223.0458603134647,270.572851118337,270.5878127248205,223.0458603134647,577.2446647004974
61f27424,2980051.93,1055226.57,6220,234.2612204702424,234.47506515118476,236.78264709263516,237.04560025771445,234.47506515118476,409.8025051468348
647f2a41,2999099.3150000004,1092848.4700000002,3881,259.7494780185925,259.585211973819,438.0599318960661,437.9686433998044,259.585211973819,421.2832874972773
65a5466a,2999210.05,1125215.34,4683,203.78868755663567,203.4991685385452,199.8871523104578,199.59693664373367,203.4991685385452,332.6086547660321
660d9546,3023974.775,1118247.8650000002,4732,124.24212455769036,123.30854945956331,238.01984044455546,237.48969408817126,123.30854945956331,606.2645843607287
698930d1,3007159.34,1131518.72,4741,125.64894004026799,125.52284690166275,189.68050551636833,189.28101520327593,125.52284690166275,347.5168099530775
6d590e26,2995110.24,1117932.665,6096,245.23071316290697,245.23849927603283,435.09868142485834,434.8390275341993,245.23849927603283,238.8648187262503
6ea22614,2992879.64,1118229.065,5971,274.724250565463,274.5008164915496,310.4171648620607,310.1739542260995,274.5008164915496,363.2725947893033
726f3dc2,2981006.7,1105807.24,6723,177.42177191606044,177.2574255516245,171.71694996037968,171.57196926593832,177.2574255516245,197.1165302552789
729f4217,2910130.4050000003,1035638.79,6195,137.47064968170167,136.6676582221005,125.53259541489676,124.62406799501863,136.6676582221005,399.06831987180453
75cd5f11,2909927.51,1037520.88,4946,90.1312383071781,89.06799724740158,78.24029373811113,77.54887562938103,89.06799724740158,334.68316360417003
77e4821c,2921674.71,1044817.19,5393,69.9718591496587,69.66586401044236,35.07843175579782,35.83639618285351,69.66586401044236,765.0487932805661
7987f2f2,3014192.09,1111952.7200000002,3705,244.60486781263387,244.4364373650222,460.1303935967879,460.1303935967879,244.4364373650222,516.1849039107174
7b38844c,3011671.14,1107767.53,3749,109.84753965792964,108.34084811860762,212.04928582653235,211.47287792935037,108.34084811860762,217.08267969802014
7d57c75d,3003941.83,1130189.39,4405,114.26717930878249,114.5444163944579,79.22177173744112,79.58124900627561,114.5444163944579,2591.141772674686
7ff89f8f,2869521.2,1028192.97,7337,207.43748057345374,207.47865444292395,316.6688624721313,316.82625787774236,207.47865444292395,683.4320889452376
81fc01c6,2954553.23,1088108.41,5909,159.0395310600332,159.21301898274905,211.23167790368956,211.3651973317571,159.21301898274905,1648.483450477998
8382f4b6,3009796.415,1119398.315,4967,308.6480253585625,307.9539069696727,456.78951811511826,456.5787472237865,307.9539069696727,325.10500830528224
85380836,2906195.63,1040406.84,6618,125.35158303384122,125.36364104788512,118.97761042076085,119.00290881947303,125.36364104788512,375.9020480125053
865033f8,2916588.03,1047090.3,3557,87.60889901913951,87.74753547855323,61.51067544843231,62.17167664233092,87.74753547855323,367.2270210645018
8995c945,3006234.225,1137628.0899999999,6724,255.89995471793657,255.99406762608044,230.0071271669151,230.08086708078665,255.99406762608044,372.621230910134
8b5be31b,2952420.74,1086319.95,5672,170.84094344652632,170.93029355531795,200.54437576454953,200.6933718690214,170.93029355531795,1347.758388769784
8bfa881d,3012690.86,1096297.75,4089,206.62376388325856,206.52200430515046,306.2142697833682,305.76774551405634,206.52200430515046,279.1224552056123
8c167025,2943149.47,1062107.86,5368,203.7134167389276,203.5427503585012,304.36594845339926,304.23233131958256,203.5427503585012,2189.5825491913565
8c8348e8,3025194.65,1097689.71,3888,43.85486301407097,44.06208283585349,74.19573608223097,74.41378568075174,44.06208283585349,190.22362530723345
90386ee4,2906433.035,1026637.14,3840,100.6482217466784,99.91887658337701,99.22777623484424,98.48798193383283,99.91887658337701,388.96505241478235
9283ae69,2926122.035,1061819.8900000001,3371,191.61726170534268,191.60223872251572,231.8464307489767,231.9469175369667,191.60223872251572,468.85976626834486
93f5d2e6,2929695.57,1053457.83,3691,101.5925609658323,99.60234591222043,97.32898425195782,95.44566225683579,99.60234591222043,525.0354506127212
944f36b9,2999568.59,1125136.28,4630,204.0583517423815,203.84104652369655,209.27063800226887,209.03002935160586,203.84104652369655,34.622539262379526
9719aa04,3006490.07,1132077.72,4871,118.76820061320586,118.856774973362,151.72031319751076,152.02373671674655,118.856774973362,323.94373778500886
98bc6f66,2881433.235,1022441.88,6063,126.3723784049142,126.37812481874994,115.55148405572028,115.53631374407655,126.37812481874994,555.4726828791593
999daf80,2916365.64,1046798.07,3564,73.8582027061208,74.07701790987767,54.76101558374511,55.00497056591913,74.07701790987767,367.2270210645018
9ad5410a,3003134.89,1106645.12,4205,243.92266136014197,243.83804111507584,328.9809127492113,328.5313237959733,243.83804111507584,412.0151893137871
9d072e4c,3001145.77,1099560.3050000002,5107,99.871605885697,98.32810723547394,75.80026543428826,75.33281342632014,98.32810723547394,545.3544191165159
9dede370,2980659.21,1055453.28,6297,256.77293644213137,256.7883500566319,254.5948494499623,254.62185536076643,256.7883500566319,199.57325597367398
9e3e364d,3013075.49,1113530.0,4290,221.90591444407409,221.20714658516607,99.57355626498186,99.21005296055577,221.20714658516607,597.6505777001132
9efc812e,2942493.0949999997,1057210.875,4450,57.00387466054387,57.469447548195774,86.90490675802789,86.71753383501088,57.469447548195774,630.7709760680344
a08d9e63,2929002.86,1052891.99,3685,113.96506591907091,112.40431641268434,107.88913171370419,106.40948391978151,112.40431641268434,894.4395170720284
a3518960,3024075.72,1111377.91,4967,142.96352814717602,143.1159819754654,128.74258979395725,128.93972142190222,143.1159819754654,591.0626406735033
a48640d9,3009860.4000000004,1071223.69,4532,114.82325921045062,114.45563347861672,60.33734719015968,61.438028088175884,114.45563347861672,760.0141636837027
a612d5a0,2973248.61,1093387.045,5329,155.95201880990209,155.4243827634158,194.98015264513498,194.53020977012562,155.4243827634158,400.27307956587464
a6b8ac67,2946774.29,1017633.08,5453,255.65709009103603,256.0331839412308,302.56159631541453,302.38013414115574,256.0331839412308,715.2692249076352
a6ed2eff,3010104.2350000003,1119293.72,5275,350.48664946115514,350.43860485246347,492.09342924835875,491.99034009856615,350.43860485246347,325.10500830528224
a79fd2e7,3007992.51,1107297.25,4404,250.88542390552348,250.7408707292569,307.34644745224153,307.261317413245,250.7408707292569,216.5671066892166
aa95015b,3001286.61,1114649.05,4300,178.658593753287,178.09437698319303,250.6387336558599,250.26486381269288,178.09437698319303,1460.1192347545043
ab3ced07,3012152.26,1096007.25,4250,191.55988192345214,191.79212595102726,282.246291557298,282.059172653043,191.79212595102726,349.3322043557159
ae8959c3,2996195.78,1129378.04,4518,200.33605666260152,200.0536571842598,200.26726742129327,199.9783396681958,200.0536571842598,634.0227700169715
b04b58a3,2943791.8,1071912.91,3402,134.3236795747361,133.44175071842412,99.68493877577545,98.51531093555575,133.44175071842412,2733.633876473252
b19b0395,2900863.865,1022321.67,5813,86.01997062719548,85.73321301133481,103.70697953279941,103.01727839545309,85.73321301133481,337.3602850444124
b3388334,2888323.25,1010700.8,6080,247.33206021777218,247.19582002846417,352.71765197635546,352.721933533746,247.19582002846417,391.48857773879246
b56bc0aa,2914463.81,1045483.4,5602,138.02449760197973,138.08019748957045,125.80287144511298,125.87676093229464,138.08019748957045,637.7443754358882
b7fea9ef,2939727.86,1067000.57,3866,130.26034364256418,129.4328838968498,130.44716224052334,129.62189999755054,129.4328838968498,647.9693951492901
b977be4a,2996525.9,1111459.33,5917,316.49517656045964,316.3297034149879,458.5532952933768,458.4719218055356,316.3297034149879,489.92642896675494
bd4ae5da,3008219.53,1113130.14,5006,146.01269136068726,147.0502659918996,318.07234455770913,318.4507086117947,147.0502659918996,329.6316806680784
be83e781,2905468.1500000004,1025614.655,3221,76.00866666094042,75.84743059225467,80.86835368385078,80.77451075037025,75.84743059225467,320.31033022642794
c03b9305,2937799.31,1071812.03,4255,119.11727773175181,119.2995853296087,81.70649190955366,81.44337846669139,119.2995853296087,1064.837119997882
c1d046f4,3002683.0,1113393.68,5513,216.8035280914185,216.58012106080474,267.8761476335564,267.58220028467923,216.58012106080474,379.90703402290677
c36625df,3007503.03,1113174.95,4742,138.97940699893422,139.60298308087962,306.2661293729778,306.50458313275584,139.60298308087962,717.8998440590477
c472c0b5,2997314.5,1129459.88,3054,154.87487148337527,155.08503761943206,153.40868679119558,153.64373368577156,155.08503761943206,217.182042823351
c66be2b8,2995703.18,1117281.61,4154,211.68084190436957,211.45945144876563,342.6436343871377,342.6391604576072,211.45945144876563,880.5966480885836
c70c0e01,3003403.0,1070443.16,4312,127.1955841049862,125.61076360547881,143.26040802461452,141.8166323356572,125.61076360547881,766.5484415873117
c84c65be,2874006.0,1046043.03,8496,190.55201317876916,190.66996333421224,342.8455296929027,342.94727890907717,190.66996333421224,943.9833492708525
c99f9fae,3019368.265,1111493.035,6361,226.3177644686149,225.914582104879,289.81080617257004,289.5529915231766,225.914582104879,1527.6033178890966
cbe51de1,3012530.545,1113284.6,3963,233.7769594662463,233.5385681833971,134.50872542022407,134.19902653325403,233.5385681833971,356.64664911508515
cd7f1687,2988761.64,1091395.06,4232,129.32131905740206,129.1285571721034,159.57688657164192,159.80149791550457,129.1285571721034,412.58769055782227
d085e611,2995636.7800000003,1118915.895,6191,278.6791505464825,278.5662839688841,345.28022913309246,345.1350581428575,278.5662839688841,415.048728253285
d1457cc5,2867811.51,1027780.23,6920,170.0542989539374,169.75744336511855,263.01868285244177,263.48160193430914,169.75744336511855,772.1155624647357
d3df146b,3027322.815,1118642.27,5787,131.61093222076633,130.85385635079658,285.10242805595936,284.92970493827687,130.85385635079658,375.50664271739026
d50c649a,3005125.325,1107154.4,4873,287.9335132581374,287.87092338191894,376.5433754955201,376.36062431122656,287.87092338191894,385.497158128451
d6c320d9,2909338.9000000004,1030806.215,5452,105.21694397898335,104.5633840157289,97.97022651860475,97.26616115007747,104.5633840157289,355.5349645958848
d90aa14c,2886883.16,1037862.35,10018,337.1473914561121,337.29324067239213,405.72706997510477,405.6948734838943,337.29324067239213,7731.026651968583
da3bfe4e,2891232.9,1022476.68,5549,113.02979132695508,112.36592939036333,128.37292779452662,127.58632999301257,112.36592939036333,594.3750171400027
dafc88c3,2900636.76,1022072.2,5572,82.28391721488373,81.83428247708936,98.17282637531908,97.57459786051702,81.83428247708936,337.3602850444124
dd168de0,2925495.85,1061314.07,3304,192.03486594882412,191.91539657325112,225.48130703741504,225.69739494423104,191.91539657325112,336.1421711120269
df71d1ff,2886667.59,1018235.56,6228,257.7767400957362,257.54092845094954,282.58553967980816,282.3129521093894,257.54092845094954,640.6629386230624
e0f36d98,2989132.04,1098512.615,4976,77.66246277629996,77.5657283900714,41.94945762290265,41.72471692249818,77.5657283900714,280.86498130789425
e201fd6d,3023854.885,1096041.24,5070,112.95811329510373,112.99812227985004,104.21954131221183,104.1505376784246,112.99812227985004,750.2236787286478
e46f4ef4,3018104.115,1091650.225,7195,175.98313767041097,175.73418324997067,205.44055893451792,205.15074978807434,175.73418324997067,381.57659290139514
e6c55748,2908214.39,1032549.77,4472,95.6987471919146,94.90578793776486,91.37047915012278,90.6077431660834,94.90578793776486,373.8727788965372
e7c36e81,2916991.8,1047168.32,3531,78.1024227741471,78.51155039317472,59.30459235041168,59.7426505810013,78.51155039317472,22.622042900405212
ea0b99b7,2993257.89,1067654.12,9239,289.55646352080663,289.3456246608663,452.56598394018584,452.3365903929682,289.3456246608663,399.1695559532772
eb934281,2986942.52,1068123.04,5971,219.82326047808,219.7287688410226,244.19387462770118,244.42844482332495,219.7287688410226,213.70505866743633
ecdab904,2980457.0549999997,1055288.31,6147,238.16714788842856,237.53518579728302,238.56934327582545,237.93403747254922,237.53518579728302,260.92478787017575
ee0300f7,3017735.14,1089982.38,4544,112.7008095980218,111.99793712296506,183.24530974976244,182.94552716419517,111.99793712296506,1542.7633608887286
ef04658e,2939677.315,1066354.575,4104,120.29007013396429,120.46031567042961,142.1576935414952,142.2090515899157,120.46031567042961,305.9469695877526
f0188a48,2982508.26,1082485.7,4170,189.16261119094054,188.34904313058905,190.5129777522711,189.72706398344087,188.34904313058905,847.465670868008
f03f10fe,2911055.26,1038329.08,4145,77.65082528802712,77.65296068625084,70.6206946757525,70.70757186123312,77.65296068625084,339.93352203040797
f16e25e3,2989647.62,1122801.92,4651,105.62035760744052,105.20651109219571,84.11630605147343,83.62722604870969,105.20651109219571,2156.332605426306
f49fdea3,2989963.8,1059886.34,5391,171.34944784776195,171.53992101140557,194.61395312614533,194.5955316774562,171.53992101140557,700.6087688754105
f631da6e,2983857.715,1109692.65,4093,120.85280294098102,120.26871972070862,149.88228330894427,149.62353298981077,120.26871972070862,1163.9083671512121
f8662c22,2973628.94,1064162.2,5429,102.17477099249955,101.63384296509496,109.25510831216253,108.53713276106234,101.63384296509496,539.5236633596141
f8afa78a,2888539.06,1019776.42,6032,165.67312565091862,165.32837232306397,182.07539385970242,181.74383165554949,165.32837232306397,580.4492868457916
fb03ae90,2887512.65,1010775.89,6431,183.48086197406678,183.49593154799223,278.6854917578914,278.74292285581447,183.49593154799223,414.63016436352416
fbd68d27,2910119.06,1036228.37,6829,139.3424465562619,138.62078279930904,124.82444486422084,124.03490209468045,138.62078279930904,589.6891430448378
fd710aea,3008924.84,1094805.495,4217,174.95732293732033,174.92903857078903,242.68118188190107,242.77816651979091,174.92903857078903,295.07210377292853
fef8af96,2931917.4749999996,1055381.945,3826,89.89956841765083,88.60476554929114,91.98345424488814,90.63344479226164,88.60476554929114,891.3521329979527
ff8bb73a,2938074.8200000003,1061624.8900000001,5927,276.372756421701,276.45225588022276,301.51692079160745,301.6343457066029,276.45225588022276,323.57572166362274
00e12e8b,2969586.005,1062517.0499999998,4301,94.78533678629007,94.39189724211099,125.18522786230423,125.10154881118663,94.39189724211099,382.6297255179446
02e7fe5a,2985930.92,1061506.42,5108,82.66633652731491,82.75994706113836,97.6148360882339,97.7334478288775,82.75994706113836,316.8304084208857
052d64df,2979945.125,1098938.6600000001,2445,91.82647896526656,91.21913660193553,97.28646966575151,96.57123530479551,91.21913660193553,423.6474918197198
06df5958,2905079.19,1025452.94,3509,102.93933850626047,102.54031638434249,93.33241197283776,92.7997672738479,102.54031638434249,421.23820200138584
09ec2ca9,3004690.925,1126292.7,5885,189.37009793127822,189.37541216825923,260.93013106115666,260.9853067410834,189.37541216825923,457.2266075209025
0d99f8e4,2895946.7,1034167.715,5823,85.59853559392663,85.61851699236314,42.72822295052685,43.60474030805953,85.61851699236314,352.8077257160911
0e5e560d,3010114.1550000003,1130279.1,3253,103.75865636685542,103.46619844910069,112.72574836671843,112.21661926597666,103.46619844910069,2314.732451521053
109d9d70,3020329.59,1106778.15,4215,121.17149772229301,120.65193320316061,128.10189692853842,127.65568649821203,120.65193320316061,354.5983778867405
1131525f,2903173.455,1024460.425,4159,73.06496294385288,71.73000383332443,76.20189901898146,74.9176611118992,71.73000383332443,842.3840149986114
1295a25b,2973577.77,1064785.88,5551,164.44778004153054,163.94542966192327,184.94215743197185,184.4536415735798,163.94542966192327,625.7756077859787
14ab73fb,2904078.27,1019000.35,3649,22.699199757215474,23.511927278645864,31.257152533577145,30.992543626435282,23.511927278645864,472.5588801406542
155887bb,3008010.825,1085961.185,5585,134.4324705252179,134.05273871747008,282.09783164905343,282.0905208496165,134.05273871747008,1009.4548157544987
173ed841,3022100.5300000003,1084646.185,4883,90.0023986930045,90.35580209162548,74.13677133229868,74.52729106614146,90.35580209162548,191.7144034759544
1944513c,3005567.79,1113155.41,4722,172.31721952657253,172.47301826140588,358.8385248169321,358.869695408829,172.47301826140588,381.706694629714
19fb4f7b,3015037.48,1083239.95,5620,235.51734413065725,235.4845634087967,263.94025944818407,263.99217579401983,235.4845634087967,310.44004912385304
1b08ed48,2987067.98,1068414.96,5618,202.6415443641952,202.7878588514943,254.61619334944794,254.58385517618532,202.7878588514943,314.5255710193944
1bcb2fcf,3013936.56,1096638.915,4524,168.4914850206509,168.64055778193708,277.35927105160346,277.6809757818277,168.64055778193708,714.1450197963179
1e5e3573,3026627.955,1118656.13,5480,117.41893670349677,116.30371280537479,269.3218020323991,269.18264786210466,116.30371280537479,320.70466807487276
200d233d,3009838.5700000003,1102952.025,3926,89.04880634639031,86.79746248494183,76.47714237628878,74.59936848614139,86.79746248494183,709.334553031822
230eaaa3,2982548.2,1098673.32,4690,86.704050016311,85.90317891971638,85.95841282052768,85.17070457242231,85.90317891971638,477.159352129371
25939962,3012487.03,1096107.06,4319,150.7228090946864,151.0641097278233,231.44490516183563,231.31708999029416,151.0641097278233,279.1224552056123
26d3a96a,3021537.27,1084437.42,4721,103.35537245252765,103.64598791086799,88.50493446417214,88.75069138548754,103.64598791086799,226.04461019905952
27ebb9b9,2921845.0,1018646.95,5766,135.77467429137423,136.01045458031155,149.46968291671126,149.43250859646818,136.01045458031155,231.20668718732833
2acc78d4,3008522.14,1108351.05,4266,178.80665197844945,178.24191322718028,331.96123341835226,331.743887151289,178.24191322718028,1179.4076381389402
2bff06cf,2922758.77,1058785.21,7624,367.06587511710444,367.12409244713956,374.4811500546388,374.49470765115933,367.12409244713956,958.5188036235652
2d196986,2911985.575,1040099.065,6474,104.94144965425123,105.37095645472549,197.30633661617046,197.2717721702964,105.37095645472549,375.4572728357508
2e29e833,3023282.825,1111272.72,5428,158.1212142019937,158.0755496849797,143.9429786965409,143.84915826882582,158.0755496849797,799.8421201243517
2f19d536,3002548.255,1077343.1099999999,3088,158.74737090674878,159.07444849213908,240.70254482636753,240.59911412897736,159.07444849213908,2112.3646833642915
2f8e53c3,3011863.23,1108801.28,2594,86.54093336246552,86.77371982773047,150.46432474734596,149.5271699529651,86.77371982773047,281.19604037917657
33c40295,2987259.64,1088201.59,4169,110.64273323288099,110.67888414474098,117.23646629444077,117.27107154068374,110.67888414474098,893.2563189254358
368131f9,2998256.4699999997,1104314.76,4991,239.56133202407503,239.753467389246,267.079122281955,266.87949775166857,239.753467389246,648.2077020528562
374be387,2872826.23,1029864.29,9965,286.7677429454325,286.98253844243567,447.13891379950877,447.4091542146852,286.98253844243567,468.05627631748627
37d36812,3008648.42,1094702.25,4367,132.62530983399478,132.9759244500454,172.6057577650219,172.96179138197243,132.9759244500454,295.07210377292853
38991fd4,2933888.57,1057272.2,4798,168.7365390886322,168.68335821823376,164.0611318493412,163.9988087589731,168.68335821823376,348.8325043628758
3a223519,2945569.21,1012470.55,4583,107.4339120566055,107.09822798509988,101.88956103449338,101.72690487353513,107.09822798509988,169.16143679918227
3ac16ad0,2890727.51,1022163.85,5649,138.47845219051678,137.74360192101656,152.01651200527348,151.36412908736872,137.74360192101656,586.7529661832991
3d96d897,2908021.96,1029592.21,5659,158.76379488392672,158.34025874256255,157.22065049346855,156.7987160412476,158.34025874256255,337.5092668728838
3ef98781,3012125.09,1117763.19,3892,300.8355038401511,300.4402621888204,243.43691248781383,243.12273837889407,300.4402621888204,294.27157015275526
41fb0192,3007292.44,1075808.94,2973,85.69965222897538,84.41925862760175,115.70418008435857,113.76249468893585,84.41925862760175,450.43308440350097
43c7f85a,2888068.8049999997,1019344.8,5978,186.90580735404856,186.53002419396907,206.17508028380047,205.82303047709397,186.53002419396907,604.4886011538682
44a94013,2888845.3049999997,1029838.36,4903,117.29009156790949,117.35365009745708,106.08855092463813,106.21368350186206,117.35365009745708,546.4418112896351
4654e7de,2909072.895,1030570.32,5373,170.3093304159904,169.945109285281,193.04202162567046,192.64138583174739,169.945109285281,355.5349645958848
46d41ff6,2991883.0149999997,1067424.745,7901,228.02369448768002,227.88997783964666,416.26114129196566,416.17673611316843,227.88997783964666,682.672912198993
49dbc14c,2911734.005,1045024.565,3872,88.15430699301344,87.26554988976474,93.40324872857032,92.36770565535798,87.26554988976474,1168.62601285644
4b831d20,3009608.63,1078628.84,7312,253.1315626967411,253.10415472841817,263.6378841662832,263.56131340378704,253.10415472841817,327.2196700995435
4cd1ac61,3004767.52,1107010.93,4489,293.5335673361635,293.57043315888814,362.26939920676676,362.67609879975697,293.57043315888814,385.497158128451
4f3eb9e9,3005376.01,1119702.36,4697,162.33236351712694,161.3272243861435,192.7026953434961,191.52774097415164,161.3272243861435,709.4430125809782
4fbe9c06,2909741.735,1035548.285,6287,224.98177303026335,224.68663165136968,236.74854319147136,236.47377539359738,224.68663165136968,345.7769462023402
511e1db0,2938538.32,1061454.98,3821,138.26081015438245,137.25360765336575,172.36246719545406,171.61942006214858,137.25360765336575,493.6614812800559
529e88ca,3003544.05,1137698.08,3417,176.3715188712784,176.34437968613523,159.67640537683374,159.76466003809867,176.34437968613523,1949.6431603824458
53f23031,2985749.4450000003,1081692.12,8550,221.05466418219115,220.78541195966346,221.32610536601416,221.05883869429678,220.78541195966346,504.84839013808823
5567d551,2989163.19,1104924.095,6889,320.06234546235873,319.72960429268295,469.10331044778513,468.85689398264475,319.72960429268295,457.47869428513894
57796579,2937590.2350000003,1061192.8199999998,5890,240.76578960683165,240.974062950462,242.27299174305307,242.4720809809278,240.974062950462,325.8526621419194
57f05c51,3035590.12,1093411.095,4771,49.515332156429665,48.972693186717834,55.0467199972836,54.45449895362356,48.972693186717834,26.920098439787676
5a5269a9,2994809.31,1111177.18,6513,321.7148820725853,321.60353584342977,420.3636046496655,420.23223953014934,321.60353584342977,608.4225061584905
5aef5c6c,2968964.38,1072944.24,3121,128.81732591023587,128.71583272464517,221.218636210615,221.21747546738055,128.71583272464517,5844.793585987507
5cdd8dbc,2912002.08,1043397.03,4010,71.03661909983948,71.22248860808723,63.40081435770917,63.701873797021264,71.22248860808723,531.4404247421246
5f4d2a52,2998060.125,1118493.505,5225,296.08380055727616,296.2641400247848,447.9895941119658,447.73809064501376,296.2641400247848,1166.5237357747044
60e37807,2986123.33,1087149.13,2699,100.40328560102063,99.84450679427414,101.43562597105083,100.89105681639913,99.84450679427414,365.9282668778163
63559d57,3014669.665,1111756.8399999999,4069,218.38189232348398,217.88937166145365,417.543283987609,417.39043967652873,217.88937166145365,516.1849039107174
684a6fc1,2961370.6,1077006.79,9818,266.39439025391124,266.2152638768345,304.7010776158135,304.5137139964855,266.2152638768345,857.7251794281102
6a0ff78e,2908906.775,1034498.23,6465,190.227641224619,189.95147779990083,194.47668177587153,194.2002829691222,189.95147779990083,335.10675134967175
6a8fa194,2910211.81,1017496.38,3017,192.09939018245078,192.09274224373067,286.4605425228873,286.1891849914015,192.09274224373067,508.961413468654
6ae68655,2989617.255,1059277.44,4204,152.299147836779,152.03033249411945,186.12913695066203,186.2721368279711,152.03033249411945,700.6087688754105
6e9ccd38,2869614.09,1028870.06,8282,216.32503768494783,215.8244295240759,357.0086404509106,356.5841251979415,215.8244295240759,683.4320889452376
70e1788b,2871714.0250000004,1029507.235,9285,267.04090379277505,267.09592710248694,418.90279234282514,419.1522041703916,267.09592710248694,753.3862627160566
7256229b,2997083.5549999997,1119131.54,5415,303.67531299365305,303.51964501773955,469.3478447932014,469.2578630473229,303.51964501773955,1125.8294008530338
729e9750,2888895.51,1020234.53,5919,166.1529021918014,165.67537329979342,181.5792293426759,181.11787962680032,165.67537329979342,508.30896534495076
75c20ec7,3003272.16,1092353.91,5361,223.9472672719299,223.5820412643688,274.78692376209045,274.92788633351006,223.5820412643688,1115.716228438338
77b0d905,3010861.19,1095542.04,4174,142.93526994292742,143.17796137033045,192.58569431856824,192.59512222791957,143.17796137033045,437.2689347812788
796dbd4c,2993206.77,1118387.03,6248,316.63125661481007,316.51216566256267,416.92012497820673,416.82034025669026,316.51216566256267,363.2725947893033
7b2c7b3c,2986662.67,1087537.11,2584,79.98152725798121,79.69175177189358,82.48043941731908,82.21865389776339,79.69175177189358,664.391538176101
7e721392,2885744.42,1010561.87,6174,184.24427378650114,184.27390025989567,284.15440186145355,283.87449119509006,184.27390025989567,489.21362189747805
81bf5923,3035579.88,1098920.845,4543,52.45258672517537,52.54265596801898,80.44158061602859,80.87082275852589,52.54265596801898,583.7928070170565
82fcf37c,2882188.0,1023205.16,6014,86.90042067820009,86.8644174195991,72.0461147412889,72.10257973922512,86.8644174195991,499.71068119459335
833af382,2915907.1,1041232.24,3628,45.063433099325515,44.80290381971223,82.87694351725729,83.34105223213493,44.80290381971223,372.2770221220722
84c3b497,2888713.17,1010665.79,5312,226.4353529367234,226.34022895436883,327.79421228931034,327.562739135521,226.34022895436883,391.48857773879246
896d15b9,2912993.645,1018008.3400000001,4279,96.97244888042361,97.29621029890038,50.07407505819881,50.50608459991006,97.29621029890038,1729.149461440172
89fdb2f2,3011881.375,1109081.89,2031,82.64404401469235,82.67926896837326,136.6417292711259,135.88818923525267,82.67926896837326,281.19604037917657
8b12bab6,2999695.12,1098060.645,5234,64.32447913074999,63.96114245771525,104.50878394591851,103.96828757325906,63.96114245771525,572.4722926261943
8bda1a11,2889241.045,1020607.335,5981,158.48851091969388,158.12970905460222,172.5028551439556,172.18857228073045,158.12970905460222,508.30896534495076
8cc21f01,2966262.95,1063236.025,4044,68.85615841310492,68.51248463932585,87.99043086400155,86.9873473519839,68.51248463932585,928.1072118164037
8f201368,2905981.34,1040098.0,6349,118.87481574858757,118.98725601120788,102.6624071011713,102.78531952725136,118.98725601120788,375.9020480125053
925a7cd1,3001802.41,1092172.38,4517,251.56397261668744,251.62182796874743,336.0219284165992,335.83362538020504,251.62182796874743,377.012622865314
939d9c34,2993148.88,1102422.78,5101,182.05309088631194,182.13630290718572,104.58471916143847,105.47776540698788,182.13630290718572,642.3666714968366
94467f50,2938052.7750000004,1066163.675,3035,115.89193770204217,115.83970267099389,130.58993285785021,130.77795817555807,115.83970267099389,1444.9351897572858
96ae5806,2993615.77,1067477.32,9839,266.3187286935792,266.23594349053565,554.9494550353909,554.9341881194747,266.23594349053565,399.1695559532772
96b7eea1,2985486.825,1110242.92,4332,146.52943931051308,146.37318892428686,191.99997817699966,192.21125536954833,146.37318892428686,509.09440401566735
9896fc0b,2930481.69,1054130.86,3595,103.368112576518,102.73027740653787,111.79948223638377,110.85054988509881,102.73027740653787,553.9157034240914
995ff498,2905015.37,1036389.19,4526,102.01011560560309,102.09220761228559,97.29782364481501,97.3196809862383,102.09220761228559,717.395814038561
9ab94eeb,2921283.715,1051391.56,4442,123.87314737570863,123.82208529666208,146.67862492744246,146.41784917519306,123.82208529666208,771.3308287628147
9b9e3b49,3008549.13,1113134.71,5118,177.63006875305052,178.23650093939565,367.9629463510063,367.99356581268364,178.23650093939565,329.6316806680784
9c8375f7,2916256.8049999997,1041526.205,3674,41.770556956073,42.78273165379267,75.31120347097817,74.99854393317219,42.78273165379267,327.86076728567
9da441ba,2998578.91,1112165.59,5783,285.70418013006,285.44362711080726,334.67178688247697,334.4807064571121,285.44362711080726,371.0072906293271
a056d01e,2973158.375,1067104.49,6557,151.115038674023,150.4968910064012,235.42957523092517,235.11370193830945,150.4968910064012,1261.2600334982399
a247e7cf,2889680.4,1020896.34,5674,153.706801989513,153.1444342830008,168.3210140226248,167.85138842075335,153.1444342830008,525.8865904831442
a3f71395,2946066.04,1017533.1200000001,5543,281.11511793594497,281.04022781455365,333.7965906594411,333.5515865147769,281.04022781455365,715.2692249076352
a5e6f7dc,2991952.46,1110088.87,5649,369.43313517682236,369.32438433650947,448.2386550704415,448.10055360112267,369.32438433650947,1142.1284386618013
a783cc24,2939245.52,1067695.23,1889,62.71109559360447,64.31263782709307,61.17764289802055,62.80449339826143,64.31263782709307,845.6975766784128
a87433c9,3004227.815,1100494.44,5721,136.06886132314307,136.03809936322025,141.24599591733178,141.23068261913474,136.03809936322025,1118.4348539924579
a8ed028a,3034468.26,1091140.695,5538,109.88853994558379,110.12281757021945,116.06527009557816,116.2926175613548,110.12281757021945,221.91235206739398
a959858c,3020281.275,1107234.095,4404,108.25298109814564,107.46393847800739,102.84119276596009,102.04455901777698,107.46393847800739,458.49774508720765
ab18d3fc,3010758.86,1089718.3,5694,182.70107514802731,182.41772744767778,222.95441338610394,222.66189263883498,182.41772744767778,719.8592113741172
ac6f01d5,3015975.4,1091407.93,5004,171.78600341666973,171.5044918423085,274.6970956277071,274.33557001994285,171.5044918423085,1772.1091470335498
ae35f33a,2945260.3,1012413.13,4450,99.38893764744684,99.67882154555959,93.79122720430904,94.0509966713799,99.67882154555959,159.5335450621433
aff4e561,2881877.09,1022775.86,6026,102.54381263444623,102.30873437489446,88.11063126888716,87.80956210611708,102.30873437489446,530.059919348872
b32e4903,2902012.875,1029085.11,5770,202.62624861377145,202.87425842967164,210.65100349580007,210.8377232749232,202.87425842967164,338.1191024256856
b4f37e6e,2917377.08,1042854.2,2992,48.88323825831173,49.15690771174446,26.73940160566611,27.34324986942637,49.15690771174446,1033.7197585056258
b7cdcecb,2887199.06,1018593.315,6168,226.1205869060339,225.86823071876375,247.99567738460095,247.76814407400929,225.86823071876375,545.2907542080785
b95e7121,2999202.35,1112465.26,6306,311.15583641389543,310.94037072318844,360.76576621574316,360.5632652090557,310.94037072318844,337.2895269645296
bd2c2f34,2872359.26,1029896.16,9823,278.68608636736025,278.6523844811141,442.26586684064006,441.7925865246143,278.6523844811141,468.05627631748627
be35c8f2,3014746.44,1097039.815,4226,171.29998338811535,171.4559711888854,292.4765356884605,292.80774663435227,171.4559711888854,757.8688269749807
bf70b410,2884335.8499999996,1024724.235,6347,104.35911682839895,104.53907195754103,88.3750699081318,88.4458522990125,104.53907195754103,531.8990000461799
bffe3082,2995457.5300000003,1097595.9,5723,153.1436851979097,152.32628631681553,77.03743939779716,76.89199303836023,152.32628631681553,2348.0608294556755
c1708b88,2981741.19,1082845.98,6315,175.8706834410754,175.4840386940933,180.87471517014234,180.53338180994754,175.4840386940933,847.465670868008
c59b6c4a,2885822.635,1026392.23,5499,100.41714920901045,100.31908364893928,89.30161697882835,89.17478642187929,100.31908364893928,619.4008173228003
c96c018a,3002309.88,1113465.17,6236,250.18232350654782,249.96625820733675,288.43602934245126,288.1958014358174,249.96625820733675,379.90703402290677
cad13e8f,3035885.49,1093637.585,4848,46.41489067428753,46.05558673785861,51.67818527134057,51.34559728375611,46.05558673785861,125.04452856880413
cb34231f,3036387.2,1093600.195,5609,65.20959238357347,65.21593236363067,67.43569419577472,67.4449738035731,65.21593236363067,86.40403766611506
cb879f40,2994538.98,1117769.79,6315,333.4034038097573,333.34626847598213,505.34773782973235,505.0340210419401,333.34626847598213,247.49357729034864
ccedb12b,3021760.64,1084402.75,4401,76.82863567362405,76.79080734516654,63.97933024531821,64.00732851137087,76.79080734516654,226.04461019905952
ce55ba43,2990161.01,1104009.9100000001,4104,220.60403393728532,220.71839245194286,299.3792717386125,299.0236786375459,220.71839245194286,1353.2845105979534
d07aed8f,3022961.28,1092939.35,2957,74.63345047068805,74.21512497594367,131.1526223506497,131.46633701731463,74.21512497594367,2481.163054073438
d114d9c2,2882548.0,1023551.73,6206,95.48603800984914,95.5133801076719,80.53172251910814,80.66695446519124,95.5133801076719,499.71068119459335
d2f3b1ab,2908296.1,1029789.085,5581,155.55000095797897,155.02453844038192,159.79692219820322,159.2997933627939,155.02453844038192,337.5092668728838
d4f60a28,3022485.78,1085358.01,4501,84.02428816205426,83.2664169369117,40.4510189786115,39.98396960548478,83.2664169369117,241.57324458626212
d63196fe,2924787.75,1021490.86,4510,102.88444520330873,102.91520014672675,126.09556269840014,125.90279885001345,102.91520014672675,499.08239249642924
d84b621b,2903010.96,1029492.66,3994,131.9620949494699,132.05575847007435,128.9034982297753,129.09637830321458,132.05575847007435,781.0559221975575
da940160,3007076.1100000003,1119240.245,5132,189.25215332505564,189.35681514341255,228.22645944383174,228.26581881139106,189.35681514341255,359.80841808486485
dc7f9757,3003832.73,1125493.17,4360,127.08991985223909,127.23835620803682,190.3336084722071,190.08570523778405,127.23835620803682,1172.9223669641383
dd7d638e,2912146.235,1043931.06,4301,83.63105065309736,83.80470378276266,74.78477743142957,74.92697123653812,83.80470378276266,553.1443798186607
ddc790ff,3010511.825,1119288.11,4726,376.62090660720014,376.74354246711135,532.9977488808554,533.2170770222756,376.74354246711135,407.628605718339
e03b45fd,2948041.03,1017546.39,5342,258.2596789973492,258.2981250521083,290.0735982761406,290.11941708768603,258.2981250521083,336.8126133326482
e25f1537,2941001.585,1075189.2349999999,3177,139.07713694065853,139.09462693706996,152.8289222325159,152.8453439857401,139.09462693706996,4303.441094269661
e2fc7745,3014068.56,1116381.36,3692,155.7750373469699,155.71080545785577,103.78724158152743,103.90249516291685,155.71080545785577,552.374681986899
e45a2a62,2904022.46,1033277.87,5007,149.8370526241308,150.2245017449893,149.3643037007723,149.75413497581803,150.2245017449893,732.8502347174053
e5ff9fd2,2979113.525,1058247.85,2354,97.64275675146261,97.8571335602983,129.24195429605973,129.4933810225115,97.8571335602983,3163.658765168212
e7818f7a,3012612.27,1122204.09,5371,448.92040508226455,448.8831300876397,501.2906919468607,501.2549126466468,448.8831300876397,371.44778610172153
e9949a23,2920745.88,1016441.84,4559,93.17557226196074,92.49173614560411,94.09115991503815,93.40404033799372,92.49173614560411,523.927958430367
eb640a35,2993672.75,1118366.845,6037,300.8883541215995,300.6971417200973,425.54455912501027,425.4175295402821,300.6971417200973,466.41697506092646
ec13af42,3009311.165,1089025.095,5462,160.62104835732305,160.22254719994342,180.38204019764623,180.047283376842,160.22254719994342,382.96003450103956
ed6e6e54,3006653.7,1100977.66,6048,105.6179740273051,105.43969881905855,167.47093074176007,167.62710425453324,105.43969881905855,325.7545855395052
edf885a3,3007881.18,1084960.09,3117,132.6054534092626,132.68674180111245,216.421328487482,216.8379313121466,132.68674180111245,755.1162537318421
eeed308d,2909105.77,1033130.35,3899,146.46064136182076,145.9451359456125,170.86004108536693,170.38352677331798,145.9451359456125,368.8665803851606
f021b650,2986005.26,1053432.88,3739,165.19362546758916,165.3321739767539,156.7423026255234,156.86414748205476,165.3321739767539,2093.6471856189382
f140c2fa,2920739.375,1015319.63,4082,103.44006744920321,102.84606349146488,103.81092499568636,103.21248659165735,102.84606349146488,405.8731357518556
f439a621,2927289.34,1057020.87,2821,130.18213279718302,130.10512622961048,125.06386245087978,125.01080430360066,130.10512622961048,355.2141848587483
f5d8aab6,3006723.765,1131853.385,4444,106.63536132517198,105.98453392001385,121.38304007012412,120.81662039454864,105.98453392001385,211.27884477609027
f72b268f,3004292.8899999997,1132756.64,6404,133.11755946347793,132.75042446294046,70.69093289450282,68.44083356890478,132.75042446294046,355.11625842810304
f8f59188,3006448.365,1125023.66,4807,170.42659582924054,170.64103722122508,198.1340753171295,198.26963675649023,170.64103722122508,495.4561199542761
fae0c593,2993957.03,1124095.53,4403,117.01625192978368,116.84215457219094,109.68537200483593,109.35086864299241,116.84215457219094,362.2790562535885
fba7683c,3006292.4299999997,1098131.06,407,52.7944185419486,52.015807913670294,58.42022931193581,57.43935847606284,52.015807913670294,2478.201689174026
fd3b4faa,3006930.4850000003,1125137.84,5022,173.3261601716857,173.3016278024426,203.5357765604787,203.31567804964214,173.3016278024426,495.4561199542761
febb4411,3022787.89,1085818.41,4247,69.91618097365388,70.25016816791448,31.193119424116347,30.80353728502272,70.25016816791448,506.48721810111425
00bbac68,3008508.55,1086905.96,6014,132.51714610768315,132.6574672548866,276.9042465299935,276.66553657706316,132.6574672548866,1067.8623395594832
028d7b28,3007596.48,1069823.81,6234,186.077410897224,185.929966048131,187.94574330875994,187.74418179413598,185.929966048131,229.2238523803577
044af7d1,3009910.0,1108300.66,4519,138.10722378739135,137.04193984021597,239.81989401556,239.28349234355937,137.04193984021597,907.0084659606902
0498acab,2991489.41,1093218.885,4798,183.17356223358928,182.8119189988914,212.85176307578254,212.492949322235,182.8119189988914,1221.5863654487446
060ab2b8,2898849.225,1028498.365,6258,164.70187351243487,164.4083665177466,256.72793004842435,256.46113919326046,164.4083665177466,346.13951067442724
0955cd6c,3026948.35,1118670.22,5195,122.56598255183499,120.95035669444688,263.9162166048348,263.5873750940918,120.95035669444688,320.70466807487276
0c1b160c,2972609.69,1092707.625,5054,166.22427072254112,165.68799446841282,226.92024179584013,226.56197660451318,165.68799446841282,932.646933624833
113011eb,3003465.82,1071207.13,3272,108.19805329808757,107.5504977021109,142.12131709143253,140.5728385254463,107.5504977021109,766.5484415873117
125be846,2981423.11,1106385.28,6510,187.04454075761512,187.2445906234055,203.14647745912052,203.3652180358513,187.2445906234055,389.27572313845866
14a53cb3,2911619.05,1040017.655,6919,107.9745625070747,108.39408334815238,202.56795452943962,202.56437079323587,108.39408334815238,375.4572728357508
1550491d,3005798.3,1113480.51,4563,171.16646884297526,171.28557856410228,348.66129485424705,347.5235672565305,171.28557856410228,398.5283805451721
16e4a047,3011957.17,1102215.21,4131,81.84857513679991,81.8370153642942,172.17886606696442,172.51689865092828,81.8370153642942,281.3902425900482
19137a89,3003940.1799999997,1132797.91,6267,124.76169053717398,124.39178882339272,74.05884705916267,71.94486390024042,124.39178882339272,355.11625842810304
1a518997,2909595.975,1037362.44,4606,132.52608597139263,132.07151700078055,131.9531740973746,131.49489592909384,132.07151700078055,367.4488941673511
1aaf1da0,3005745.15,1107664.5,4804,255.61893292179883,255.63388986694062,329.7782121219053,329.9949886179587,255.63388986694062,393.76584822048596
1b82b665,3000433.8,1125383.375,3806,192.35926935514703,192.07915833757542,218.83124336282873,218.48646278553016,192.07915833757542,467.2536539449864
1e30dedf,2995568.3,1129468.8900000001,4071,154.55852709652683,154.29335372529695,91.0954345825818,91.47476951597625,154.29335372529695,634.0227700169715
20096916,3000707.625,1098498.32,5133,70.99627312468387,71.0552791598596,97.93686904127861,97.75905303496486,71.0552791598596,355.86112435193013
20402d71,2883115.6399999997,1023718.15,6372,102.18380792131403,102.39100587101723,96.69014502159474,96.88506237765593,102.39100587101723,543.3271421991533
206b6193,2979174.52,1095713.5,6535,131.39983287699485,131.25536900837898,150.58407346397172,150.54782494780687,131.25536900837898,2609.717827696999
22c5f93f,3000378.78,1098354.77,5172,69.71640630943321,69.51250192659677,104.59957056193143,104.10024365399255,69.51250192659677,358.81142195469215
25050f63,2886915.42,1027588.14,6124,124.41527137243129,124.52751997836225,127.14600486650916,127.25506529836937,124.52751997836225,506.6858040246202
26623a50,3001124.39,1112795.65,5735,255.48825023426258,255.51072262271876,443.33536329878365,443.1091725128491,255.51072262271876,940.1669499081515
27c3155b,3035445.91,1093310.65,4958,62.96519948609744,62.97671101894135,88.4432419814942,88.93930550500828,62.97671101894135,170.9041468921748
2ac7cb6b,2993043.46,1124462.43,4990,122.14636829954124,121.94072640507018,90.14593437065318,89.74146387032657,121.94072640507018,984.4926383166231
2be5c96a,2998578.2,1092550.63,4210,243.10952023830885,242.89387457343807,451.49264399707204,451.33962674526487,242.89387457343807,600.2245486694305
2d0c268a,3002745.37,1119199.96,4550,159.522674887467,159.60567668302622,208.9169181658159,208.87272750085253,159.60567668302622,2678.184566007051
2d179ded,2868503.44,1028122.86,7008,185.0123486700382,184.74239447225312,294.3396887344579,294.16954818785825,184.74239447225312,772.1155624647357
2ddad940,2973280.705,1063750.1099999999,5331,119.77246954865831,118.85608401231255,126.062947462329,125.24563596478846,118.85608401231255,168.71879541103556
32fe84c9,2984625.53,1069276.21,6408,174.85716319733484,174.578997291378,325.63022239150257,325.51381205942374,174.578997291378,1936.3025246328068
353e5502,2920410.98,1049543.12,6062,146.79918159369547,146.71420305639816,170.45580730044514,170.3219930060594,146.71420305639816,1377.4724553050753
367456ce,2996021.0949999997,1118759.1549999998,5569,285.89164155329667,285.736772003617,429.6160523382315,429.48270034769376,285.736772003617,415.048728253285
373ef48b,2905740.605,1025783.08,3509,94.30809422907187,93.72269172561244,100.79495812917607,100.0666278877172,93.72269172561244,320.31033022642794
389ae58f,2973140.0,1068854.52,6463,147.16343078216374,146.88656369409935,282.1613075956421,282.06881696026875,146.88656369409935,1750.1264644376697
3a0af893,3021047.4299999997,1107088.495,2927,103.65537048507926,102.81714637728649,121.30569762826877,120.14188057919442,102.81714637728649,345.12510503430866
3aaa2b30,2992174.91,1117301.1,4711,205.03175473745375,204.68772598512953,281.34092139388423,281.14138218269267,204.68772598512953,394.9915848467096
3c3dbcbc,3001046.81,1098605.98,5069,63.73865858424593,63.73068611049191,90.36493355518509,90.16143949892128,63.73068611049191,355.86112435193013
3ef6372a,2982893.3099999996,1099002.835,4727,80.01007195926992,80.52910453299629,48.941749863003814,50.463173699311106,80.52910453299629,477.159352129371
4121c517,3007818.38,1131000.01,3723,119.68058397435516,119.90732824817826,141.6177746551239,141.93427573540146,119.90732824817826,200.11020988455883
43b06c70,3005407.91,1107461.225,4846,266.91584190840234,266.99743185272666,337.7791215561858,337.96334159160546,266.99743185272666,393.76584822048596
4463446c,2946432.45,1072619.82,3256,128.48327498918755,127.6784146486078,152.7581066557057,152.16318311901216,127.6784146486078,2733.633876473252
463c38f2,2935152.495,1058612.545,4460,157.57737570231913,157.46226073493017,154.8113453897786,154.63867501563772,157.46226073493017,476.4893327764938
46d24a09,2948924.06,1017951.71,4449,207.41078990260854,206.99506944418582,234.05809418078047,233.96078131758532,206.99506944418582,305.67870272566745
493b5b31,3035331.535,1093157.19,4671,59.65422540575801,59.18346295761084,80.28159021936752,80.24916943377825,59.18346295761084,191.3938667381705
4b462989,2927513.085,1057296.7599999998,3106,125.67116245716964,125.6559099942796,112.13224280351992,112.27032952739974,125.6559099942796,355.2141848587483
4c3df468,2885142.86,1017488.7,5392,239.76877504854846,239.65311792041888,278.65927890144167,278.4404577017013,239.65311792041888,599.1858885394179
4caa7289,2902093.415,1033387.25,5396,137.56176822565286,137.7788140603108,158.28399399093107,158.66870536510484,137.7788140603108,400.0995691383681
4ed93db6,3007424.5,1119330.17,4657,181.62149141057398,181.89731087986976,235.58927134018592,235.43314692746497,181.89731087986976,359.80841808486485
504c8b08,2912666.07,1040362.685,6367,101.95024031389302,102.29565844312019,194.71067330411563,194.82478031353233,102.29565844312019,553.8129127466439
5254b6db,2920532.36,1014970.52,3274,103.91021154069757,103.40247988436589,113.09124724511187,112.71336653014251,103.40247988436589,405.8731357518556
5397ceb1,2991631.06,1086710.64,5255,169.1506777981778,168.56948205121114,217.6331156868036,217.21166727301897,168.56948205121114,837.6782394808779
5542c301,2927812.72,1057560.01,3591,137.31031030092944,137.28476861160019,122.41293871929179,122.35190465481423,137.28476861160019,398.8504678764558
56b00794,2920038.76,1043285.45,6065,119.84363798239717,118.85644037186995,66.97890683443939,65.81494735829261,118.85644037186995,364.7112899266286
58850d2c,3026374.5599999996,1096171.12,4995,53.28373511741345,53.6895069916599,58.427163094408236,58.76092262214699,53.6895069916599,1787.8695826945618
5a1a8fd8,3001675.505,1099430.72,5260,107.11580394049453,105.93871698897782,80.12479564753114,79.47025234720603,105.93871698897782,545.3544191165159
5aa403d0,2926962.1,1056847.255,3118,119.07967001189436,119.1280946013851,103.26684757492708,103.21238293448174,119.1280946013851,370.44322888253623
5cb483ac,3012005.84,1107764.52,3852,91.72868678902324,91.0764785221396,129.864117780132,128.03278081704434,91.0764785221396,292.94402575391905
5eae34a8,2898567.925,1034286.48,4904,117.41262922591726,117.41118900212606,78.18136846515694,77.9326816486605,117.41118900212606,757.4757064256888
633774dc,2969502.715,1097773.1800000002,6233,119.33534103704537,118.19212021602172,66.3251663013,66.58730440177254,118.19212021602172,407.0709284633406
656a067b,3007966.1100000003,1131141.59,3051,106.01536721466354,105.86677902764507,118.87073163997816,118.56983041521801,105.86677902764507,204.6192789063464
67a8da4a,3021040.41,1084114.69,4911,98.02946573611722,98.30538443121091,61.01147569432659,61.25292890253486,98.30538443121091,377.98793975489
69e41fa6,3021718.6,1115979.69,5772,153.39823616619478,153.00088862289468,302.1073216328617,301.9135891776254,153.00088862289468,256.22174990617333
6d1d74e1,2885718.7649999997,1017654.1,5830,253.11144372997512,252.89926248541968,289.16334466975104,288.95288331175914,252.89926248541968,599.1858885394179
6e6d122c,3010111.05,1089404.39,5632,171.98726866337282,171.72534117672657,190.0112614569895,189.70491776143632,171.72534117672657,485.62570077169545
70925e23,3024110.5949999997,1078114.295,5947,60.841124026155214,60.93167688007769,64.7763456986735,65.10864650542284,60.93167688007769,6713.192592876291
722cf0d8,2887420.82,1027956.52,5143,131.46599302733375,131.38174787683286,134.1632576334084,134.02132293375539,131.38174787683286,625.4062554851121
729665c0,2999482.9,1093022.66,4263,217.9073715135995,217.5899728150075,390.99305099903575,390.85135646299403,217.5899728150075,421.2832874972773
73b1447d,3009625.425,1089405.215,5670,175.01931876374414,174.799139654276,186.19003328430796,185.93680640137848,174.799139654276,309.0927278742705
74b6186b,2957772.785,1089212.81,3405,126.0804148009882,126.13787480366378,163.91599841935098,163.85378459762867,126.13787480366378,357.823374481286
764072a5,2909820.665,1041536.735,2949,57.597121223709685,57.646985738871805,52.20784837756834,52.383250807209954,57.646985738871805,350.66873549004225
79507629,2999792.87,1073850.575,5302,265.9272096810655,266.0032818076829,366.5246777970995,366.4380251956533,266.0032818076829,352.5425208396774
7acda2df,2916682.0949999997,1042048.375,3091,61.83725791337413,62.00429603086019,55.01349388073212,55.160563704334216,62.00429603086019,359.0760944771111
7cbbd047,3017004.75,1111877.96,5121,191.8912318849014,191.46397275595723,297.09862451045973,296.8473293997964,191.46397275595723,870.0687316096454
7e208414,3010766.3899999997,1108001.895,4226,115.88886602500304,114.21821742154401,189.07922457251703,188.44212431208337,114.21821742154401,907.0084659606902
811f52b3,2905180.87,1034024.065,4836,134.11110964240103,134.28710967410552,124.40069635617535,124.61313248629388,134.28710967410552,356.3880007099312
84815d5a,3013525.6799999997,1102301.1600000001,3647,118.54980229520919,118.68543830571463,231.06297367460667,231.35525995081025,118.68543830571463,198.33487363557546
86454a6f,3002694.39,1086091.495,7964,158.4292565416271,158.10725516642609,166.27280890021657,165.90130588850968,158.10725516642609,2231.3732360644544
877ed19c,3012221.73,1113106.19,3708,209.56323233819563,209.21768666831105,195.4608241724693,195.10611509932517,209.21768666831105,302.79151176993616
8902c3f6,2946294.45,1066697.27,4959,152.08776323384035,151.67123535395632,173.7689055305183,173.38950362292738,151.67123535395632,586.1321258896592
89f36adf,3025382.26,1118675.4,5292,116.02519588831504,115.22418423018445,260.5006177783374,260.3314984989376,115.22418423018445,343.0650353798433
8ac2f237,3008767.7,1119536.61,5319,223.625534893961,223.80181959134623,355.1740683822348,354.4923449874979,223.80181959134623,494.45907029808984
8bb9c1e6,2905014.165,1033709.07,4546,115.83226314442588,116.15996568850021,105.40530696696872,105.66475255997867,116.15996568850021,350.13124146506766
8d92cb49,2989577.82,1091538.97,3589,123.15296279343366,123.26042878629427,175.68317389959591,175.84134093683255,123.26042878629427,421.665753055551
91db7070,3014052.1399999997,1097343.645,4073,124.50468754629937,124.04715499057893,269.60569384066207,269.3368606467815,124.04715499057893,714.1450197963179
93209a3d,3004375.92,1106777.23,4697,262.1177604229769,261.98928119507707,323.84474559762936,323.838238412452,261.98928119507707,456.0331676534626
9426ec1e,3012750.18,1107086.65,2532,75.52526967973384,75.67830884038004,84.79040155869218,84.7379158375208,75.67830884038004,583.1585966097736
95b559e7,3023623.96,1119404.37,2887,104.06607047571606,103.90834619571677,208.35074385307615,207.39339739543203,103.90834619571677,1208.5425020452124
96936c22,3007111.84,1088674.57,3346,57.3468946706984,57.23372734245485,72.54599804929796,72.52049806522557,57.23372734245485,291.24585627956003
98177ced,3035998.18,1093691.78,4772,65.31271581988376,65.13634694770357,86.11108548498768,85.75258905899797,65.13634694770357,125.04452856880413
99529c45,2896225.49,1025623.27,5840,137.1898789444018,137.31773076853582,200.92975866700644,200.64219115267457,137.31773076853582,1718.759807099101
9a95e33f,2887926.81,1010795.63,6447,228.37593670009943,228.07485512424773,335.5228151829671,335.3405059513965,228.07485512424773,407.62409460181294
9b5b61c1,2973524.91,1093676.66,5532,168.82963185580934,168.23105655943132,213.0406480540884,212.55257388238323,168.23105655943132,394.9814195945442
9bd2bba3,3007892.385,1078108.04,7439,239.33206505457352,239.22737969779283,267.4815370430708,267.12070058048033,239.22737969779283,363.97566580775646
9d5e14d4,2889297.24,1030145.53,5400,138.75991500328905,138.79188416483504,142.4904861828873,142.54504051107855,138.79188416483504,546.4418112896351
9dfff011,2985618.87,1093120.55,4319,76.65728950378154,76.13129865246769,103.13211243461424,102.75475937463679,76.13129865246769,2210.435426810715
a0383629,2895365.18,1033758.0,5832,92.47807635625932,92.17192937837513,75.66336166895805,75.63723104499384,92.17192937837513,711.3591860832297
a15bc102,2960734.62,1085747.155,3236,127.42165233285752,127.60868618107418,160.50361171327845,160.79687892219283,127.60868618107418,1433.3852778039832
a5aa7973,3007446.97,1131108.41,4616,128.69507618345165,128.9637179975808,163.43131103523854,163.55134774011353,128.9637179975808,186.8304825231621
a692b17e,2909117.59,1041308.51,3566,76.74222591040467,76.56327285359588,69.30689343174352,69.2341867816763,76.56327285359588,388.5427876050806
a7744f5b,2908455.57,1032835.45,4377,142.74416050647278,142.22467626554086,152.38883354384728,151.9411568336149,142.22467626554086,373.8727788965372
a85e4bc3,2861952.68,1039791.63,4581,176.35815579707472,175.90945517219933,218.8870695324598,218.33665140603142,175.90945517219933,1202.7248427215595
a9c9b150,2984988.035,1110344.83,3986,149.61293290472244,149.84635865818754,202.41171124144503,202.4789644805474,149.84635865818754,509.09440401566735
ab112491,2998298.7199999997,1088046.18,5185,191.30766659912348,191.1174021814806,188.37483117628415,188.20688074425846,191.1174021814806,1339.7350644441963
abf460d2,3007346.96,1088846.45,3217,59.88330835090624,59.671456287660504,76.75774559075587,76.81647048326711,59.671456287660504,198.1104550498937
ae0784a8,2992524.11,1067659.35,7823,205.2688560958222,205.0229580741627,297.6972982560218,297.48878178801107,205.0229580741627,682.672912198993
af7a59ce,2904235.745,1024876.05,3024,76.3866112196706,74.95274250277099,84.3376441325893,83.02329645225582,74.95274250277099,1021.8618008931536
b1efb8a4,3006238.9699999997,1100608.685,5998,90.72944233010769,90.4160226691746,125.56527691934619,125.00976515919646,90.4160226691746,179.01892148635815
b32902c0,2989954.6,1117172.97,3808,131.865320491935,131.619407345157,186.02357924118164,186.3204466293018,131.619407345157,373.4231018561586
b4d8dd4f,2915112.95,1047096.53,4259,98.30587335694226,98.6586620994767,90.62957286072779,90.6946527446763,98.6586620994767,618.433491411946
b5aa9634,3008972.8,1078751.58,7326,232.7984953400346,232.3606471280824,263.11399664713247,262.6289093033343,232.3606471280824,240.61436470002246
b7974e66,2987381.745,1068393.1,5558,158.77884491828593,159.006852994229,198.5569598903357,198.65487804253627,159.006852994229,314.5255710193944
b8c49c1a,2944568.26,1063775.585,4319,147.63433108842895,147.29175171417535,179.7454110283734,179.31424414554385,147.29175171417535,503.8594869854815
bcebcc5f,2960242.64,1078380.44,6258,146.46694654719442,145.707193807206,174.72721375295225,174.18036301758121,145.707193807206,95.20253200440595
be063506,3001541.67,1105578.65,4500,232.63227465873337,232.75471978261044,283.27632672220636,283.2740973578597,232.75471978261044,1196.1488682640088
c07fd0cd,3022943.78,1085336.51,4191,90.19711204128814,89.78345589863812,58.680208702769896,58.11386792916546,89.78345589863812,458.50436202941404
c2c6fc71,3006741.67,1087237.795,7119,195.57367195765923,195.1465549131608,203.41194477532852,202.98067669571032,195.1465549131608,1483.6941158895745
c43812e2,2983127.9,1055798.84,5527,260.93989876369767,261.0124597406644,259.0243825049392,259.1057553294819,261.0124597406644,1061.857572770418
c593337f,2995086.7199999997,1073596.04,5208,273.5316871025893,273.746304687544,420.86376877076736,420.46585571254894,273.746304687544,2003.1095198468615
c6c96179,2910245.17,1037415.5,4004,138.07619303137048,137.6098497652506,145.5333260215606,145.0144322852375,137.6098497652506,334.68316360417003
c9578d27,2904704.99,1033544.745,4487,128.76606777812836,128.8991690834302,118.50752689642589,118.71372052486366,128.8991690834302,350.13124146506766
c9fedcf3,2990133.005,1068770.6,3517,78.96350677305716,77.19710915283319,106.17002613206802,104.61445804099313,77.19710915283319,2207.682196586313
cbb406b5,3005829.4,1125728.46,6328,227.76293296546794,227.77060436093447,301.2907909243895,301.39662266712406,227.77060436093447,877.2100249369341
cc8a1d57,2923893.28,1019107.64,6638,167.97963742992542,167.9341565537294,221.19947223265737,221.38049603149696,167.9341565537294,544.6563879178517
cdc60a53,2905678.35,1037256.55,5878,141.19102332023945,141.0831548615814,126.22029685427347,126.23862147756668,141.0831548615814,376.2098701523214
d011f41b,2972881.5700000003,1095034.075,2267,90.20659981853689,89.51533653949821,96.38557844636524,95.44614436288948,89.51533653949821,1367.6185495412437
d0cb63ae,3006228.47,1138199.26,5223,228.36974906985162,228.65067787053906,232.47208023492425,232.73109029281568,228.65067787053906,571.1989924056061
d24ff243,2901878.575,1023291.93,5641,85.53555192073468,84.72453833699417,113.23237205521599,112.28816799506652,84.72453833699417,696.9726900137938
d273674e,3012884.825,1102140.82,3899,93.04605381975847,92.94537204349504,201.90006471077368,202.183005230247,92.94537204349504,660.6088454027891
d463e527,3024666.66,1111389.95,4767,106.40883217358504,105.8707349603922,102.01064518165818,101.48967628581785,105.8707349603922,591.0626406735033
d60430e6,2993378.49,1115818.4249999998,2511,162.5514141232819,162.56241893410515,226.65034834033742,226.62624704293748,162.56241893410515,1532.3702775847973
d7eb0be8,3034439.15,1090919.955,5401,109.2500665177465,109.87899362609734,114.971200341616,115.63023624855424,109.87899362609734,222.65116146112575
d9d6d94d,3020535.535,1083922.5150000001,4919,96.72123646357832,97.14687796716665,61.648048611009216,61.97491990025743,97.14687796716665,166.32576123356
da3cf798,2933481.06,1066959.14,5844,219.77202368398537,219.85246075086053,332.402105352328,332.24227477111833,219.85246075086053,1234.555510953345
dc7da28f,2892937.91,1025439.615,4774,114.45027061703814,113.86393864379444,138.89779234272754,138.44685768910907,113.86393864379444,1715.7571275167686
e0079ed1,2957505.89,1083676.71,3471,125.88369711072191,124.62878710010557,156.9579637655007,155.70134791001436,124.62878710010557,2422.230459431918
e161bd0c,3004353.95,1088533.33,2949,66.71718093844765,67.30836135983597,72.43830280684243,72.75689902298477,67.30836135983597,2716.5451836154207
e3b34f5b,2951798.97,1077064.33,5455,191.63876033325747,191.14706350447594,297.3905436070056,297.10155061688,191.14706350447594,1881.8392680035718
e5c92e59,3019975.23,1106765.15,4295,143.15808666741975,143.27667793347942,169.20707535188265,169.19633986397994,143.27667793347942,354.5983778867405
e737965a,2897979.505,1027884.55,5955,161.52505423907166,161.4230928038118,263.6263849833496,263.7291628517022,161.4230928038118,354.11591594420247
e748dd88,3011118.565,1102494.65,4812,132.06264140388382,131.14778134342222,135.62925823614734,134.70020010724846,131.14778134342222,883.9372486918613
e97032ad,2916975.285,1047152.86,3530,86.07750623362419,86.38889371542119,72.13331250121026,72.46333437596589,86.38889371542119,22.622042900405212
eb06a4e7,3006121.72,1113220.2,4535,180.81392865998768,181.01673780735436,364.6276695101188,364.5590763792584,181.01673780735436,213.7609085520659
ec0d597b,2894152.69,1026651.28,4616,131.62142071242553,131.17925843662758,161.72090963831266,161.35537312266624,131.17925843662758,1715.7571275167686
eeda36f5,2947021.15,1012326.105,4797,105.79058820213473,105.71101890250316,87.60756035945188,87.79159314816789,105.71101890250316,654.4785363362857
efe96181,2940645.48,1063127.13,4012,133.41384036824988,132.75412756750143,161.50400309871537,160.98208893113355,132.75412756750143,2690.020239347711
f08774c3,2919023.58,1015176.24,3900,112.65680911674745,112.66198998162179,111.13795049395665,111.15445371471166,112.66198998162179,1522.7402295859167
f40cd091,2998892.2800000003,1104440.93,5166,237.7131550756696,238.03820516552273,268.3726685091828,268.5272724925773,238.03820516552273,648.2077020528562
f5859199,2987350.675,1055037.005,5790,193.93111557914477,193.71646097245056,147.9746035085959,148.13545948294987,193.71646097245056,2093.6471856189382
f6d009f4,3007619.66,1138393.94,6715,253.1699288934952,253.49800412450094,254.25990681025596,254.5975498986596,253.49800412450094,307.23252187891165
f9fc81aa,2907764.02,1029348.09,5598,156.47652703045955,155.89528107693215,163.23135779966782,162.63025845308647,155.89528107693215,355.14450298430484
fa667be2,3008751.0700000003,1078635.01,7296,242.81099436722877,242.5987517219069,274.03159077667755,273.70677060520364,242.5987517219069,236.2557260680224
fb73b13a,3007319.27,1138458.42,5640,243.9523398480557,243.62197122425218,244.95170815065077,244.62971630689023,243.62197122425218,307.23252187891165
fcfcc902,2984003.47,1091611.74,2791,92.31048193851147,92.44484380004936,105.4717281415267,105.30990988922808,92.44484380004936,2210.435426810715
fdfd57da,3001901.55,1113324.74,5236,263.516009040064,263.30802785632926,351.1419633953401,350.9152636198937,263.30802785632926,431.80316557436504
