id,tvt
000d7d20_1442,11747.380000000001
000d7d20_1443,11747.390000000001
000d7d20_1444,11747.400000000001
000d7d20_1445,11747.410000000003
000d7d20_1446,11747.420000000004
000d7d20_1447,11747.430000000004
000d7d20_1448,11747.430000000004
000d7d20_1449,11747.440000000004
000d7d20_1450,11747.450000000004
000d7d20_1451,11747.460000000005
000d7d20_1452,11747.460000000006
000d7d20_1453,11747.470000000007
000d7d20_1454,11747.480000000007
000d7d20_1455,11747.480000000007
000d7d20_1456,11747.490000000007
000d7d20_1457,11747.500000000007
000d7d20_1458,11747.50000000001
000d7d20_1459,11747.51000000001
000d7d20_1460,11747.51000000001
000d7d20_1461,11747.52000000001
000d7d20_1462,11747.52000000001
000d7d20_1463,11747.520000000011
000d7d20_1464,11747.530000000012
000d7d20_1465,11747.530000000012
000d7d20_1466,11747.530000000012
000d7d20_1467,11747.540000000012
000d7d20_1468,11747.540000000012
000d7d20_1469,11747.540000000014
000d7d20_1470,11747.540000000014
000d7d20_1471,11747.540000000014
000d7d20_1472,11747.540000000014
000d7d20_1473,11747.540000000015
000d7d20_1474,11747.540000000015
000d7d20_1475,11747.540000000015
000d7d20_1476,11747.540000000015
000d7d20_1477,11747.540000000017
000d7d20_1478,11747.540000000017
000d7d20_1479,11747.540000000017
000d7d20_1480,11747.540000000017
000d7d20_1481,11747.540000000019
000d7d20_1482,11747.540000000019
000d7d20_1483,11747.530000000019
000d7d20_1484,11747.530000000019
000d7d20_1485,11747.53000000002
000d7d20_1486,11747.52000000002
000d7d20_1487,11747.52000000002
000d7d20_1488,11747.520000000022
000d7d20_1489,11747.510000000022
000d7d20_1490,11747.510000000022
000d7d20_1491,11747.500000000022
000d7d20_1492,11747.500000000024
000d7d20_1493,11747.490000000023
000d7d20_1494,11747.490000000023
000d7d20_1495,11747.480000000025
000d7d20_1496,11747.470000000025
000d7d20_1497,11747.470000000025
000d7d20_1498,11747.460000000026
000d7d20_1499,11747.450000000026
000d7d20_1500,11747.440000000026
000d7d20_1501,11747.440000000028
000d7d20_1502,11747.430000000028
000d7d20_1503,11747.420000000027
000d7d20_1504,11747.410000000029
000d7d20_1505,11747.400000000029
000d7d20_1506,11747.390000000029
000d7d20_1507,11747.39000000003
000d7d20_1508,11747.38000000003
000d7d20_1509,11747.37000000003
000d7d20_1510,11747.360000000032
000d7d20_1511,11747.350000000031
000d7d20_1512,11747.340000000031
000d7d20_1513,11747.330000000033
000d7d20_1514,11747.320000000032
000d7d20_1515,11747.310000000034
000d7d20_1516,11747.310000000034
000d7d20_1517,11747.300000000034
000d7d20_1518,11747.290000000034
000d7d20_1519,11747.280000000035
000d7d20_1520,11747.270000000035
000d7d20_1521,11747.260000000037
000d7d20_1522,11747.250000000036
000d7d20_1523,11747.240000000036
000d7d20_1524,11747.230000000038
000d7d20_1525,11747.220000000038
000d7d20_1526,11747.210000000037
000d7d20_1527,11747.200000000039
000d7d20_1528,11747.190000000039
000d7d20_1529,11747.180000000038
000d7d20_1530,11747.16000000004
000d7d20_1531,11747.15000000004
000d7d20_1532,11747.140000000041
000d7d20_1533,11747.130000000041
000d7d20_1534,11747.12000000004
000d7d20_1535,11747.110000000042
000d7d20_1536,11747.100000000042
000d7d20_1537,11747.090000000042
000d7d20_1538,11747.080000000044
000d7d20_1539,11747.060000000043
000d7d20_1540,11747.050000000045
000d7d20_1541,11747.040000000045
000d7d20_1542,11747.030000000044
000d7d20_1543,11747.020000000046
000d7d20_1544,11747.010000000046
000d7d20_1545,11746.990000000047
000d7d20_1546,11746.980000000047
000d7d20_1547,11746.970000000047
000d7d20_1548,11746.960000000048
000d7d20_1549,11746.940000000048
000d7d20_1550,11746.930000000048
000d7d20_1551,11746.92000000005
000d7d20_1552,11746.910000000049
000d7d20_1553,11746.89000000005
000d7d20_1554,11746.88000000005
000d7d20_1555,11746.87000000005
000d7d20_1556,11746.850000000051
000d7d20_1557,11746.840000000051
000d7d20_1558,11746.830000000053
000d7d20_1559,11746.820000000052
000d7d20_1560,11746.800000000052
000d7d20_1561,11746.790000000054
000d7d20_1562,11746.770000000053
000d7d20_1563,11746.760000000055
000d7d20_1564,11746.750000000055
000d7d20_1565,11746.730000000054
000d7d20_1566,11746.720000000056
000d7d20_1567,11746.700000000055
000d7d20_1568,11746.690000000057
000d7d20_1569,11746.680000000057
000d7d20_1570,11746.660000000058
000d7d20_1571,11746.650000000058
000d7d20_1572,11746.630000000057
000d7d20_1573,11746.620000000059
000d7d20_1574,11746.600000000059
000d7d20_1575,11746.59000000006
000d7d20_1576,11746.57000000006
000d7d20_1577,11746.56000000006
000d7d20_1578,11746.54000000006
000d7d20_1579,11746.53000000006
000d7d20_1580,11746.510000000062
000d7d20_1581,11746.500000000062
000d7d20_1582,11746.480000000063
000d7d20_1583,11746.470000000063
000d7d20_1584,11746.450000000063
000d7d20_1585,11746.440000000064
000d7d20_1586,11746.420000000064
000d7d20_1587,11746.400000000065
000d7d20_1588,11746.390000000065
000d7d20_1589,11746.370000000066
000d7d20_1590,11746.360000000066
000d7d20_1591,11746.340000000066
000d7d20_1592,11746.320000000067
000d7d20_1593,11746.310000000067
000d7d20_1594,11746.290000000068
000d7d20_1595,11746.270000000068
000d7d20_1596,11746.26000000007
000d7d20_1597,11746.240000000069
000d7d20_1598,11746.22000000007
000d7d20_1599,11746.21000000007
000d7d20_1600,11746.19000000007
000d7d20_1601,11746.170000000071
000d7d20_1602,11746.16000000007
000d7d20_1603,11746.140000000072
000d7d20_1604,11746.120000000072
000d7d20_1605,11746.110000000073
000d7d20_1606,11746.090000000073
000d7d20_1607,11746.070000000072
000d7d20_1608,11746.060000000074
000d7d20_1609,11746.040000000074
000d7d20_1610,11746.030000000075
000d7d20_1611,11746.010000000075
000d7d20_1612,11745.990000000076
000d7d20_1613,11745.980000000076
000d7d20_1614,11745.960000000076
000d7d20_1615,11745.940000000077
000d7d20_1616,11745.930000000077
000d7d20_1617,11745.910000000078
000d7d20_1618,11745.900000000078
000d7d20_1619,11745.88000000008
000d7d20_1620,11745.860000000079
000d7d20_1621,11745.850000000079
000d7d20_1622,11745.83000000008
000d7d20_1623,11745.81000000008
000d7d20_1624,11745.800000000081
000d7d20_1625,11745.78000000008
000d7d20_1626,11745.770000000082
000d7d20_1627,11745.750000000082
000d7d20_1628,11745.730000000083
000d7d20_1629,11745.720000000083
000d7d20_1630,11745.700000000083
000d7d20_1631,11745.690000000084
000d7d20_1632,11745.670000000084
000d7d20_1633,11745.650000000085
000d7d20_1634,11745.640000000085
000d7d20_1635,11745.620000000086
000d7d20_1636,11745.610000000086
000d7d20_1637,11745.590000000086
000d7d20_1638,11745.570000000087
000d7d20_1639,11745.560000000087
000d7d20_1640,11745.540000000088
000d7d20_1641,11745.530000000088
000d7d20_1642,11745.51000000009
000d7d20_1643,11745.50000000009
000d7d20_1644,11745.480000000089
000d7d20_1645,11745.46000000009
000d7d20_1646,11745.45000000009
000d7d20_1647,11745.430000000091
000d7d20_1648,11745.420000000091
000d7d20_1649,11745.400000000092
000d7d20_1650,11745.390000000092
000d7d20_1651,11745.370000000092
000d7d20_1652,11745.360000000093
000d7d20_1653,11745.340000000093
000d7d20_1654,11745.320000000094
000d7d20_1655,11745.310000000094
000d7d20_1656,11745.290000000095
000d7d20_1657,11745.280000000095
000d7d20_1658,11745.260000000095
000d7d20_1659,11745.250000000096
000d7d20_1660,11745.230000000096
000d7d20_1661,11745.220000000098
000d7d20_1662,11745.200000000097
000d7d20_1663,11745.180000000099
000d7d20_1664,11745.170000000098
000d7d20_1665,11745.150000000098
000d7d20_1666,11745.1400000001
000d7d20_1667,11745.120000000099
000d7d20_1668,11745.1100000001
000d7d20_1669,11745.0900000001
000d7d20_1670,11745.0800000001
000d7d20_1671,11745.060000000101
000d7d20_1672,11745.050000000101
000d7d20_1673,11745.030000000103
000d7d20_1674,11745.020000000102
000d7d20_1675,11745.000000000104
000d7d20_1676,11744.990000000103
000d7d20_1677,11744.970000000103
000d7d20_1678,11744.960000000105
000d7d20_1679,11744.940000000104
000d7d20_1680,11744.930000000106
000d7d20_1681,11744.910000000105
000d7d20_1682,11744.900000000107
000d7d20_1683,11744.880000000107
000d7d20_1684,11744.870000000106
000d7d20_1685,11744.850000000108
000d7d20_1686,11744.840000000107
000d7d20_1687,11744.820000000109
000d7d20_1688,11744.810000000109
000d7d20_1689,11744.79000000011
000d7d20_1690,11744.78000000011
000d7d20_1691,11744.76000000011
000d7d20_1692,11744.750000000111
000d7d20_1693,11744.73000000011
000d7d20_1694,11744.720000000112
000d7d20_1695,11744.710000000112
000d7d20_1696,11744.690000000111
000d7d20_1697,11744.680000000113
000d7d20_1698,11744.670000000113
000d7d20_1699,11744.660000000113
000d7d20_1700,11744.640000000114
000d7d20_1701,11744.630000000114
000d7d20_1702,11744.620000000115
000d7d20_1703,11744.610000000115
000d7d20_1704,11744.600000000115
000d7d20_1705,11744.590000000117
000d7d20_1706,11744.570000000116
000d7d20_1707,11744.560000000118
000d7d20_1708,11744.550000000118
000d7d20_1709,11744.540000000117
000d7d20_1710,11744.530000000119
000d7d20_1711,11744.520000000119
000d7d20_1712,11744.510000000118
000d7d20_1713,11744.50000000012
000d7d20_1714,11744.49000000012
000d7d20_1715,11744.49000000012
000d7d20_1716,11744.480000000121
000d7d20_1717,11744.470000000121
000d7d20_1718,11744.460000000121
000d7d20_1719,11744.450000000123
000d7d20_1720,11744.440000000122
000d7d20_1721,11744.440000000122
000d7d20_1722,11744.430000000124
000d7d20_1723,11744.420000000124
000d7d20_1724,11744.410000000124
000d7d20_1725,11744.410000000125
000d7d20_1726,11744.400000000125
000d7d20_1727,11744.390000000125
000d7d20_1728,11744.390000000127
000d7d20_1729,11744.380000000127
000d7d20_1730,11744.380000000127
000d7d20_1731,11744.370000000128
000d7d20_1732,11744.370000000128
000d7d20_1733,11744.360000000128
000d7d20_1734,11744.360000000128
000d7d20_1735,11744.35000000013
000d7d20_1736,11744.35000000013
000d7d20_1737,11744.34000000013
000d7d20_1738,11744.340000000131
000d7d20_1739,11744.340000000131
000d7d20_1740,11744.33000000013
000d7d20_1741,11744.330000000133
000d7d20_1742,11744.330000000133
000d7d20_1743,11744.320000000132
000d7d20_1744,11744.320000000132
000d7d20_1745,11744.320000000134
000d7d20_1746,11744.320000000134
000d7d20_1747,11744.320000000134
000d7d20_1748,11744.310000000134
000d7d20_1749,11744.310000000136
000d7d20_1750,11744.310000000136
000d7d20_1751,11744.310000000136
000d7d20_1752,11744.310000000136
000d7d20_1753,11744.310000000138
000d7d20_1754,11744.310000000138
000d7d20_1755,11744.310000000138
000d7d20_1756,11744.310000000138
000d7d20_1757,11744.31000000014
000d7d20_1758,11744.31000000014
000d7d20_1759,11744.31000000014
000d7d20_1760,11744.31000000014
000d7d20_1761,11744.310000000141
000d7d20_1762,11744.310000000141
000d7d20_1763,11744.320000000142
000d7d20_1764,11744.320000000142
000d7d20_1765,11744.320000000142
000d7d20_1766,11744.320000000143
000d7d20_1767,11744.320000000143
000d7d20_1768,11744.330000000144
000d7d20_1769,11744.330000000144
000d7d20_1770,11744.330000000144
000d7d20_1771,11744.340000000146
000d7d20_1772,11744.340000000146
000d7d20_1773,11744.340000000146
000d7d20_1774,11744.350000000146
000d7d20_1775,11744.350000000146
000d7d20_1776,11744.360000000148
000d7d20_1777,11744.360000000148
000d7d20_1778,11744.370000000148
000d7d20_1779,11744.370000000148
000d7d20_1780,11744.380000000148
000d7d20_1781,11744.38000000015
000d7d20_1782,11744.39000000015
000d7d20_1783,11744.40000000015
000d7d20_1784,11744.40000000015
000d7d20_1785,11744.41000000015
000d7d20_1786,11744.41000000015
000d7d20_1787,11744.420000000151
000d7d20_1788,11744.420000000153
000d7d20_1789,11744.430000000153
000d7d20_1790,11744.430000000153
000d7d20_1791,11744.440000000153
000d7d20_1792,11744.440000000153
000d7d20_1793,11744.450000000155
000d7d20_1794,11744.450000000155
000d7d20_1795,11744.450000000155
000d7d20_1796,11744.460000000156
000d7d20_1797,11744.460000000156
000d7d20_1798,11744.470000000158
000d7d20_1799,11744.470000000158
000d7d20_1800,11744.470000000158
000d7d20_1801,11744.470000000158
000d7d20_1802,11744.480000000158
000d7d20_1803,11744.48000000016
000d7d20_1804,11744.48000000016
000d7d20_1805,11744.48000000016
000d7d20_1806,11744.49000000016
000d7d20_1807,11744.49000000016
000d7d20_1808,11744.490000000162
000d7d20_1809,11744.490000000162
000d7d20_1810,11744.490000000162
000d7d20_1811,11744.490000000162
000d7d20_1812,11744.500000000164
000d7d20_1813,11744.500000000164
000d7d20_1814,11744.500000000164
000d7d20_1815,11744.500000000164
000d7d20_1816,11744.500000000164
000d7d20_1817,11744.500000000166
000d7d20_1818,11744.500000000166
000d7d20_1819,11744.500000000166
000d7d20_1820,11744.500000000166
000d7d20_1821,11744.500000000167
000d7d20_1822,11744.500000000167
000d7d20_1823,11744.500000000167
000d7d20_1824,11744.500000000167
000d7d20_1825,11744.50000000017
000d7d20_1826,11744.490000000169
000d7d20_1827,11744.490000000169
000d7d20_1828,11744.490000000169
000d7d20_1829,11744.49000000017
000d7d20_1830,11744.49000000017
000d7d20_1831,11744.49000000017
000d7d20_1832,11744.480000000172
000d7d20_1833,11744.480000000172
000d7d20_1834,11744.480000000172
000d7d20_1835,11744.480000000172
000d7d20_1836,11744.470000000174
000d7d20_1837,11744.470000000174
000d7d20_1838,11744.470000000174
000d7d20_1839,11744.460000000174
000d7d20_1840,11744.460000000176
000d7d20_1841,11744.460000000176
000d7d20_1842,11744.450000000175
000d7d20_1843,11744.450000000177
000d7d20_1844,11744.440000000177
000d7d20_1845,11744.440000000177
000d7d20_1846,11744.430000000179
000d7d20_1847,11744.430000000179
000d7d20_1848,11744.420000000178
000d7d20_1849,11744.420000000178
000d7d20_1850,11744.41000000018
000d7d20_1851,11744.41000000018
000d7d20_1852,11744.40000000018
000d7d20_1853,11744.400000000182
000d7d20_1854,11744.390000000181
000d7d20_1855,11744.390000000181
000d7d20_1856,11744.380000000183
000d7d20_1857,11744.370000000183
000d7d20_1858,11744.370000000183
000d7d20_1859,11744.360000000182
000d7d20_1860,11744.350000000184
000d7d20_1861,11744.350000000184
000d7d20_1862,11744.340000000184
000d7d20_1863,11744.330000000185
000d7d20_1864,11744.320000000185
000d7d20_1865,11744.320000000185
000d7d20_1866,11744.310000000187
000d7d20_1867,11744.300000000187
000d7d20_1868,11744.290000000186
000d7d20_1869,11744.280000000188
000d7d20_1870,11744.270000000188
000d7d20_1871,11744.270000000188
000d7d20_1872,11744.26000000019
000d7d20_1873,11744.25000000019
000d7d20_1874,11744.24000000019
000d7d20_1875,11744.23000000019
000d7d20_1876,11744.22000000019
000d7d20_1877,11744.210000000192
000d7d20_1878,11744.200000000192
000d7d20_1879,11744.190000000192
000d7d20_1880,11744.180000000193
000d7d20_1881,11744.170000000193
000d7d20_1882,11744.160000000193
000d7d20_1883,11744.150000000194
000d7d20_1884,11744.150000000194
000d7d20_1885,11744.140000000194
000d7d20_1886,11744.130000000196
000d7d20_1887,11744.120000000195
000d7d20_1888,11744.110000000195
000d7d20_1889,11744.100000000197
000d7d20_1890,11744.100000000197
000d7d20_1891,11744.090000000197
000d7d20_1892,11744.080000000198
000d7d20_1893,11744.070000000198
000d7d20_1894,11744.060000000198
000d7d20_1895,11744.0600000002
000d7d20_1896,11744.0500000002
000d7d20_1897,11744.0400000002
000d7d20_1898,11744.0300000002
000d7d20_1899,11744.0300000002
000d7d20_1900,11744.0200000002
000d7d20_1901,11744.010000000202
000d7d20_1902,11744.010000000202
000d7d20_1903,11744.000000000202
000d7d20_1904,11743.990000000204
000d7d20_1905,11743.990000000204
000d7d20_1906,11743.980000000203
000d7d20_1907,11743.970000000205
000d7d20_1908,11743.970000000205
000d7d20_1909,11743.960000000205
000d7d20_1910,11743.960000000206
000d7d20_1911,11743.950000000206
000d7d20_1912,11743.940000000206
000d7d20_1913,11743.940000000206
000d7d20_1914,11743.930000000208
000d7d20_1915,11743.930000000208
000d7d20_1916,11743.920000000207
000d7d20_1917,11743.92000000021
000d7d20_1918,11743.910000000209
000d7d20_1919,11743.910000000209
000d7d20_1920,11743.90000000021
000d7d20_1921,11743.90000000021
000d7d20_1922,11743.89000000021
000d7d20_1923,11743.89000000021
000d7d20_1924,11743.880000000212
000d7d20_1925,11743.880000000212
000d7d20_1926,11743.880000000212
000d7d20_1927,11743.870000000214
000d7d20_1928,11743.870000000214
000d7d20_1929,11743.860000000213
000d7d20_1930,11743.860000000215
000d7d20_1931,11743.860000000215
000d7d20_1932,11743.850000000215
000d7d20_1933,11743.850000000215
000d7d20_1934,11743.850000000217
000d7d20_1935,11743.840000000217
000d7d20_1936,11743.840000000217
000d7d20_1937,11743.840000000217
000d7d20_1938,11743.830000000218
000d7d20_1939,11743.830000000218
000d7d20_1940,11743.830000000218
000d7d20_1941,11743.83000000022
000d7d20_1942,11743.82000000022
000d7d20_1943,11743.82000000022
000d7d20_1944,11743.82000000022
000d7d20_1945,11743.820000000222
000d7d20_1946,11743.820000000222
000d7d20_1947,11743.810000000221
000d7d20_1948,11743.810000000221
000d7d20_1949,11743.810000000223
000d7d20_1950,11743.810000000223
000d7d20_1951,11743.810000000223
000d7d20_1952,11743.810000000223
000d7d20_1953,11743.810000000225
000d7d20_1954,11743.800000000225
000d7d20_1955,11743.800000000225
000d7d20_1956,11743.800000000225
000d7d20_1957,11743.800000000227
000d7d20_1958,11743.800000000227
000d7d20_1959,11743.800000000227
000d7d20_1960,11743.800000000227
000d7d20_1961,11743.800000000228
000d7d20_1962,11743.800000000228
000d7d20_1963,11743.800000000228
000d7d20_1964,11743.800000000228
000d7d20_1965,11743.80000000023
000d7d20_1966,11743.80000000023
000d7d20_1967,11743.80000000023
000d7d20_1968,11743.80000000023
000d7d20_1969,11743.800000000232
000d7d20_1970,11743.800000000232
000d7d20_1971,11743.800000000232
000d7d20_1972,11743.800000000232
000d7d20_1973,11743.810000000232
000d7d20_1974,11743.810000000234
000d7d20_1975,11743.810000000234
000d7d20_1976,11743.810000000234
000d7d20_1977,11743.810000000234
000d7d20_1978,11743.810000000236
000d7d20_1979,11743.820000000236
000d7d20_1980,11743.820000000236
000d7d20_1981,11743.820000000236
000d7d20_1982,11743.820000000236
000d7d20_1983,11743.830000000238
000d7d20_1984,11743.830000000238
000d7d20_1985,11743.830000000238
000d7d20_1986,11743.840000000238
000d7d20_1987,11743.840000000238
000d7d20_1988,11743.84000000024
000d7d20_1989,11743.85000000024
000d7d20_1990,11743.85000000024
000d7d20_1991,11743.86000000024
000d7d20_1992,11743.86000000024
000d7d20_1993,11743.870000000243
000d7d20_1994,11743.870000000243
000d7d20_1995,11743.880000000243
000d7d20_1996,11743.880000000243
000d7d20_1997,11743.890000000243
000d7d20_1998,11743.890000000243
000d7d20_1999,11743.900000000245
000d7d20_2000,11743.900000000245
000d7d20_2001,11743.910000000245
000d7d20_2002,11743.910000000245
000d7d20_2003,11743.920000000246
000d7d20_2004,11743.930000000246
000d7d20_2005,11743.930000000248
000d7d20_2006,11743.940000000248
000d7d20_2007,11743.950000000248
000d7d20_2008,11743.950000000248
000d7d20_2009,11743.960000000248
000d7d20_2010,11743.970000000249
000d7d20_2011,11743.98000000025
000d7d20_2012,11743.98000000025
000d7d20_2013,11743.99000000025
000d7d20_2014,11744.000000000251
000d7d20_2015,11744.010000000251
000d7d20_2016,11744.020000000251
000d7d20_2017,11744.020000000251
000d7d20_2018,11744.030000000253
000d7d20_2019,11744.040000000254
000d7d20_2020,11744.050000000254
000d7d20_2021,11744.060000000254
000d7d20_2022,11744.070000000254
000d7d20_2023,11744.080000000255
000d7d20_2024,11744.090000000255
000d7d20_2025,11744.100000000255
000d7d20_2026,11744.110000000257
000d7d20_2027,11744.120000000257
000d7d20_2028,11744.130000000257
000d7d20_2029,11744.140000000258
000d7d20_2030,11744.150000000258
000d7d20_2031,11744.160000000258
000d7d20_2032,11744.170000000258
000d7d20_2033,11744.180000000259
000d7d20_2034,11744.200000000259
000d7d20_2035,11744.210000000261
000d7d20_2036,11744.220000000261
000d7d20_2037,11744.230000000261
000d7d20_2038,11744.240000000262
000d7d20_2039,11744.260000000262
000d7d20_2040,11744.270000000262
000d7d20_2041,11744.280000000263
000d7d20_2042,11744.290000000263
000d7d20_2043,11744.310000000263
000d7d20_2044,11744.320000000263
000d7d20_2045,11744.330000000264
000d7d20_2046,11744.350000000264
000d7d20_2047,11744.360000000266
000d7d20_2048,11744.370000000266
000d7d20_2049,11744.390000000267
000d7d20_2050,11744.400000000267
000d7d20_2051,11744.420000000267
000d7d20_2052,11744.430000000268
000d7d20_2053,11744.440000000268
000d7d20_2054,11744.460000000268
000d7d20_2055,11744.470000000269
000d7d20_2056,11744.490000000269
000d7d20_2057,11744.50000000027
000d7d20_2058,11744.52000000027
000d7d20_2059,11744.54000000027
000d7d20_2060,11744.55000000027
000d7d20_2061,11744.57000000027
000d7d20_2062,11744.580000000273
000d7d20_2063,11744.600000000273
000d7d20_2064,11744.620000000274
000d7d20_2065,11744.630000000274
000d7d20_2066,11744.650000000274
000d7d20_2067,11744.670000000275
000d7d20_2068,11744.680000000275
000d7d20_2069,11744.700000000275
000d7d20_2070,11744.710000000276
000d7d20_2071,11744.730000000276
000d7d20_2072,11744.750000000276
000d7d20_2073,11744.760000000277
000d7d20_2074,11744.780000000277
000d7d20_2075,11744.790000000277
000d7d20_2076,11744.810000000278
000d7d20_2077,11744.820000000278
000d7d20_2078,11744.840000000278
000d7d20_2079,11744.860000000279
000d7d20_2080,11744.87000000028
000d7d20_2081,11744.89000000028
000d7d20_2082,11744.900000000282
000d7d20_2083,11744.920000000282
000d7d20_2084,11744.930000000282
000d7d20_2085,11744.950000000283
000d7d20_2086,11744.960000000283
000d7d20_2087,11744.980000000283
000d7d20_2088,11744.990000000284
000d7d20_2089,11745.010000000284
000d7d20_2090,11745.020000000284
000d7d20_2091,11745.030000000284
000d7d20_2092,11745.050000000285
000d7d20_2093,11745.060000000285
000d7d20_2094,11745.080000000286
000d7d20_2095,11745.090000000286
000d7d20_2096,11745.110000000286
000d7d20_2097,11745.120000000286
000d7d20_2098,11745.130000000288
000d7d20_2099,11745.150000000289
000d7d20_2100,11745.160000000289
000d7d20_2101,11745.18000000029
000d7d20_2102,11745.19000000029
000d7d20_2103,11745.20000000029
000d7d20_2104,11745.22000000029
000d7d20_2105,11745.23000000029
000d7d20_2106,11745.24000000029
000d7d20_2107,11745.260000000291
000d7d20_2108,11745.270000000291
000d7d20_2109,11745.280000000292
000d7d20_2110,11745.300000000292
000d7d20_2111,11745.310000000294
000d7d20_2112,11745.320000000294
000d7d20_2113,11745.340000000295
000d7d20_2114,11745.350000000295
000d7d20_2115,11745.360000000295
000d7d20_2116,11745.370000000295
000d7d20_2117,11745.390000000296
000d7d20_2118,11745.400000000296
000d7d20_2119,11745.410000000296
000d7d20_2120,11745.420000000297
000d7d20_2121,11745.440000000297
000d7d20_2122,11745.450000000299
000d7d20_2123,11745.4600000003
000d7d20_2124,11745.4700000003
000d7d20_2125,11745.4800000003
000d7d20_2126,11745.5000000003
000d7d20_2127,11745.5100000003
000d7d20_2128,11745.5200000003
000d7d20_2129,11745.5300000003
000d7d20_2130,11745.540000000301
000d7d20_2131,11745.560000000301
000d7d20_2132,11745.570000000302
000d7d20_2133,11745.580000000304
000d7d20_2134,11745.590000000304
000d7d20_2135,11745.600000000304
000d7d20_2136,11745.610000000304
000d7d20_2137,11745.620000000305
000d7d20_2138,11745.630000000305
000d7d20_2139,11745.650000000305
000d7d20_2140,11745.660000000305
000d7d20_2141,11745.670000000306
000d7d20_2142,11745.680000000308
000d7d20_2143,11745.690000000308
000d7d20_2144,11745.700000000308
000d7d20_2145,11745.710000000308
000d7d20_2146,11745.720000000309
000d7d20_2147,11745.730000000309
000d7d20_2148,11745.740000000309
000d7d20_2149,11745.75000000031
000d7d20_2150,11745.760000000311
000d7d20_2151,11745.770000000311
000d7d20_2152,11745.780000000312
000d7d20_2153,11745.790000000312
000d7d20_2154,11745.800000000312
000d7d20_2155,11745.810000000312
000d7d20_2156,11745.820000000313
000d7d20_2157,11745.830000000313
000d7d20_2158,11745.840000000313
000d7d20_2159,11745.850000000315
000d7d20_2160,11745.860000000315
000d7d20_2161,11745.870000000315
000d7d20_2162,11745.880000000316
000d7d20_2163,11745.890000000316
000d7d20_2164,11745.900000000316
000d7d20_2165,11745.910000000316
000d7d20_2166,11745.920000000317
000d7d20_2167,11745.930000000319
000d7d20_2168,11745.940000000319
000d7d20_2169,11745.950000000319
000d7d20_2170,11745.96000000032
000d7d20_2171,11745.97000000032
000d7d20_2172,11745.98000000032
000d7d20_2173,11745.99000000032
000d7d20_2174,11746.00000000032
000d7d20_2175,11746.010000000322
000d7d20_2176,11746.020000000322
000d7d20_2177,11746.030000000323
000d7d20_2178,11746.040000000323
000d7d20_2179,11746.050000000323
000d7d20_2180,11746.060000000323
000d7d20_2181,11746.070000000323
000d7d20_2182,11746.080000000324
000d7d20_2183,11746.100000000324
000d7d20_2184,11746.110000000324
000d7d20_2185,11746.120000000326
000d7d20_2186,11746.130000000327
000d7d20_2187,11746.140000000327
000d7d20_2188,11746.150000000327
000d7d20_2189,11746.160000000327
000d7d20_2190,11746.170000000327
000d7d20_2191,11746.180000000328
000d7d20_2192,11746.200000000328
000d7d20_2193,11746.210000000328
000d7d20_2194,11746.22000000033
000d7d20_2195,11746.23000000033
000d7d20_2196,11746.24000000033
000d7d20_2197,11746.250000000331
000d7d20_2198,11746.260000000331
000d7d20_2199,11746.280000000332
000d7d20_2200,11746.290000000332
000d7d20_2201,11746.300000000332
000d7d20_2202,11746.310000000332
000d7d20_2203,11746.320000000334
000d7d20_2204,11746.340000000335
000d7d20_2205,11746.350000000335
000d7d20_2206,11746.360000000335
000d7d20_2207,11746.370000000335
000d7d20_2208,11746.390000000336
000d7d20_2209,11746.400000000336
000d7d20_2210,11746.410000000336
000d7d20_2211,11746.420000000337
000d7d20_2212,11746.430000000337
000d7d20_2213,11746.450000000337
000d7d20_2214,11746.460000000337
000d7d20_2215,11746.47000000034
000d7d20_2216,11746.49000000034
000d7d20_2217,11746.50000000034
000d7d20_2218,11746.51000000034
000d7d20_2219,11746.52000000034
000d7d20_2220,11746.540000000341
000d7d20_2221,11746.550000000341
000d7d20_2222,11746.560000000341
000d7d20_2223,11746.580000000342
000d7d20_2224,11746.590000000342
000d7d20_2225,11746.600000000342
000d7d20_2226,11746.620000000343
000d7d20_2227,11746.630000000345
000d7d20_2228,11746.640000000345
000d7d20_2229,11746.660000000345
000d7d20_2230,11746.670000000346
000d7d20_2231,11746.680000000346
000d7d20_2232,11746.700000000346
000d7d20_2233,11746.710000000347
000d7d20_2234,11746.720000000347
000d7d20_2235,11746.740000000347
000d7d20_2236,11746.750000000347
000d7d20_2237,11746.770000000348
000d7d20_2238,11746.780000000348
000d7d20_2239,11746.79000000035
000d7d20_2240,11746.81000000035
000d7d20_2241,11746.82000000035
000d7d20_2242,11746.840000000351
000d7d20_2243,11746.850000000351
000d7d20_2244,11746.860000000352
000d7d20_2245,11746.880000000352
000d7d20_2246,11746.890000000352
000d7d20_2247,11746.910000000353
000d7d20_2248,11746.920000000353
000d7d20_2249,11746.940000000353
000d7d20_2250,11746.950000000354
000d7d20_2251,11746.970000000354
000d7d20_2252,11746.980000000354
000d7d20_2253,11747.000000000355
000d7d20_2254,11747.010000000355
000d7d20_2255,11747.020000000357
000d7d20_2256,11747.040000000357
000d7d20_2257,11747.050000000358
000d7d20_2258,11747.060000000358
000d7d20_2259,11747.070000000358
000d7d20_2260,11747.080000000358
000d7d20_2261,11747.090000000358
000d7d20_2262,11747.110000000359
000d7d20_2263,11747.12000000036
000d7d20_2264,11747.120000000361
000d7d20_2265,11747.130000000361
000d7d20_2266,11747.140000000361
000d7d20_2267,11747.150000000362
000d7d20_2268,11747.160000000362
000d7d20_2269,11747.170000000362
000d7d20_2270,11747.170000000362
000d7d20_2271,11747.180000000364
000d7d20_2272,11747.180000000364
000d7d20_2273,11747.190000000364
000d7d20_2274,11747.190000000364
000d7d20_2275,11747.200000000365
000d7d20_2276,11747.200000000365
000d7d20_2277,11747.210000000367
000d7d20_2278,11747.210000000367
000d7d20_2279,11747.210000000367
000d7d20_2280,11747.210000000367
000d7d20_2281,11747.220000000367
000d7d20_2282,11747.220000000369
000d7d20_2283,11747.220000000369
000d7d20_2284,11747.220000000369
000d7d20_2285,11747.220000000369
000d7d20_2286,11747.22000000037
000d7d20_2287,11747.22000000037
000d7d20_2288,11747.21000000037
000d7d20_2289,11747.21000000037
000d7d20_2290,11747.210000000372
000d7d20_2291,11747.210000000372
000d7d20_2292,11747.200000000372
000d7d20_2293,11747.200000000374
000d7d20_2294,11747.200000000374
000d7d20_2295,11747.190000000373
000d7d20_2296,11747.190000000373
000d7d20_2297,11747.180000000375
000d7d20_2298,11747.170000000375
000d7d20_2299,11747.170000000375
000d7d20_2300,11747.160000000376
000d7d20_2301,11747.150000000376
000d7d20_2302,11747.140000000376
000d7d20_2303,11747.140000000378
000d7d20_2304,11747.130000000378
000d7d20_2305,11747.120000000377
000d7d20_2306,11747.110000000379
000d7d20_2307,11747.100000000379
000d7d20_2308,11747.090000000378
000d7d20_2309,11747.08000000038
000d7d20_2310,11747.06000000038
000d7d20_2311,11747.050000000381
000d7d20_2312,11747.040000000381
000d7d20_2313,11747.03000000038
000d7d20_2314,11747.010000000382
000d7d20_2315,11747.000000000382
000d7d20_2316,11746.990000000384
000d7d20_2317,11746.970000000383
000d7d20_2318,11746.950000000385
000d7d20_2319,11746.940000000384
000d7d20_2320,11746.920000000384
000d7d20_2321,11746.910000000385
000d7d20_2322,11746.890000000385
000d7d20_2323,11746.870000000386
000d7d20_2324,11746.850000000386
000d7d20_2325,11746.830000000387
000d7d20_2326,11746.820000000387
000d7d20_2327,11746.800000000389
000d7d20_2328,11746.780000000388
000d7d20_2329,11746.760000000388
000d7d20_2330,11746.740000000389
000d7d20_2331,11746.71000000039
000d7d20_2332,11746.69000000039
000d7d20_2333,11746.670000000391
000d7d20_2334,11746.65000000039
000d7d20_2335,11746.620000000392
000d7d20_2336,11746.600000000391
000d7d20_2337,11746.580000000393
000d7d20_2338,11746.550000000392
000d7d20_2339,11746.530000000394
000d7d20_2340,11746.500000000393
000d7d20_2341,11746.480000000394
000d7d20_2342,11746.450000000394
000d7d20_2343,11746.420000000395
000d7d20_2344,11746.400000000394
000d7d20_2345,11746.370000000396
000d7d20_2346,11746.340000000397
000d7d20_2347,11746.310000000396
000d7d20_2348,11746.280000000397
000d7d20_2349,11746.250000000397
000d7d20_2350,11746.220000000398
000d7d20_2351,11746.190000000399
000d7d20_2352,11746.170000000398
000d7d20_2353,11746.1400000004
000d7d20_2354,11746.110000000399
000d7d20_2355,11746.0800000004
000d7d20_2356,11746.0500000004
000d7d20_2357,11746.0200000004
000d7d20_2358,11745.990000000402
000d7d20_2359,11745.960000000401
000d7d20_2360,11745.930000000402
000d7d20_2361,11745.900000000402
000d7d20_2362,11745.870000000403
000d7d20_2363,11745.840000000404
000d7d20_2364,11745.810000000403
000d7d20_2365,11745.780000000404
000d7d20_2366,11745.750000000404
000d7d20_2367,11745.720000000405
000d7d20_2368,11745.680000000406
000d7d20_2369,11745.650000000405
000d7d20_2370,11745.620000000406
000d7d20_2371,11745.590000000408
000d7d20_2372,11745.560000000407
000d7d20_2373,11745.530000000408
000d7d20_2374,11745.500000000407
000d7d20_2375,11745.470000000409
000d7d20_2376,11745.44000000041
000d7d20_2377,11745.400000000409
000d7d20_2378,11745.37000000041
000d7d20_2379,11745.340000000411
000d7d20_2380,11745.31000000041
000d7d20_2381,11745.280000000412
000d7d20_2382,11745.24000000041
000d7d20_2383,11745.210000000412
000d7d20_2384,11745.180000000413
000d7d20_2385,11745.150000000413
000d7d20_2386,11745.120000000414
000d7d20_2387,11745.080000000415
000d7d20_2388,11745.050000000414
000d7d20_2389,11745.020000000415
000d7d20_2390,11744.980000000414
000d7d20_2391,11744.950000000415
000d7d20_2392,11744.920000000417
000d7d20_2393,11744.890000000416
000d7d20_2394,11744.850000000417
000d7d20_2395,11744.820000000418
000d7d20_2396,11744.790000000417
000d7d20_2397,11744.750000000418
000d7d20_2398,11744.72000000042
000d7d20_2399,11744.690000000419
000d7d20_2400,11744.65000000042
000d7d20_2401,11744.62000000042
000d7d20_2402,11744.58000000042
000d7d20_2403,11744.550000000421
000d7d20_2404,11744.52000000042
000d7d20_2405,11744.480000000422
000d7d20_2406,11744.450000000423
000d7d20_2407,11744.410000000422
000d7d20_2408,11744.380000000423
000d7d20_2409,11744.340000000424
000d7d20_2410,11744.310000000423
000d7d20_2411,11744.270000000424
000d7d20_2412,11744.240000000425
000d7d20_2413,11744.200000000425
000d7d20_2414,11744.170000000426
000d7d20_2415,11744.130000000427
000d7d20_2416,11744.100000000426
000d7d20_2417,11744.060000000427
000d7d20_2418,11744.030000000428
000d7d20_2419,11743.990000000427
000d7d20_2420,11743.960000000428
000d7d20_2421,11743.92000000043
000d7d20_2422,11743.890000000429
000d7d20_2423,11743.85000000043
000d7d20_2424,11743.81000000043
000d7d20_2425,11743.78000000043
000d7d20_2426,11743.74000000043
000d7d20_2427,11743.710000000432
000d7d20_2428,11743.670000000431
000d7d20_2429,11743.630000000432
000d7d20_2430,11743.600000000433
000d7d20_2431,11743.560000000432
000d7d20_2432,11743.520000000433
000d7d20_2433,11743.490000000435
000d7d20_2434,11743.450000000434
000d7d20_2435,11743.410000000435
000d7d20_2436,11743.380000000436
000d7d20_2437,11743.340000000435
000d7d20_2438,11743.300000000436
000d7d20_2439,11743.260000000437
000d7d20_2440,11743.230000000436
000d7d20_2441,11743.190000000437
000d7d20_2442,11743.150000000438
000d7d20_2443,11743.110000000439
000d7d20_2444,11743.080000000438
000d7d20_2445,11743.04000000044
000d7d20_2446,11743.01000000044
000d7d20_2447,11742.97000000044
000d7d20_2448,11742.93000000044
000d7d20_2449,11742.900000000442
000d7d20_2450,11742.86000000044
000d7d20_2451,11742.830000000442
000d7d20_2452,11742.790000000443
000d7d20_2453,11742.760000000442
000d7d20_2454,11742.730000000443
000d7d20_2455,11742.690000000444
000d7d20_2456,11742.660000000444
000d7d20_2457,11742.630000000445
000d7d20_2458,11742.600000000444
000d7d20_2459,11742.560000000445
000d7d20_2460,11742.530000000446
000d7d20_2461,11742.500000000446
000d7d20_2462,11742.470000000447
000d7d20_2463,11742.440000000446
000d7d20_2464,11742.410000000447
000d7d20_2465,11742.380000000448
000d7d20_2466,11742.350000000448
000d7d20_2467,11742.320000000449
000d7d20_2468,11742.290000000448
000d7d20_2469,11742.26000000045
000d7d20_2470,11742.23000000045
000d7d20_2471,11742.20000000045
000d7d20_2472,11742.180000000451
000d7d20_2473,11742.15000000045
000d7d20_2474,11742.120000000452
000d7d20_2475,11742.090000000453
000d7d20_2476,11742.070000000453
000d7d20_2477,11742.040000000454
000d7d20_2478,11742.010000000453
000d7d20_2479,11741.990000000455
000d7d20_2480,11741.960000000454
000d7d20_2481,11741.940000000455
000d7d20_2482,11741.910000000455
000d7d20_2483,11741.890000000456
000d7d20_2484,11741.860000000455
000d7d20_2485,11741.840000000457
000d7d20_2486,11741.820000000456
000d7d20_2487,11741.790000000457
000d7d20_2488,11741.770000000459
000d7d20_2489,11741.750000000458
000d7d20_2490,11741.730000000458
000d7d20_2491,11741.70000000046
000d7d20_2492,11741.68000000046
000d7d20_2493,11741.66000000046
000d7d20_2494,11741.640000000461
000d7d20_2495,11741.620000000461
000d7d20_2496,11741.60000000046
000d7d20_2497,11741.580000000462
000d7d20_2498,11741.560000000462
000d7d20_2499,11741.540000000463
000d7d20_2500,11741.520000000462
000d7d20_2501,11741.500000000464
000d7d20_2502,11741.480000000463
000d7d20_2503,11741.470000000465
000d7d20_2504,11741.450000000465
000d7d20_2505,11741.430000000466
000d7d20_2506,11741.410000000466
000d7d20_2507,11741.400000000467
000d7d20_2508,11741.380000000467
000d7d20_2509,11741.360000000466
000d7d20_2510,11741.350000000468
000d7d20_2511,11741.330000000467
000d7d20_2512,11741.320000000469
000d7d20_2513,11741.300000000469
000d7d20_2514,11741.29000000047
000d7d20_2515,11741.27000000047
000d7d20_2516,11741.26000000047
000d7d20_2517,11741.24000000047
000d7d20_2518,11741.23000000047
000d7d20_2519,11741.220000000472
000d7d20_2520,11741.200000000472
000d7d20_2521,11741.190000000472
000d7d20_2522,11741.180000000473
000d7d20_2523,11741.170000000473
000d7d20_2524,11741.160000000473
000d7d20_2525,11741.150000000474
000d7d20_2526,11741.130000000474
000d7d20_2527,11741.120000000476
000d7d20_2528,11741.110000000475
000d7d20_2529,11741.100000000475
000d7d20_2530,11741.090000000477
000d7d20_2531,11741.080000000477
000d7d20_2532,11741.080000000477
000d7d20_2533,11741.070000000478
000d7d20_2534,11741.060000000478
000d7d20_2535,11741.050000000478
000d7d20_2536,11741.04000000048
000d7d20_2537,11741.030000000479
000d7d20_2538,11741.030000000479
000d7d20_2539,11741.02000000048
000d7d20_2540,11741.01000000048
000d7d20_2541,11741.00000000048
000d7d20_2542,11741.000000000482
000d7d20_2543,11740.990000000482
000d7d20_2544,11740.980000000482
000d7d20_2545,11740.980000000483
000d7d20_2546,11740.970000000483
000d7d20_2547,11740.960000000483
000d7d20_2548,11740.960000000485
000d7d20_2549,11740.950000000485
000d7d20_2550,11740.950000000485
000d7d20_2551,11740.940000000486
000d7d20_2552,11740.930000000486
000d7d20_2553,11740.930000000486
000d7d20_2554,11740.920000000488
000d7d20_2555,11740.920000000488
000d7d20_2556,11740.910000000487
000d7d20_2557,11740.910000000487
000d7d20_2558,11740.900000000489
000d7d20_2559,11740.900000000489
000d7d20_2560,11740.890000000489
000d7d20_2561,11740.89000000049
000d7d20_2562,11740.88000000049
000d7d20_2563,11740.88000000049
000d7d20_2564,11740.88000000049
000d7d20_2565,11740.870000000492
000d7d20_2566,11740.870000000492
000d7d20_2567,11740.860000000492
000d7d20_2568,11740.860000000494
000d7d20_2569,11740.860000000494
000d7d20_2570,11740.850000000493
000d7d20_2571,11740.850000000493
000d7d20_2572,11740.850000000495
000d7d20_2573,11740.840000000495
000d7d20_2574,11740.840000000495
000d7d20_2575,11740.840000000497
000d7d20_2576,11740.830000000497
000d7d20_2577,11740.830000000497
000d7d20_2578,11740.830000000497
000d7d20_2579,11740.830000000498
000d7d20_2580,11740.830000000498
000d7d20_2581,11740.820000000498
000d7d20_2582,11740.820000000498
000d7d20_2583,11740.8200000005
000d7d20_2584,11740.8200000005
000d7d20_2585,11740.8200000005
000d7d20_2586,11740.8200000005
000d7d20_2587,11740.810000000502
000d7d20_2588,11740.810000000502
000d7d20_2589,11740.810000000502
000d7d20_2590,11740.810000000503
000d7d20_2591,11740.810000000503
000d7d20_2592,11740.810000000503
000d7d20_2593,11740.810000000503
000d7d20_2594,11740.810000000503
000d7d20_2595,11740.810000000505
000d7d20_2596,11740.810000000505
000d7d20_2597,11740.810000000505
000d7d20_2598,11740.810000000505
000d7d20_2599,11740.810000000507
000d7d20_2600,11740.810000000507
000d7d20_2601,11740.810000000507
000d7d20_2602,11740.810000000507
000d7d20_2603,11740.810000000509
000d7d20_2604,11740.810000000509
000d7d20_2605,11740.810000000509
000d7d20_2606,11740.820000000509
000d7d20_2607,11740.820000000509
000d7d20_2608,11740.82000000051
000d7d20_2609,11740.82000000051
000d7d20_2610,11740.82000000051
000d7d20_2611,11740.82000000051
000d7d20_2612,11740.830000000513
000d7d20_2613,11740.830000000513
000d7d20_2614,11740.830000000513
000d7d20_2615,11740.830000000513
000d7d20_2616,11740.830000000515
000d7d20_2617,11740.840000000515
000d7d20_2618,11740.840000000515
000d7d20_2619,11740.840000000515
000d7d20_2620,11740.850000000515
000d7d20_2621,11740.850000000515
000d7d20_2622,11740.850000000517
000d7d20_2623,11740.860000000517
000d7d20_2624,11740.860000000517
000d7d20_2625,11740.860000000517
000d7d20_2626,11740.870000000517
000d7d20_2627,11740.87000000052
000d7d20_2628,11740.88000000052
000d7d20_2629,11740.88000000052
000d7d20_2630,11740.88000000052
000d7d20_2631,11740.89000000052
000d7d20_2632,11740.890000000521
000d7d20_2633,11740.900000000522
000d7d20_2634,11740.900000000522
000d7d20_2635,11740.900000000522
000d7d20_2636,11740.910000000522
000d7d20_2637,11740.910000000524
000d7d20_2638,11740.920000000524
000d7d20_2639,11740.920000000524
000d7d20_2640,11740.920000000524
000d7d20_2641,11740.930000000524
000d7d20_2642,11740.930000000526
000d7d20_2643,11740.930000000526
000d7d20_2644,11740.940000000526
000d7d20_2645,11740.940000000526
000d7d20_2646,11740.940000000526
000d7d20_2647,11740.940000000528
000d7d20_2648,11740.950000000528
000d7d20_2649,11740.950000000528
000d7d20_2650,11740.950000000528
000d7d20_2651,11740.960000000528
000d7d20_2652,11740.96000000053
000d7d20_2653,11740.96000000053
000d7d20_2654,11740.96000000053
000d7d20_2655,11740.97000000053
000d7d20_2656,11740.97000000053
000d7d20_2657,11740.970000000532
000d7d20_2658,11740.970000000532
000d7d20_2659,11740.970000000532
000d7d20_2660,11740.980000000533
000d7d20_2661,11740.980000000534
000d7d20_2662,11740.980000000534
000d7d20_2663,11740.980000000534
000d7d20_2664,11740.980000000534
000d7d20_2665,11740.990000000535
000d7d20_2666,11740.990000000536
000d7d20_2667,11740.990000000536
000d7d20_2668,11740.990000000536
000d7d20_2669,11740.990000000536
000d7d20_2670,11740.990000000538
000d7d20_2671,11740.990000000538
000d7d20_2672,11740.990000000538
000d7d20_2673,11741.000000000538
000d7d20_2674,11741.000000000538
000d7d20_2675,11741.00000000054
000d7d20_2676,11741.00000000054
000d7d20_2677,11741.00000000054
000d7d20_2678,11741.00000000054
000d7d20_2679,11741.000000000542
000d7d20_2680,11741.000000000542
000d7d20_2681,11741.000000000542
000d7d20_2682,11741.000000000542
000d7d20_2683,11741.000000000544
000d7d20_2684,11741.000000000544
000d7d20_2685,11741.000000000544
000d7d20_2686,11741.000000000544
000d7d20_2687,11741.000000000546
000d7d20_2688,11741.000000000546
000d7d20_2689,11741.000000000546
000d7d20_2690,11741.000000000546
000d7d20_2691,11741.000000000546
000d7d20_2692,11741.000000000548
000d7d20_2693,11741.000000000548
000d7d20_2694,11741.000000000548
000d7d20_2695,11741.000000000548
000d7d20_2696,11741.00000000055
000d7d20_2697,11741.00000000055
000d7d20_2698,11741.00000000055
000d7d20_2699,11741.00000000055
000d7d20_2700,11741.000000000551
000d7d20_2701,11740.990000000551
000d7d20_2702,11740.990000000551
000d7d20_2703,11740.990000000551
000d7d20_2704,11740.990000000553
000d7d20_2705,11740.990000000553
000d7d20_2706,11740.990000000553
000d7d20_2707,11740.990000000553
000d7d20_2708,11740.990000000555
000d7d20_2709,11740.980000000554
000d7d20_2710,11740.980000000554
000d7d20_2711,11740.980000000556
000d7d20_2712,11740.980000000556
000d7d20_2713,11740.980000000556
000d7d20_2714,11740.970000000556
000d7d20_2715,11740.970000000558
000d7d20_2716,11740.970000000558
000d7d20_2717,11740.970000000558
000d7d20_2718,11740.970000000558
000d7d20_2719,11740.96000000056
000d7d20_2720,11740.96000000056
000d7d20_2721,11740.96000000056
000d7d20_2722,11740.96000000056
000d7d20_2723,11740.950000000561
000d7d20_2724,11740.950000000561
000d7d20_2725,11740.950000000561
000d7d20_2726,11740.940000000563
000d7d20_2727,11740.940000000563
000d7d20_2728,11740.940000000563
000d7d20_2729,11740.930000000562
000d7d20_2730,11740.930000000564
000d7d20_2731,11740.930000000564
000d7d20_2732,11740.920000000564
000d7d20_2733,11740.920000000566
000d7d20_2734,11740.920000000566
000d7d20_2735,11740.910000000566
000d7d20_2736,11740.910000000566
000d7d20_2737,11740.900000000567
000d7d20_2738,11740.900000000567
000d7d20_2739,11740.890000000567
000d7d20_2740,11740.890000000569
000d7d20_2741,11740.880000000569
000d7d20_2742,11740.880000000569
000d7d20_2743,11740.87000000057
000d7d20_2744,11740.87000000057
000d7d20_2745,11740.86000000057
000d7d20_2746,11740.86000000057
000d7d20_2747,11740.850000000572
000d7d20_2748,11740.850000000572
000d7d20_2749,11740.840000000571
000d7d20_2750,11740.830000000573
000d7d20_2751,11740.830000000573
000d7d20_2752,11740.820000000573
000d7d20_2753,11740.810000000574
000d7d20_2754,11740.810000000574
000d7d20_2755,11740.800000000574
000d7d20_2756,11740.790000000576
000d7d20_2757,11740.790000000576
000d7d20_2758,11740.780000000575
000d7d20_2759,11740.770000000577
000d7d20_2760,11740.770000000577
000d7d20_2761,11740.760000000577
000d7d20_2762,11740.750000000578
000d7d20_2763,11740.740000000578
000d7d20_2764,11740.730000000578
000d7d20_2765,11740.730000000578
000d7d20_2766,11740.72000000058
000d7d20_2767,11740.71000000058
000d7d20_2768,11740.700000000581
000d7d20_2769,11740.69000000058
000d7d20_2770,11740.68000000058
000d7d20_2771,11740.670000000582
000d7d20_2772,11740.670000000582
000d7d20_2773,11740.660000000582
000d7d20_2774,11740.650000000584
000d7d20_2775,11740.640000000583
000d7d20_2776,11740.630000000583
000d7d20_2777,11740.620000000585
000d7d20_2778,11740.610000000584
000d7d20_2779,11740.600000000584
000d7d20_2780,11740.590000000586
000d7d20_2781,11740.580000000586
000d7d20_2782,11740.570000000585
000d7d20_2783,11740.560000000587
000d7d20_2784,11740.550000000587
000d7d20_2785,11740.540000000588
000d7d20_2786,11740.530000000588
000d7d20_2787,11740.520000000588
000d7d20_2788,11740.50000000059
000d7d20_2789,11740.49000000059
000d7d20_2790,11740.480000000589
000d7d20_2791,11740.47000000059
000d7d20_2792,11740.46000000059
000d7d20_2793,11740.450000000592
000d7d20_2794,11740.440000000592
000d7d20_2795,11740.420000000591
000d7d20_2796,11740.410000000593
000d7d20_2797,11740.400000000593
000d7d20_2798,11740.390000000592
000d7d20_2799,11740.370000000594
000d7d20_2800,11740.360000000594
000d7d20_2801,11740.350000000595
000d7d20_2802,11740.340000000595
000d7d20_2803,11740.320000000596
000d7d20_2804,11740.310000000596
000d7d20_2805,11740.300000000596
000d7d20_2806,11740.280000000597
000d7d20_2807,11740.270000000597
000d7d20_2808,11740.260000000597
000d7d20_2809,11740.240000000598
000d7d20_2810,11740.230000000598
000d7d20_2811,11740.2100000006
000d7d20_2812,11740.2000000006
000d7d20_2813,11740.190000000599
000d7d20_2814,11740.1700000006
000d7d20_2815,11740.1600000006
000d7d20_2816,11740.140000000602
000d7d20_2817,11740.130000000601
000d7d20_2818,11740.110000000603
000d7d20_2819,11740.100000000602
000d7d20_2820,11740.080000000602
000d7d20_2821,11740.070000000604
000d7d20_2822,11740.050000000603
000d7d20_2823,11740.040000000605
000d7d20_2824,11740.020000000604
000d7d20_2825,11740.010000000606
000d7d20_2826,11739.990000000606
000d7d20_2827,11739.980000000605
000d7d20_2828,11739.960000000607
000d7d20_2829,11739.950000000606
000d7d20_2830,11739.930000000608
000d7d20_2831,11739.910000000607
000d7d20_2832,11739.900000000609
000d7d20_2833,11739.880000000609
000d7d20_2834,11739.870000000608
000d7d20_2835,11739.85000000061
000d7d20_2836,11739.84000000061
000d7d20_2837,11739.82000000061
000d7d20_2838,11739.81000000061
000d7d20_2839,11739.790000000612
000d7d20_2840,11739.770000000612
000d7d20_2841,11739.760000000611
000d7d20_2842,11739.740000000613
000d7d20_2843,11739.730000000613
000d7d20_2844,11739.710000000614
000d7d20_2845,11739.700000000614
000d7d20_2846,11739.680000000615
000d7d20_2847,11739.660000000615
000d7d20_2848,11739.650000000614
000d7d20_2849,11739.630000000616
000d7d20_2850,11739.610000000615
000d7d20_2851,11739.600000000617
000d7d20_2852,11739.580000000617
000d7d20_2853,11739.570000000618
000d7d20_2854,11739.550000000618
000d7d20_2855,11739.530000000617
000d7d20_2856,11739.520000000619
000d7d20_2857,11739.500000000618
000d7d20_2858,11739.48000000062
000d7d20_2859,11739.47000000062
000d7d20_2860,11739.450000000621
000d7d20_2861,11739.44000000062
000d7d20_2862,11739.42000000062
000d7d20_2863,11739.400000000622
000d7d20_2864,11739.390000000622
000d7d20_2865,11739.370000000623
000d7d20_2866,11739.350000000622
000d7d20_2867,11739.340000000624
000d7d20_2868,11739.320000000624
000d7d20_2869,11739.300000000625
000d7d20_2870,11739.290000000625
000d7d20_2871,11739.270000000624
000d7d20_2872,11739.250000000626
000d7d20_2873,11739.230000000625
000d7d20_2874,11739.220000000627
000d7d20_2875,11739.200000000626
000d7d20_2876,11739.180000000628
000d7d20_2877,11739.170000000628
000d7d20_2878,11739.150000000629
000d7d20_2879,11739.130000000629
000d7d20_2880,11739.11000000063
000d7d20_2881,11739.10000000063
000d7d20_2882,11739.08000000063
000d7d20_2883,11739.06000000063
000d7d20_2884,11739.05000000063
000d7d20_2885,11739.030000000632
000d7d20_2886,11739.010000000631
000d7d20_2887,11738.990000000633
000d7d20_2888,11738.980000000633
000d7d20_2889,11738.960000000632
000d7d20_2890,11738.940000000634
000d7d20_2891,11738.920000000633
000d7d20_2892,11738.910000000635
000d7d20_2893,11738.890000000634
000d7d20_2894,11738.870000000636
000d7d20_2895,11738.850000000635
000d7d20_2896,11738.830000000637
000d7d20_2897,11738.820000000636
000d7d20_2898,11738.800000000638
000d7d20_2899,11738.780000000637
000d7d20_2900,11738.760000000639
000d7d20_2901,11738.750000000638
000d7d20_2902,11738.730000000638
000d7d20_2903,11738.71000000064
000d7d20_2904,11738.690000000639
000d7d20_2905,11738.67000000064
000d7d20_2906,11738.65000000064
000d7d20_2907,11738.640000000642
000d7d20_2908,11738.620000000641
000d7d20_2909,11738.600000000642
000d7d20_2910,11738.580000000642
000d7d20_2911,11738.560000000643
000d7d20_2912,11738.550000000643
000d7d20_2913,11738.530000000643
000d7d20_2914,11738.510000000644
000d7d20_2915,11738.490000000644
000d7d20_2916,11738.470000000645
000d7d20_2917,11738.460000000645
000d7d20_2918,11738.440000000646
000d7d20_2919,11738.420000000646
000d7d20_2920,11738.400000000647
000d7d20_2921,11738.390000000647
000d7d20_2922,11738.370000000647
000d7d20_2923,11738.350000000648
000d7d20_2924,11738.340000000648
000d7d20_2925,11738.320000000649
000d7d20_2926,11738.300000000649
000d7d20_2927,11738.29000000065
000d7d20_2928,11738.27000000065
000d7d20_2929,11738.26000000065
000d7d20_2930,11738.240000000651
000d7d20_2931,11738.23000000065
000d7d20_2932,11738.210000000652
000d7d20_2933,11738.200000000652
000d7d20_2934,11738.180000000653
000d7d20_2935,11738.170000000653
000d7d20_2936,11738.150000000653
000d7d20_2937,11738.140000000654
000d7d20_2938,11738.120000000654
000d7d20_2939,11738.110000000655
000d7d20_2940,11738.100000000655
000d7d20_2941,11738.080000000657
000d7d20_2942,11738.070000000656
000d7d20_2943,11738.060000000656
000d7d20_2944,11738.040000000658
000d7d20_2945,11738.030000000657
000d7d20_2946,11738.020000000657
000d7d20_2947,11738.000000000658
000d7d20_2948,11737.990000000658
000d7d20_2949,11737.98000000066
000d7d20_2950,11737.97000000066
000d7d20_2951,11737.95000000066
000d7d20_2952,11737.94000000066
000d7d20_2953,11737.93000000066
000d7d20_2954,11737.920000000662
000d7d20_2955,11737.910000000662
000d7d20_2956,11737.900000000662
000d7d20_2957,11737.890000000663
000d7d20_2958,11737.880000000663
000d7d20_2959,11737.860000000663
000d7d20_2960,11737.850000000664
000d7d20_2961,11737.840000000664
000d7d20_2962,11737.830000000666
000d7d20_2963,11737.820000000665
000d7d20_2964,11737.810000000665
000d7d20_2965,11737.800000000667
000d7d20_2966,11737.790000000667
000d7d20_2967,11737.790000000667
000d7d20_2968,11737.780000000668
000d7d20_2969,11737.770000000668
000d7d20_2970,11737.760000000668
000d7d20_2971,11737.75000000067
000d7d20_2972,11737.74000000067
000d7d20_2973,11737.730000000669
000d7d20_2974,11737.73000000067
000d7d20_2975,11737.72000000067
000d7d20_2976,11737.71000000067
000d7d20_2977,11737.700000000672
000d7d20_2978,11737.690000000672
000d7d20_2979,11737.690000000672
000d7d20_2980,11737.680000000673
000d7d20_2981,11737.670000000673
000d7d20_2982,11737.670000000673
000d7d20_2983,11737.660000000675
000d7d20_2984,11737.650000000674
000d7d20_2985,11737.650000000674
000d7d20_2986,11737.640000000676
000d7d20_2987,11737.630000000676
000d7d20_2988,11737.630000000676
000d7d20_2989,11737.620000000677
000d7d20_2990,11737.620000000677
000d7d20_2991,11737.610000000677
000d7d20_2992,11737.610000000677
000d7d20_2993,11737.600000000679
000d7d20_2994,11737.600000000679
000d7d20_2995,11737.590000000679
000d7d20_2996,11737.59000000068
000d7d20_2997,11737.58000000068
000d7d20_2998,11737.58000000068
000d7d20_2999,11737.58000000068
000d7d20_3000,11737.570000000682
000d7d20_3001,11737.570000000682
000d7d20_3002,11737.570000000682
000d7d20_3003,11737.560000000683
000d7d20_3004,11737.560000000683
000d7d20_3005,11737.560000000683
000d7d20_3006,11737.550000000683
000d7d20_3007,11737.550000000685
000d7d20_3008,11737.550000000685
000d7d20_3009,11737.540000000685
000d7d20_3010,11737.540000000687
000d7d20_3011,11737.540000000687
000d7d20_3012,11737.540000000687
000d7d20_3013,11737.530000000686
000d7d20_3014,11737.530000000688
000d7d20_3015,11737.530000000688
000d7d20_3016,11737.520000000688
000d7d20_3017,11737.520000000688
000d7d20_3018,11737.52000000069
000d7d20_3019,11737.51000000069
000d7d20_3020,11737.51000000069
000d7d20_3021,11737.500000000691
000d7d20_3022,11737.500000000691
000d7d20_3023,11737.500000000691
000d7d20_3024,11737.490000000693
000d7d20_3025,11737.490000000693
000d7d20_3026,11737.480000000693
000d7d20_3027,11737.480000000693
000d7d20_3028,11737.480000000694
000d7d20_3029,11737.470000000694
000d7d20_3030,11737.470000000694
000d7d20_3031,11737.460000000696
000d7d20_3032,11737.460000000696
000d7d20_3033,11737.450000000696
000d7d20_3034,11737.450000000696
000d7d20_3035,11737.440000000697
000d7d20_3036,11737.440000000697
000d7d20_3037,11737.430000000697
000d7d20_3038,11737.430000000699
000d7d20_3039,11737.420000000699
000d7d20_3040,11737.420000000699
000d7d20_3041,11737.4100000007
000d7d20_3042,11737.4100000007
000d7d20_3043,11737.4000000007
000d7d20_3044,11737.4000000007
000d7d20_3045,11737.390000000702
000d7d20_3046,11737.390000000702
000d7d20_3047,11737.380000000701
000d7d20_3048,11737.370000000703
000d7d20_3049,11737.370000000703
000d7d20_3050,11737.360000000703
000d7d20_3051,11737.360000000705
000d7d20_3052,11737.350000000704
000d7d20_3053,11737.340000000704
000d7d20_3054,11737.340000000706
000d7d20_3055,11737.330000000706
000d7d20_3056,11737.330000000706
000d7d20_3057,11737.320000000705
000d7d20_3058,11737.310000000707
000d7d20_3059,11737.310000000707
000d7d20_3060,11737.300000000707
000d7d20_3061,11737.290000000708
000d7d20_3062,11737.290000000708
000d7d20_3063,11737.280000000708
000d7d20_3064,11737.27000000071
000d7d20_3065,11737.27000000071
000d7d20_3066,11737.26000000071
000d7d20_3067,11737.250000000711
000d7d20_3068,11737.240000000711
000d7d20_3069,11737.240000000711
000d7d20_3070,11737.230000000713
000d7d20_3071,11737.220000000712
000d7d20_3072,11737.210000000712
000d7d20_3073,11737.210000000714
000d7d20_3074,11737.200000000714
000d7d20_3075,11737.190000000714
000d7d20_3076,11737.180000000715
000d7d20_3077,11737.180000000715
000d7d20_3078,11737.170000000715
000d7d20_3079,11737.160000000717
000d7d20_3080,11737.150000000716
000d7d20_3081,11737.140000000716
000d7d20_3082,11737.130000000718
000d7d20_3083,11737.130000000718
000d7d20_3084,11737.120000000717
000d7d20_3085,11737.110000000719
000d7d20_3086,11737.100000000719
000d7d20_3087,11737.090000000719
000d7d20_3088,11737.08000000072
000d7d20_3089,11737.07000000072
000d7d20_3090,11737.07000000072
000d7d20_3091,11737.060000000722
000d7d20_3092,11737.050000000721
000d7d20_3093,11737.040000000721
000d7d20_3094,11737.030000000723
000d7d20_3095,11737.020000000723
000d7d20_3096,11737.010000000724
000d7d20_3097,11737.000000000724
000d7d20_3098,11736.990000000724
000d7d20_3099,11736.980000000725
000d7d20_3100,11736.970000000725
000d7d20_3101,11736.960000000725
000d7d20_3102,11736.950000000727
000d7d20_3103,11736.940000000726
000d7d20_3104,11736.930000000726
000d7d20_3105,11736.920000000728
000d7d20_3106,11736.910000000727
000d7d20_3107,11736.910000000727
000d7d20_3108,11736.900000000729
000d7d20_3109,11736.890000000729
000d7d20_3110,11736.880000000729
000d7d20_3111,11736.87000000073
000d7d20_3112,11736.86000000073
000d7d20_3113,11736.850000000732
000d7d20_3114,11736.840000000731
000d7d20_3115,11736.830000000731
000d7d20_3116,11736.820000000733
000d7d20_3117,11736.810000000733
000d7d20_3118,11736.800000000732
000d7d20_3119,11736.790000000734
000d7d20_3120,11736.780000000734
000d7d20_3121,11736.770000000733
000d7d20_3122,11736.760000000735
000d7d20_3123,11736.760000000735
000d7d20_3124,11736.750000000735
000d7d20_3125,11736.740000000736
000d7d20_3126,11736.730000000736
000d7d20_3127,11736.720000000736
000d7d20_3128,11736.710000000738
000d7d20_3129,11736.700000000737
000d7d20_3130,11736.690000000739
000d7d20_3131,11736.680000000739
000d7d20_3132,11736.670000000739
000d7d20_3133,11736.66000000074
000d7d20_3134,11736.65000000074
000d7d20_3135,11736.65000000074
000d7d20_3136,11736.640000000742
000d7d20_3137,11736.630000000741
000d7d20_3138,11736.620000000741
000d7d20_3139,11736.610000000743
000d7d20_3140,11736.600000000743
000d7d20_3141,11736.590000000742
000d7d20_3142,11736.580000000744
000d7d20_3143,11736.570000000744
000d7d20_3144,11736.560000000743
000d7d20_3145,11736.560000000745
000d7d20_3146,11736.550000000745
000d7d20_3147,11736.540000000745
000d7d20_3148,11736.530000000746
000d7d20_3149,11736.520000000746
000d7d20_3150,11736.510000000748
000d7d20_3151,11736.500000000748
000d7d20_3152,11736.490000000747
000d7d20_3153,11736.490000000747
000d7d20_3154,11736.480000000749
000d7d20_3155,11736.470000000749
000d7d20_3156,11736.46000000075
000d7d20_3157,11736.45000000075
000d7d20_3158,11736.44000000075
000d7d20_3159,11736.430000000752
000d7d20_3160,11736.430000000752
000d7d20_3161,11736.420000000751
000d7d20_3162,11736.410000000753
000d7d20_3163,11736.400000000753
000d7d20_3164,11736.390000000752
000d7d20_3165,11736.380000000754
000d7d20_3166,11736.370000000754
000d7d20_3167,11736.370000000754
000d7d20_3168,11736.360000000755
000d7d20_3169,11736.350000000755
000d7d20_3170,11736.340000000755
000d7d20_3171,11736.330000000757
000d7d20_3172,11736.320000000756
000d7d20_3173,11736.320000000756
000d7d20_3174,11736.310000000758
000d7d20_3175,11736.300000000758
000d7d20_3176,11736.290000000758
000d7d20_3177,11736.28000000076
000d7d20_3178,11736.270000000759
000d7d20_3179,11736.270000000759
000d7d20_3180,11736.26000000076
000d7d20_3181,11736.25000000076
000d7d20_3182,11736.24000000076
000d7d20_3183,11736.230000000762
000d7d20_3184,11736.230000000762
000d7d20_3185,11736.220000000762
000d7d20_3186,11736.210000000763
000d7d20_3187,11736.200000000763
000d7d20_3188,11736.190000000763
000d7d20_3189,11736.180000000764
000d7d20_3190,11736.180000000764
000d7d20_3191,11736.170000000764
000d7d20_3192,11736.160000000766
000d7d20_3193,11736.150000000765
000d7d20_3194,11736.140000000767
000d7d20_3195,11736.140000000767
000d7d20_3196,11736.130000000767
000d7d20_3197,11736.120000000767
000d7d20_3198,11736.110000000768
000d7d20_3199,11736.110000000768
000d7d20_3200,11736.100000000768
000d7d20_3201,11736.09000000077
000d7d20_3202,11736.09000000077
000d7d20_3203,11736.08000000077
000d7d20_3204,11736.070000000771
000d7d20_3205,11736.070000000771
000d7d20_3206,11736.06000000077
000d7d20_3207,11736.050000000772
000d7d20_3208,11736.050000000772
000d7d20_3209,11736.040000000772
000d7d20_3210,11736.030000000774
000d7d20_3211,11736.030000000774
000d7d20_3212,11736.020000000774
000d7d20_3213,11736.020000000775
000d7d20_3214,11736.010000000775
000d7d20_3215,11736.010000000775
000d7d20_3216,11736.000000000775
000d7d20_3217,11736.000000000777
000d7d20_3218,11735.990000000776
000d7d20_3219,11735.990000000776
000d7d20_3220,11735.990000000778
000d7d20_3221,11735.980000000778
000d7d20_3222,11735.980000000778
000d7d20_3223,11735.97000000078
000d7d20_3224,11735.97000000078
000d7d20_3225,11735.97000000078
000d7d20_3226,11735.96000000078
000d7d20_3227,11735.960000000781
000d7d20_3228,11735.960000000781
000d7d20_3229,11735.950000000781
000d7d20_3230,11735.950000000781
000d7d20_3231,11735.950000000783
000d7d20_3232,11735.950000000783
000d7d20_3233,11735.940000000783
000d7d20_3234,11735.940000000784
000d7d20_3235,11735.940000000784
000d7d20_3236,11735.940000000784
000d7d20_3237,11735.940000000784
000d7d20_3238,11735.930000000786
000d7d20_3239,11735.930000000786
000d7d20_3240,11735.930000000786
000d7d20_3241,11735.930000000786
000d7d20_3242,11735.930000000788
000d7d20_3243,11735.930000000788
000d7d20_3244,11735.930000000788
000d7d20_3245,11735.930000000788
000d7d20_3246,11735.93000000079
000d7d20_3247,11735.93000000079
000d7d20_3248,11735.93000000079
000d7d20_3249,11735.93000000079
000d7d20_3250,11735.93000000079
000d7d20_3251,11735.930000000792
000d7d20_3252,11735.930000000792
000d7d20_3253,11735.930000000792
000d7d20_3254,11735.930000000792
000d7d20_3255,11735.930000000793
000d7d20_3256,11735.930000000793
000d7d20_3257,11735.930000000793
000d7d20_3258,11735.930000000793
000d7d20_3259,11735.930000000795
000d7d20_3260,11735.940000000795
000d7d20_3261,11735.940000000795
000d7d20_3262,11735.940000000795
000d7d20_3263,11735.940000000795
000d7d20_3264,11735.940000000797
000d7d20_3265,11735.950000000797
000d7d20_3266,11735.950000000797
000d7d20_3267,11735.950000000797
000d7d20_3268,11735.9500000008
000d7d20_3269,11735.9600000008
000d7d20_3270,11735.9600000008
000d7d20_3271,11735.9600000008
000d7d20_3272,11735.9700000008
000d7d20_3273,11735.970000000802
000d7d20_3274,11735.970000000802
000d7d20_3275,11735.980000000802
000d7d20_3276,11735.980000000802
000d7d20_3277,11735.990000000802
000d7d20_3278,11735.990000000802
000d7d20_3279,11736.000000000804
000d7d20_3280,11736.000000000804
000d7d20_3281,11736.000000000804
000d7d20_3282,11736.010000000804
000d7d20_3283,11736.010000000804
000d7d20_3284,11736.020000000806
000d7d20_3285,11736.030000000806
000d7d20_3286,11736.030000000806
000d7d20_3287,11736.040000000807
000d7d20_3288,11736.040000000807
000d7d20_3289,11736.050000000807
000d7d20_3290,11736.050000000809
000d7d20_3291,11736.060000000809
000d7d20_3292,11736.07000000081
000d7d20_3293,11736.07000000081
000d7d20_3294,11736.08000000081
000d7d20_3295,11736.08000000081
000d7d20_3296,11736.090000000811
000d7d20_3297,11736.090000000811
000d7d20_3298,11736.100000000812
000d7d20_3299,11736.100000000812
000d7d20_3300,11736.100000000812
000d7d20_3301,11736.110000000814
000d7d20_3302,11736.110000000814
000d7d20_3303,11736.110000000814
000d7d20_3304,11736.120000000814
000d7d20_3305,11736.120000000814
000d7d20_3306,11736.120000000816
000d7d20_3307,11736.130000000816
000d7d20_3308,11736.130000000816
000d7d20_3309,11736.130000000816
000d7d20_3310,11736.130000000816
000d7d20_3311,11736.140000000818
000d7d20_3312,11736.140000000818
000d7d20_3313,11736.140000000818
000d7d20_3314,11736.140000000818
000d7d20_3315,11736.14000000082
000d7d20_3316,11736.14000000082
000d7d20_3317,11736.14000000082
000d7d20_3318,11736.15000000082
000d7d20_3319,11736.15000000082
000d7d20_3320,11736.150000000822
000d7d20_3321,11736.150000000822
000d7d20_3322,11736.150000000822
000d7d20_3323,11736.150000000822
000d7d20_3324,11736.150000000824
000d7d20_3325,11736.150000000824
000d7d20_3326,11736.140000000823
000d7d20_3327,11736.140000000823
000d7d20_3328,11736.140000000825
000d7d20_3329,11736.140000000825
000d7d20_3330,11736.140000000825
000d7d20_3331,11736.140000000825
000d7d20_3332,11736.140000000827
000d7d20_3333,11736.130000000827
000d7d20_3334,11736.130000000827
000d7d20_3335,11736.130000000827
000d7d20_3336,11736.130000000829
000d7d20_3337,11736.120000000828
000d7d20_3338,11736.120000000828
000d7d20_3339,11736.12000000083
000d7d20_3340,11736.11000000083
000d7d20_3341,11736.11000000083
000d7d20_3342,11736.11000000083
000d7d20_3343,11736.100000000832
000d7d20_3344,11736.100000000832
000d7d20_3345,11736.090000000831
000d7d20_3346,11736.090000000833
000d7d20_3347,11736.090000000833
000d7d20_3348,11736.080000000833
000d7d20_3349,11736.080000000833
000d7d20_3350,11736.070000000835
000d7d20_3351,11736.070000000835
000d7d20_3352,11736.060000000834
000d7d20_3353,11736.050000000836
000d7d20_3354,11736.050000000836
000d7d20_3355,11736.040000000836
000d7d20_3356,11736.040000000838
000d7d20_3357,11736.030000000837
000d7d20_3358,11736.020000000837
000d7d20_3359,11736.020000000839
000d7d20_3360,11736.010000000839
000d7d20_3361,11736.000000000839
000d7d20_3362,11735.99000000084
000d7d20_3363,11735.99000000084
000d7d20_3364,11735.98000000084
000d7d20_3365,11735.970000000842
000d7d20_3366,11735.960000000841
000d7d20_3367,11735.950000000841
000d7d20_3368,11735.950000000843
000d7d20_3369,11735.940000000843
000d7d20_3370,11735.930000000842
000d7d20_3371,11735.920000000844
000d7d20_3372,11735.910000000844
000d7d20_3373,11735.900000000844
000d7d20_3374,11735.890000000845
000d7d20_3375,11735.880000000845
000d7d20_3376,11735.870000000845
000d7d20_3377,11735.860000000846
000d7d20_3378,11735.850000000846
000d7d20_3379,11735.840000000848
000d7d20_3380,11735.830000000848
000d7d20_3381,11735.820000000847
000d7d20_3382,11735.810000000849
000d7d20_3383,11735.790000000849
000d7d20_3384,11735.780000000848
000d7d20_3385,11735.77000000085
000d7d20_3386,11735.76000000085
000d7d20_3387,11735.750000000851
000d7d20_3388,11735.740000000851
000d7d20_3389,11735.73000000085
000d7d20_3390,11735.720000000852
000d7d20_3391,11735.700000000852
000d7d20_3392,11735.690000000852
000d7d20_3393,11735.680000000853
000d7d20_3394,11735.670000000853
000d7d20_3395,11735.660000000855
000d7d20_3396,11735.650000000855
000d7d20_3397,11735.640000000854
000d7d20_3398,11735.630000000856
000d7d20_3399,11735.610000000856
000d7d20_3400,11735.600000000855
000d7d20_3401,11735.590000000857
000d7d20_3402,11735.580000000857
000d7d20_3403,11735.570000000858
000d7d20_3404,11735.560000000858
000d7d20_3405,11735.550000000858
000d7d20_3406,11735.54000000086
000d7d20_3407,11735.53000000086
000d7d20_3408,11735.520000000859
000d7d20_3409,11735.50000000086
000d7d20_3410,11735.49000000086
000d7d20_3411,11735.480000000862
000d7d20_3412,11735.470000000862
000d7d20_3413,11735.460000000861
000d7d20_3414,11735.450000000863
000d7d20_3415,11735.440000000863
000d7d20_3416,11735.430000000862
000d7d20_3417,11735.420000000864
000d7d20_3418,11735.410000000864
000d7d20_3419,11735.400000000864
000d7d20_3420,11735.390000000865
000d7d20_3421,11735.370000000865
000d7d20_3422,11735.360000000866
000d7d20_3423,11735.350000000866
000d7d20_3424,11735.340000000866
000d7d20_3425,11735.330000000868
000d7d20_3426,11735.320000000867
000d7d20_3427,11735.310000000867
000d7d20_3428,11735.300000000869
000d7d20_3429,11735.290000000869
000d7d20_3430,11735.280000000868
000d7d20_3431,11735.27000000087
000d7d20_3432,11735.26000000087
000d7d20_3433,11735.250000000871
000d7d20_3434,11735.240000000871
000d7d20_3435,11735.23000000087
000d7d20_3436,11735.220000000872
000d7d20_3437,11735.210000000872
000d7d20_3438,11735.190000000872
000d7d20_3439,11735.180000000873
000d7d20_3440,11735.170000000873
000d7d20_3441,11735.160000000875
000d7d20_3442,11735.150000000875
000d7d20_3443,11735.140000000874
000d7d20_3444,11735.130000000876
000d7d20_3445,11735.120000000876
000d7d20_3446,11735.110000000876
000d7d20_3447,11735.100000000877
000d7d20_3448,11735.090000000877
000d7d20_3449,11735.080000000877
000d7d20_3450,11735.070000000878
000d7d20_3451,11735.060000000878
000d7d20_3452,11735.05000000088
000d7d20_3453,11735.04000000088
000d7d20_3454,11735.03000000088
000d7d20_3455,11735.02000000088
000d7d20_3456,11735.01000000088
000d7d20_3457,11735.00000000088
000d7d20_3458,11734.990000000882
000d7d20_3459,11734.980000000882
000d7d20_3460,11734.970000000882
000d7d20_3461,11734.960000000883
000d7d20_3462,11734.950000000883
000d7d20_3463,11734.940000000883
000d7d20_3464,11734.930000000884
000d7d20_3465,11734.920000000884
000d7d20_3466,11734.910000000886
000d7d20_3467,11734.900000000885
000d7d20_3468,11734.890000000885
000d7d20_3469,11734.880000000887
000d7d20_3470,11734.870000000887
000d7d20_3471,11734.860000000886
000d7d20_3472,11734.850000000888
000d7d20_3473,11734.840000000888
000d7d20_3474,11734.830000000888
000d7d20_3475,11734.82000000089
000d7d20_3476,11734.810000000889
000d7d20_3477,11734.80000000089
000d7d20_3478,11734.79000000089
000d7d20_3479,11734.78000000089
000d7d20_3480,11734.770000000892
000d7d20_3481,11734.760000000892
000d7d20_3482,11734.750000000891
000d7d20_3483,11734.740000000893
000d7d20_3484,11734.730000000893
000d7d20_3485,11734.720000000892
000d7d20_3486,11734.710000000894
000d7d20_3487,11734.700000000894
000d7d20_3488,11734.690000000894
000d7d20_3489,11734.680000000895
000d7d20_3490,11734.670000000895
000d7d20_3491,11734.660000000897
000d7d20_3492,11734.650000000896
000d7d20_3493,11734.640000000896
000d7d20_3494,11734.620000000898
000d7d20_3495,11734.610000000897
000d7d20_3496,11734.600000000897
000d7d20_3497,11734.590000000899
000d7d20_3498,11734.580000000899
000d7d20_3499,11734.5700000009
000d7d20_3500,11734.5500000009
000d7d20_3501,11734.5400000009
000d7d20_3502,11734.530000000901
000d7d20_3503,11734.5200000009
000d7d20_3504,11734.500000000902
000d7d20_3505,11734.490000000902
000d7d20_3506,11734.480000000902
000d7d20_3507,11734.470000000903
000d7d20_3508,11734.450000000903
000d7d20_3509,11734.440000000905
000d7d20_3510,11734.430000000904
000d7d20_3511,11734.410000000904
000d7d20_3512,11734.400000000905
000d7d20_3513,11734.390000000905
000d7d20_3514,11734.370000000907
000d7d20_3515,11734.360000000906
000d7d20_3516,11734.350000000906
000d7d20_3517,11734.330000000908
000d7d20_3518,11734.320000000907
000d7d20_3519,11734.300000000909
000d7d20_3520,11734.290000000909
000d7d20_3521,11734.270000000908
000d7d20_3522,11734.26000000091
000d7d20_3523,11734.25000000091
000d7d20_3524,11734.23000000091
000d7d20_3525,11734.22000000091
000d7d20_3526,11734.20000000091
000d7d20_3527,11734.190000000912
000d7d20_3528,11734.170000000911
000d7d20_3529,11734.160000000913
000d7d20_3530,11734.140000000913
000d7d20_3531,11734.120000000914
000d7d20_3532,11734.110000000914
000d7d20_3533,11734.090000000913
000d7d20_3534,11734.080000000915
000d7d20_3535,11734.060000000914
000d7d20_3536,11734.050000000916
000d7d20_3537,11734.030000000916
000d7d20_3538,11734.010000000917
000d7d20_3539,11734.000000000917
000d7d20_3540,11733.980000000916
000d7d20_3541,11733.960000000918
000d7d20_3542,11733.950000000917
000d7d20_3543,11733.930000000919
000d7d20_3544,11733.910000000918
000d7d20_3545,11733.90000000092
000d7d20_3546,11733.88000000092
000d7d20_3547,11733.860000000921
000d7d20_3548,11733.84000000092
000d7d20_3549,11733.83000000092
000d7d20_3550,11733.810000000922
000d7d20_3551,11733.790000000921
000d7d20_3552,11733.770000000923
000d7d20_3553,11733.760000000922
000d7d20_3554,11733.740000000924
000d7d20_3555,11733.720000000923
000d7d20_3556,11733.700000000925
000d7d20_3557,11733.680000000924
000d7d20_3558,11733.660000000926
000d7d20_3559,11733.650000000926
000d7d20_3560,11733.630000000925
000d7d20_3561,11733.610000000926
000d7d20_3562,11733.590000000926
000d7d20_3563,11733.570000000927
000d7d20_3564,11733.550000000927
000d7d20_3565,11733.530000000928
000d7d20_3566,11733.510000000928
000d7d20_3567,11733.49000000093
000d7d20_3568,11733.470000000929
000d7d20_3569,11733.45000000093
000d7d20_3570,11733.43000000093
000d7d20_3571,11733.410000000931
000d7d20_3572,11733.39000000093
000d7d20_3573,11733.370000000932
000d7d20_3574,11733.350000000932
000d7d20_3575,11733.330000000933
000d7d20_3576,11733.310000000933
000d7d20_3577,11733.290000000934
000d7d20_3578,11733.270000000934
000d7d20_3579,11733.250000000935
000d7d20_3580,11733.230000000935
000d7d20_3581,11733.210000000936
000d7d20_3582,11733.190000000935
000d7d20_3583,11733.170000000937
000d7d20_3584,11733.140000000936
000d7d20_3585,11733.120000000938
000d7d20_3586,11733.100000000937
000d7d20_3587,11733.080000000939
000d7d20_3588,11733.060000000938
000d7d20_3589,11733.04000000094
000d7d20_3590,11733.020000000939
000d7d20_3591,11732.99000000094
000d7d20_3592,11732.97000000094
000d7d20_3593,11732.950000000941
000d7d20_3594,11732.93000000094
000d7d20_3595,11732.910000000942
000d7d20_3596,11732.880000000941
000d7d20_3597,11732.860000000943
000d7d20_3598,11732.840000000942
000d7d20_3599,11732.820000000944
000d7d20_3600,11732.790000000943
000d7d20_3601,11732.770000000944
000d7d20_3602,11732.750000000944
000d7d20_3603,11732.720000000945
000d7d20_3604,11732.700000000945
000d7d20_3605,11732.680000000946
000d7d20_3606,11732.650000000946
000d7d20_3607,11732.630000000947
000d7d20_3608,11732.610000000946
000d7d20_3609,11732.580000000948
000d7d20_3610,11732.560000000947
000d7d20_3611,11732.540000000949
000d7d20_3612,11732.510000000948
000d7d20_3613,11732.49000000095
000d7d20_3614,11732.470000000949
000d7d20_3615,11732.44000000095
000d7d20_3616,11732.42000000095
000d7d20_3617,11732.39000000095
000d7d20_3618,11732.370000000952
000d7d20_3619,11732.340000000951
000d7d20_3620,11732.320000000953
000d7d20_3621,11732.290000000952
000d7d20_3622,11732.270000000954
000d7d20_3623,11732.250000000953
000d7d20_3624,11732.220000000954
000d7d20_3625,11732.200000000954
000d7d20_3626,11732.170000000955
000d7d20_3627,11732.150000000955
000d7d20_3628,11732.120000000956
000d7d20_3629,11732.090000000957
000d7d20_3630,11732.070000000956
000d7d20_3631,11732.040000000958
000d7d20_3632,11732.020000000957
000d7d20_3633,11731.990000000958
000d7d20_3634,11731.970000000958
000d7d20_3635,11731.94000000096
000d7d20_3636,11731.910000000958
000d7d20_3637,11731.89000000096
000d7d20_3638,11731.86000000096
000d7d20_3639,11731.84000000096
000d7d20_3640,11731.810000000962
000d7d20_3641,11731.780000000961
000d7d20_3642,11731.760000000962
000d7d20_3643,11731.730000000962
000d7d20_3644,11731.700000000963
000d7d20_3645,11731.680000000963
000d7d20_3646,11731.650000000964
000d7d20_3647,11731.620000000963
000d7d20_3648,11731.590000000964
000d7d20_3649,11731.570000000966
000d7d20_3650,11731.540000000965
000d7d20_3651,11731.510000000966
000d7d20_3652,11731.490000000966
000d7d20_3653,11731.460000000967
000d7d20_3654,11731.430000000966
000d7d20_3655,11731.400000000967
000d7d20_3656,11731.370000000969
000d7d20_3657,11731.350000000968
000d7d20_3658,11731.32000000097
000d7d20_3659,11731.290000000969
000d7d20_3660,11731.26000000097
000d7d20_3661,11731.23000000097
000d7d20_3662,11731.21000000097
000d7d20_3663,11731.180000000972
000d7d20_3664,11731.150000000971
000d7d20_3665,11731.120000000972
000d7d20_3666,11731.090000000971
000d7d20_3667,11731.060000000973
000d7d20_3668,11731.030000000974
000d7d20_3669,11731.000000000973
000d7d20_3670,11730.970000000974
000d7d20_3671,11730.950000000974
000d7d20_3672,11730.920000000975
000d7d20_3673,11730.890000000974
000d7d20_3674,11730.860000000976
000d7d20_3675,11730.830000000977
000d7d20_3676,11730.800000000976
000d7d20_3677,11730.770000000977
000d7d20_3678,11730.740000000977
000d7d20_3679,11730.710000000978
000d7d20_3680,11730.680000000979
000d7d20_3681,11730.660000000978
000d7d20_3682,11730.63000000098
000d7d20_3683,11730.600000000979
000d7d20_3684,11730.57000000098
000d7d20_3685,11730.540000000981
000d7d20_3686,11730.51000000098
000d7d20_3687,11730.480000000982
000d7d20_3688,11730.450000000981
000d7d20_3689,11730.420000000982
000d7d20_3690,11730.390000000983
000d7d20_3691,11730.360000000983
000d7d20_3692,11730.330000000984
000d7d20_3693,11730.300000000983
000d7d20_3694,11730.280000000985
000d7d20_3695,11730.250000000984
000d7d20_3696,11730.220000000985
000d7d20_3697,11730.190000000986
000d7d20_3698,11730.160000000986
000d7d20_3699,11730.130000000987
000d7d20_3700,11730.100000000986
000d7d20_3701,11730.070000000987
000d7d20_3702,11730.040000000989
000d7d20_3703,11730.010000000988
000d7d20_3704,11729.98000000099
000d7d20_3705,11729.950000000988
000d7d20_3706,11729.92000000099
000d7d20_3707,11729.89000000099
000d7d20_3708,11729.86000000099
000d7d20_3709,11729.830000000991
000d7d20_3710,11729.80000000099
000d7d20_3711,11729.770000000992
000d7d20_3712,11729.740000000993
000d7d20_3713,11729.710000000992
000d7d20_3714,11729.680000000993
000d7d20_3715,11729.650000000993
000d7d20_3716,11729.620000000994
000d7d20_3717,11729.590000000995
000d7d20_3718,11729.570000000995
000d7d20_3719,11729.540000000996
000d7d20_3720,11729.510000000995
000d7d20_3721,11729.480000000996
000d7d20_3722,11729.450000000998
000d7d20_3723,11729.420000000997
000d7d20_3724,11729.390000000998
000d7d20_3725,11729.360000000997
000d7d20_3726,11729.330000000999
000d7d20_3727,11729.300000001
000d7d20_3728,11729.270000000999
000d7d20_3729,11729.240000001
000d7d20_3730,11729.210000001
000d7d20_3731,11729.180000001
000d7d20_3732,11729.150000001002
000d7d20_3733,11729.120000001001
000d7d20_3734,11729.090000001002
000d7d20_3735,11729.060000001002
000d7d20_3736,11729.030000001003
000d7d20_3737,11729.000000001004
000d7d20_3738,11728.960000001003
000d7d20_3739,11728.930000001004
000d7d20_3740,11728.900000001004
000d7d20_3741,11728.870000001005
000d7d20_3742,11728.840000001006
000d7d20_3743,11728.810000001005
000d7d20_3744,11728.780000001007
000d7d20_3745,11728.750000001006
000d7d20_3746,11728.720000001007
000d7d20_3747,11728.690000001008
000d7d20_3748,11728.660000001008
000d7d20_3749,11728.630000001009
000d7d20_3750,11728.600000001008
000d7d20_3751,11728.57000000101
000d7d20_3752,11728.54000000101
000d7d20_3753,11728.51000000101
000d7d20_3754,11728.480000001011
000d7d20_3755,11728.45000000101
000d7d20_3756,11728.420000001011
000d7d20_3757,11728.390000001013
000d7d20_3758,11728.360000001012
000d7d20_3759,11728.330000001013
000d7d20_3760,11728.300000001012
000d7d20_3761,11728.270000001014
000d7d20_3762,11728.240000001015
000d7d20_3763,11728.200000001014
000d7d20_3764,11728.170000001015
000d7d20_3765,11728.140000001016
000d7d20_3766,11728.110000001016
000d7d20_3767,11728.080000001017
000d7d20_3768,11728.050000001016
000d7d20_3769,11728.020000001017
000d7d20_3770,11727.990000001018
000d7d20_3771,11727.960000001018
000d7d20_3772,11727.930000001019
000d7d20_3773,11727.900000001018
000d7d20_3774,11727.87000000102
000d7d20_3775,11727.84000000102
000d7d20_3776,11727.81000000102
000d7d20_3777,11727.780000001021
000d7d20_3778,11727.75000000102
000d7d20_3779,11727.720000001022
000d7d20_3780,11727.690000001023
000d7d20_3781,11727.660000001022
000d7d20_3782,11727.630000001023
000d7d20_3783,11727.600000001023
000d7d20_3784,11727.570000001024
000d7d20_3785,11727.540000001025
000d7d20_3786,11727.510000001024
000d7d20_3787,11727.480000001025
000d7d20_3788,11727.450000001025
000d7d20_3789,11727.420000001026
000d7d20_3790,11727.390000001027
000d7d20_3791,11727.360000001026
000d7d20_3792,11727.330000001028
000d7d20_3793,11727.300000001027
000d7d20_3794,11727.270000001028
000d7d20_3795,11727.24000000103
000d7d20_3796,11727.210000001029
000d7d20_3797,11727.18000000103
000d7d20_3798,11727.15000000103
000d7d20_3799,11727.12000000103
000d7d20_3800,11727.090000001032
000d7d20_3801,11727.06000000103
000d7d20_3802,11727.030000001032
000d7d20_3803,11727.000000001031
000d7d20_3804,11726.970000001033
000d7d20_3805,11726.940000001034
000d7d20_3806,11726.910000001033
000d7d20_3807,11726.880000001034
000d7d20_3808,11726.850000001034
000d7d20_3809,11726.820000001035
000d7d20_3810,11726.790000001036
000d7d20_3811,11726.760000001035
000d7d20_3812,11726.730000001036
000d7d20_3813,11726.700000001036
000d7d20_3814,11726.670000001037
000d7d20_3815,11726.640000001038
000d7d20_3816,11726.610000001037
000d7d20_3817,11726.580000001039
000d7d20_3818,11726.550000001038
000d7d20_3819,11726.520000001039
000d7d20_3820,11726.49000000104
000d7d20_3821,11726.46000000104
000d7d20_3822,11726.43000000104
000d7d20_3823,11726.41000000104
000d7d20_3824,11726.380000001041
000d7d20_3825,11726.35000000104
000d7d20_3826,11726.320000001042
000d7d20_3827,11726.290000001043
000d7d20_3828,11726.260000001042
000d7d20_3829,11726.230000001044
000d7d20_3830,11726.200000001043
000d7d20_3831,11726.170000001044
000d7d20_3832,11726.140000001045
000d7d20_3833,11726.110000001045
000d7d20_3834,11726.080000001046
000d7d20_3835,11726.050000001045
000d7d20_3836,11726.020000001046
000d7d20_3837,11726.000000001048
000d7d20_3838,11725.970000001047
000d7d20_3839,11725.940000001048
000d7d20_3840,11725.910000001048
000d7d20_3841,11725.880000001049
000d7d20_3842,11725.85000000105
000d7d20_3843,11725.82000000105
000d7d20_3844,11725.79000000105
000d7d20_3845,11725.76000000105
000d7d20_3846,11725.730000001051
000d7d20_3847,11725.700000001052
000d7d20_3848,11725.680000001052
000d7d20_3849,11725.650000001053
000d7d20_3850,11725.620000001052
000d7d20_3851,11725.590000001053
000d7d20_3852,11725.560000001053
000d7d20_3853,11725.530000001054
000d7d20_3854,11725.500000001055
000d7d20_3855,11725.470000001054
000d7d20_3856,11725.440000001056
000d7d20_3857,11725.420000001055
000d7d20_3858,11725.390000001056
000d7d20_3859,11725.360000001056
000d7d20_3860,11725.330000001057
000d7d20_3861,11725.300000001058
000d7d20_3862,11725.270000001057
000d7d20_3863,11725.250000001059
000d7d20_3864,11725.220000001058
000d7d20_3865,11725.19000000106
000d7d20_3866,11725.16000000106
000d7d20_3867,11725.14000000106
000d7d20_3868,11725.110000001061
000d7d20_3869,11725.08000000106
000d7d20_3870,11725.060000001062
000d7d20_3871,11725.030000001061
000d7d20_3872,11725.000000001062
000d7d20_3873,11724.980000001062
000d7d20_3874,11724.950000001063
000d7d20_3875,11724.930000001063
000d7d20_3876,11724.900000001064
000d7d20_3877,11724.870000001065
000d7d20_3878,11724.850000001064
000d7d20_3879,11724.820000001066
000d7d20_3880,11724.800000001065
000d7d20_3881,11724.770000001066
000d7d20_3882,11724.750000001066
000d7d20_3883,11724.720000001067
000d7d20_3884,11724.700000001067
000d7d20_3885,11724.670000001068
000d7d20_3886,11724.650000001067
000d7d20_3887,11724.630000001069
000d7d20_3888,11724.60000000107
000d7d20_3889,11724.58000000107
000d7d20_3890,11724.55000000107
000d7d20_3891,11724.53000000107
000d7d20_3892,11724.510000001072
000d7d20_3893,11724.480000001071
000d7d20_3894,11724.460000001072
000d7d20_3895,11724.440000001072
000d7d20_3896,11724.410000001073
000d7d20_3897,11724.390000001073
000d7d20_3898,11724.370000001074
000d7d20_3899,11724.350000001074
000d7d20_3900,11724.320000001075
000d7d20_3901,11724.300000001074
000d7d20_3902,11724.280000001076
000d7d20_3903,11724.260000001075
000d7d20_3904,11724.240000001077
000d7d20_3905,11724.220000001076
000d7d20_3906,11724.190000001077
000d7d20_3907,11724.170000001077
000d7d20_3908,11724.150000001078
000d7d20_3909,11724.130000001078
000d7d20_3910,11724.11000000108
000d7d20_3911,11724.090000001079
000d7d20_3912,11724.07000000108
000d7d20_3913,11724.05000000108
000d7d20_3914,11724.030000001081
000d7d20_3915,11724.01000000108
000d7d20_3916,11723.990000001082
000d7d20_3917,11723.970000001082
000d7d20_3918,11723.950000001083
000d7d20_3919,11723.930000001083
000d7d20_3920,11723.910000001084
000d7d20_3921,11723.890000001084
000d7d20_3922,11723.870000001083
000d7d20_3923,11723.850000001084
000d7d20_3924,11723.840000001084
000d7d20_3925,11723.820000001086
000d7d20_3926,11723.800000001085
000d7d20_3927,11723.780000001087
000d7d20_3928,11723.760000001086
000d7d20_3929,11723.740000001088
000d7d20_3930,11723.730000001087
000d7d20_3931,11723.710000001089
000d7d20_3932,11723.690000001088
000d7d20_3933,11723.67000000109
000d7d20_3934,11723.66000000109
000d7d20_3935,11723.640000001089
000d7d20_3936,11723.62000000109
000d7d20_3937,11723.61000000109
000d7d20_3938,11723.590000001092
000d7d20_3939,11723.570000001091
000d7d20_3940,11723.560000001093
000d7d20_3941,11723.540000001092
000d7d20_3942,11723.520000001092
000d7d20_3943,11723.510000001093
000d7d20_3944,11723.490000001093
000d7d20_3945,11723.480000001095
000d7d20_3946,11723.460000001094
000d7d20_3947,11723.450000001096
000d7d20_3948,11723.430000001095
000d7d20_3949,11723.420000001095
000d7d20_3950,11723.400000001096
000d7d20_3951,11723.390000001096
000d7d20_3952,11723.370000001098
000d7d20_3953,11723.360000001097
000d7d20_3954,11723.340000001099
000d7d20_3955,11723.330000001099
000d7d20_3956,11723.310000001098
000d7d20_3957,11723.3000000011
000d7d20_3958,11723.2900000011
000d7d20_3959,11723.270000001101
000d7d20_3960,11723.2600000011
000d7d20_3961,11723.2400000011
000d7d20_3962,11723.230000001102
000d7d20_3963,11723.220000001102
000d7d20_3964,11723.200000001103
000d7d20_3965,11723.190000001103
000d7d20_3966,11723.180000001103
000d7d20_3967,11723.160000001104
000d7d20_3968,11723.150000001104
000d7d20_3969,11723.140000001105
000d7d20_3970,11723.120000001105
000d7d20_3971,11723.110000001105
000d7d20_3972,11723.100000001106
000d7d20_3973,11723.090000001106
000d7d20_3974,11723.070000001107
000d7d20_3975,11723.060000001107
000d7d20_3976,11723.050000001107
000d7d20_3977,11723.040000001109
000d7d20_3978,11723.020000001108
000d7d20_3979,11723.010000001108
000d7d20_3980,11723.00000000111
000d7d20_3981,11722.99000000111
000d7d20_3982,11722.980000001111
000d7d20_3983,11722.96000000111
000d7d20_3984,11722.95000000111
000d7d20_3985,11722.940000001112
000d7d20_3986,11722.930000001112
000d7d20_3987,11722.920000001111
000d7d20_3988,11722.910000001113
000d7d20_3989,11722.890000001113
000d7d20_3990,11722.880000001114
000d7d20_3991,11722.870000001114
000d7d20_3992,11722.860000001114
000d7d20_3993,11722.850000001115
000d7d20_3994,11722.840000001115
000d7d20_3995,11722.830000001115
000d7d20_3996,11722.820000001117
000d7d20_3997,11722.810000001116
000d7d20_3998,11722.800000001118
000d7d20_3999,11722.790000001118
000d7d20_4000,11722.780000001118
000d7d20_4001,11722.77000000112
000d7d20_4002,11722.760000001119
000d7d20_4003,11722.750000001119
000d7d20_4004,11722.74000000112
000d7d20_4005,11722.73000000112
000d7d20_4006,11722.72000000112
000d7d20_4007,11722.710000001121
000d7d20_4008,11722.700000001121
000d7d20_4009,11722.690000001123
000d7d20_4010,11722.680000001123
000d7d20_4011,11722.670000001122
000d7d20_4012,11722.660000001124
000d7d20_4013,11722.650000001124
000d7d20_4014,11722.640000001124
000d7d20_4015,11722.630000001125
000d7d20_4016,11722.630000001125
000d7d20_4017,11722.620000001125
000d7d20_4018,11722.610000001127
000d7d20_4019,11722.600000001126
000d7d20_4020,11722.590000001126
000d7d20_4021,11722.580000001128
000d7d20_4022,11722.580000001128
000d7d20_4023,11722.570000001127
000d7d20_4024,11722.560000001129
000d7d20_4025,11722.550000001129
000d7d20_4026,11722.540000001129
000d7d20_4027,11722.54000000113
000d7d20_4028,11722.53000000113
000d7d20_4029,11722.52000000113
000d7d20_4030,11722.510000001132
000d7d20_4031,11722.510000001132
000d7d20_4032,11722.500000001131
000d7d20_4033,11722.490000001133
000d7d20_4034,11722.480000001133
000d7d20_4035,11722.480000001133
000d7d20_4036,11722.470000001134
000d7d20_4037,11722.460000001134
000d7d20_4038,11722.460000001134
000d7d20_4039,11722.450000001136
000d7d20_4040,11722.440000001136
000d7d20_4041,11722.440000001136
000d7d20_4042,11722.430000001137
000d7d20_4043,11722.430000001137
000d7d20_4044,11722.420000001137
000d7d20_4045,11722.410000001139
000d7d20_4046,11722.410000001139
000d7d20_4047,11722.400000001138
000d7d20_4048,11722.390000001138
000d7d20_4049,11722.39000000114
000d7d20_4050,11722.38000000114
000d7d20_4051,11722.37000000114
000d7d20_4052,11722.370000001141
000d7d20_4053,11722.360000001141
000d7d20_4054,11722.35000000114
000d7d20_4055,11722.350000001143
000d7d20_4056,11722.340000001142
000d7d20_4057,11722.330000001142
000d7d20_4058,11722.320000001144
000d7d20_4059,11722.320000001144
000d7d20_4060,11722.310000001144
000d7d20_4061,11722.300000001145
000d7d20_4062,11722.290000001145
000d7d20_4063,11722.290000001145
000d7d20_4064,11722.280000001147
000d7d20_4065,11722.270000001146
000d7d20_4066,11722.260000001146
000d7d20_4067,11722.260000001148
000d7d20_4068,11722.250000001148
000d7d20_4069,11722.240000001148
000d7d20_4070,11722.23000000115
000d7d20_4071,11722.220000001149
000d7d20_4072,11722.210000001149
000d7d20_4073,11722.21000000115
000d7d20_4074,11722.20000000115
000d7d20_4075,11722.19000000115
000d7d20_4076,11722.180000001152
000d7d20_4077,11722.170000001151
000d7d20_4078,11722.160000001151
000d7d20_4079,11722.150000001153
000d7d20_4080,11722.150000001153
000d7d20_4081,11722.140000001153
000d7d20_4082,11722.130000001154
000d7d20_4083,11722.120000001154
000d7d20_4084,11722.110000001154
000d7d20_4085,11722.100000001155
000d7d20_4086,11722.090000001155
000d7d20_4087,11722.080000001157
000d7d20_4088,11722.070000001157
000d7d20_4089,11722.060000001156
000d7d20_4090,11722.050000001158
000d7d20_4091,11722.040000001158
000d7d20_4092,11722.030000001158
000d7d20_4093,11722.02000000116
000d7d20_4094,11722.010000001159
000d7d20_4095,11722.000000001159
000d7d20_4096,11721.99000000116
000d7d20_4097,11721.98000000116
000d7d20_4098,11721.970000001162
000d7d20_4099,11721.960000001161
000d7d20_4100,11721.950000001161
000d7d20_4101,11721.940000001163
000d7d20_4102,11721.930000001163
000d7d20_4103,11721.920000001162
000d7d20_4104,11721.910000001164
000d7d20_4105,11721.900000001164
000d7d20_4106,11721.890000001164
000d7d20_4107,11721.880000001165
000d7d20_4108,11721.860000001165
000d7d20_4109,11721.850000001166
000d7d20_4110,11721.840000001166
000d7d20_4111,11721.830000001166
000d7d20_4112,11721.820000001168
000d7d20_4113,11721.810000001167
000d7d20_4114,11721.800000001167
000d7d20_4115,11721.790000001169
000d7d20_4116,11721.770000001168
000d7d20_4117,11721.76000000117
000d7d20_4118,11721.75000000117
000d7d20_4119,11721.74000000117
000d7d20_4120,11721.730000001171
000d7d20_4121,11721.71000000117
000d7d20_4122,11721.700000001172
000d7d20_4123,11721.690000001172
000d7d20_4124,11721.680000001172
000d7d20_4125,11721.670000001173
000d7d20_4126,11721.650000001173
000d7d20_4127,11721.640000001173
000d7d20_4128,11721.630000001174
000d7d20_4129,11721.620000001174
000d7d20_4130,11721.600000001175
000d7d20_4131,11721.590000001175
000d7d20_4132,11721.580000001175
000d7d20_4133,11721.570000001177
000d7d20_4134,11721.550000001176
000d7d20_4135,11721.540000001178
000d7d20_4136,11721.530000001178
000d7d20_4137,11721.510000001177
000d7d20_4138,11721.500000001179
000d7d20_4139,11721.490000001178
000d7d20_4140,11721.47000000118
000d7d20_4141,11721.46000000118
000d7d20_4142,11721.45000000118
000d7d20_4143,11721.440000001181
000d7d20_4144,11721.42000000118
000d7d20_4145,11721.410000001182
000d7d20_4146,11721.400000001182
000d7d20_4147,11721.390000001182
000d7d20_4148,11721.370000001183
000d7d20_4149,11721.360000001183
000d7d20_4150,11721.350000001183
000d7d20_4151,11721.340000001184
000d7d20_4152,11721.330000001184
000d7d20_4153,11721.320000001186
000d7d20_4154,11721.300000001185
000d7d20_4155,11721.290000001185
000d7d20_4156,11721.280000001187
000d7d20_4157,11721.270000001186
000d7d20_4158,11721.260000001186
000d7d20_4159,11721.250000001188
000d7d20_4160,11721.240000001188
000d7d20_4161,11721.220000001189
000d7d20_4162,11721.210000001189
000d7d20_4163,11721.200000001189
000d7d20_4164,11721.19000000119
000d7d20_4165,11721.18000000119
000d7d20_4166,11721.17000000119
000d7d20_4167,11721.160000001191
000d7d20_4168,11721.150000001191
000d7d20_4169,11721.140000001193
000d7d20_4170,11721.130000001192
000d7d20_4171,11721.120000001192
000d7d20_4172,11721.110000001194
000d7d20_4173,11721.100000001194
000d7d20_4174,11721.090000001193
000d7d20_4175,11721.080000001195
000d7d20_4176,11721.070000001195
000d7d20_4177,11721.060000001195
000d7d20_4178,11721.050000001196
000d7d20_4179,11721.040000001196
000d7d20_4180,11721.030000001196
000d7d20_4181,11721.020000001197
000d7d20_4182,11721.020000001197
000d7d20_4183,11721.010000001197
000d7d20_4184,11721.000000001199
000d7d20_4185,11720.990000001198
000d7d20_4186,11720.9800000012
000d7d20_4187,11720.9700000012
000d7d20_4188,11720.9600000012
000d7d20_4189,11720.950000001201
000d7d20_4190,11720.950000001201
000d7d20_4191,11720.940000001201
000d7d20_4192,11720.930000001203
000d7d20_4193,11720.920000001202
000d7d20_4194,11720.910000001202
000d7d20_4195,11720.910000001204
000d7d20_4196,11720.900000001204
000d7d20_4197,11720.890000001204
000d7d20_4198,11720.880000001205
000d7d20_4199,11720.880000001205
000d7d20_4200,11720.870000001205
000d7d20_4201,11720.860000001207
000d7d20_4202,11720.850000001206
000d7d20_4203,11720.850000001206
000d7d20_4204,11720.840000001208
000d7d20_4205,11720.830000001208
000d7d20_4206,11720.830000001208
000d7d20_4207,11720.820000001208
000d7d20_4208,11720.81000000121
000d7d20_4209,11720.81000000121
000d7d20_4210,11720.800000001209
000d7d20_4211,11720.79000000121
000d7d20_4212,11720.79000000121
000d7d20_4213,11720.78000000121
000d7d20_4214,11720.770000001212
000d7d20_4215,11720.770000001212
000d7d20_4216,11720.760000001212
000d7d20_4217,11720.760000001213
000d7d20_4218,11720.750000001213
000d7d20_4219,11720.750000001213
000d7d20_4220,11720.740000001215
000d7d20_4221,11720.740000001215
000d7d20_4222,11720.730000001215
000d7d20_4223,11720.720000001216
000d7d20_4224,11720.720000001216
000d7d20_4225,11720.710000001216
000d7d20_4226,11720.710000001216
000d7d20_4227,11720.700000001218
000d7d20_4228,11720.700000001218
000d7d20_4229,11720.700000001218
000d7d20_4230,11720.69000000122
000d7d20_4231,11720.69000000122
000d7d20_4232,11720.680000001219
000d7d20_4233,11720.680000001219
000d7d20_4234,11720.67000000122
000d7d20_4235,11720.67000000122
000d7d20_4236,11720.67000000122
000d7d20_4237,11720.660000001222
000d7d20_4238,11720.660000001222
000d7d20_4239,11720.660000001222
000d7d20_4240,11720.650000001222
000d7d20_4241,11720.650000001224
000d7d20_4242,11720.650000001224
000d7d20_4243,11720.650000001224
000d7d20_4244,11720.650000001224
000d7d20_4245,11720.640000001225
000d7d20_4246,11720.640000001225
000d7d20_4247,11720.640000001225
000d7d20_4248,11720.640000001225
000d7d20_4249,11720.640000001227
000d7d20_4250,11720.640000001227
000d7d20_4251,11720.640000001227
000d7d20_4252,11720.640000001227
000d7d20_4253,11720.640000001229
000d7d20_4254,11720.640000001229
000d7d20_4255,11720.640000001229
000d7d20_4256,11720.640000001229
000d7d20_4257,11720.64000000123
000d7d20_4258,11720.64000000123
000d7d20_4259,11720.64000000123
000d7d20_4260,11720.64000000123
000d7d20_4261,11720.640000001233
000d7d20_4262,11720.650000001233
000d7d20_4263,11720.650000001233
000d7d20_4264,11720.650000001233
000d7d20_4265,11720.650000001233
000d7d20_4266,11720.650000001235
000d7d20_4267,11720.660000001235
000d7d20_4268,11720.660000001235
000d7d20_4269,11720.660000001235
000d7d20_4270,11720.670000001235
000d7d20_4271,11720.670000001237
000d7d20_4272,11720.670000001237
000d7d20_4273,11720.680000001237
000d7d20_4274,11720.680000001237
000d7d20_4275,11720.690000001237
000d7d20_4276,11720.69000000124
000d7d20_4277,11720.70000000124
000d7d20_4278,11720.70000000124
000d7d20_4279,11720.71000000124
000d7d20_4280,11720.71000000124
000d7d20_4281,11720.72000000124
000d7d20_4282,11720.720000001242
000d7d20_4283,11720.730000001242
000d7d20_4284,11720.730000001242
000d7d20_4285,11720.740000001242
000d7d20_4286,11720.750000001242
000d7d20_4287,11720.750000001244
000d7d20_4288,11720.760000001244
000d7d20_4289,11720.770000001245
000d7d20_4290,11720.780000001245
000d7d20_4291,11720.780000001245
000d7d20_4292,11720.790000001245
000d7d20_4293,11720.800000001245
000d7d20_4294,11720.810000001245
000d7d20_4295,11720.820000001248
000d7d20_4296,11720.820000001248
000d7d20_4297,11720.830000001248
000d7d20_4298,11720.840000001248
000d7d20_4299,11720.850000001248
000d7d20_4300,11720.860000001248
000d7d20_4301,11720.870000001249
000d7d20_4302,11720.88000000125
000d7d20_4303,11720.89000000125
000d7d20_4304,11720.900000001251
000d7d20_4305,11720.910000001251
000d7d20_4306,11720.920000001252
000d7d20_4307,11720.930000001252
000d7d20_4308,11720.940000001252
000d7d20_4309,11720.950000001252
000d7d20_4310,11720.970000001253
000d7d20_4311,11720.980000001255
000d7d20_4312,11720.990000001255
000d7d20_4313,11721.000000001255
000d7d20_4314,11721.010000001255
000d7d20_4315,11721.030000001256
000d7d20_4316,11721.040000001256
000d7d20_4317,11721.050000001256
000d7d20_4318,11721.060000001256
000d7d20_4319,11721.080000001257
000d7d20_4320,11721.090000001257
000d7d20_4321,11721.110000001258
000d7d20_4322,11721.120000001258
000d7d20_4323,11721.13000000126
000d7d20_4324,11721.15000000126
000d7d20_4325,11721.16000000126
000d7d20_4326,11721.18000000126
000d7d20_4327,11721.190000001261
000d7d20_4328,11721.210000001262
000d7d20_4329,11721.220000001262
000d7d20_4330,11721.230000001262
000d7d20_4331,11721.250000001262
000d7d20_4332,11721.260000001263
000d7d20_4333,11721.280000001263
000d7d20_4334,11721.290000001263
000d7d20_4335,11721.300000001263
000d7d20_4336,11721.320000001264
000d7d20_4337,11721.330000001266
000d7d20_4338,11721.350000001266
000d7d20_4339,11721.360000001267
000d7d20_4340,11721.370000001267
000d7d20_4341,11721.390000001267
000d7d20_4342,11721.400000001267
000d7d20_4343,11721.410000001268
000d7d20_4344,11721.420000001268
000d7d20_4345,11721.440000001268
000d7d20_4346,11721.450000001269
000d7d20_4347,11721.460000001269
000d7d20_4348,11721.47000000127
000d7d20_4349,11721.490000001271
000d7d20_4350,11721.500000001271
000d7d20_4351,11721.510000001272
000d7d20_4352,11721.520000001272
000d7d20_4353,11721.530000001272
000d7d20_4354,11721.550000001273
000d7d20_4355,11721.560000001273
000d7d20_4356,11721.570000001273
000d7d20_4357,11721.580000001273
000d7d20_4358,11721.590000001273
000d7d20_4359,11721.600000001275
000d7d20_4360,11721.610000001276
000d7d20_4361,11721.620000001276
000d7d20_4362,11721.640000001276
000d7d20_4363,11721.650000001277
000d7d20_4364,11721.660000001277
000d7d20_4365,11721.670000001277
000d7d20_4366,11721.680000001277
000d7d20_4367,11721.690000001277
000d7d20_4368,11721.70000000128
000d7d20_4369,11721.71000000128
000d7d20_4370,11721.72000000128
000d7d20_4371,11721.73000000128
000d7d20_4372,11721.74000000128
000d7d20_4373,11721.75000000128
000d7d20_4374,11721.76000000128
000d7d20_4375,11721.770000001281
000d7d20_4376,11721.780000001283
000d7d20_4377,11721.780000001283
000d7d20_4378,11721.790000001283
000d7d20_4379,11721.800000001283
000d7d20_4380,11721.810000001284
000d7d20_4381,11721.820000001284
000d7d20_4382,11721.830000001284
000d7d20_4383,11721.840000001284
000d7d20_4384,11721.850000001286
000d7d20_4385,11721.850000001286
000d7d20_4386,11721.860000001287
000d7d20_4387,11721.870000001287
000d7d20_4388,11721.880000001287
000d7d20_4389,11721.890000001287
000d7d20_4390,11721.890000001289
000d7d20_4391,11721.90000000129
000d7d20_4392,11721.91000000129
000d7d20_4393,11721.92000000129
000d7d20_4394,11721.92000000129
000d7d20_4395,11721.93000000129
000d7d20_4396,11721.94000000129
000d7d20_4397,11721.940000001292
000d7d20_4398,11721.950000001292
000d7d20_4399,11721.960000001292
000d7d20_4400,11721.960000001292
000d7d20_4401,11721.970000001293
000d7d20_4402,11721.980000001293
000d7d20_4403,11721.980000001295
000d7d20_4404,11721.990000001295
000d7d20_4405,11721.990000001295
000d7d20_4406,11722.000000001295
000d7d20_4407,11722.010000001295
000d7d20_4408,11722.010000001295
000d7d20_4409,11722.020000001297
000d7d20_4410,11722.020000001297
000d7d20_4411,11722.030000001298
000d7d20_4412,11722.030000001298
000d7d20_4413,11722.040000001298
000d7d20_4414,11722.0400000013
000d7d20_4415,11722.0500000013
000d7d20_4416,11722.0500000013
000d7d20_4417,11722.0600000013
000d7d20_4418,11722.0600000013
000d7d20_4419,11722.0700000013
000d7d20_4420,11722.070000001302
000d7d20_4421,11722.080000001302
000d7d20_4422,11722.080000001302
000d7d20_4423,11722.080000001302
000d7d20_4424,11722.090000001303
000d7d20_4425,11722.090000001304
000d7d20_4426,11722.100000001305
000d7d20_4427,11722.100000001305
000d7d20_4428,11722.110000001305
000d7d20_4429,11722.110000001305
000d7d20_4430,11722.120000001305
000d7d20_4431,11722.120000001307
000d7d20_4432,11722.120000001307
000d7d20_4433,11722.130000001307
000d7d20_4434,11722.130000001307
000d7d20_4435,11722.140000001307
000d7d20_4436,11722.140000001309
000d7d20_4437,11722.15000000131
000d7d20_4438,11722.15000000131
000d7d20_4439,11722.16000000131
000d7d20_4440,11722.16000000131
000d7d20_4441,11722.17000000131
000d7d20_4442,11722.170000001312
000d7d20_4443,11722.180000001312
000d7d20_4444,11722.180000001312
000d7d20_4445,11722.180000001312
000d7d20_4446,11722.190000001312
000d7d20_4447,11722.190000001314
000d7d20_4448,11722.200000001314
000d7d20_4449,11722.200000001314
000d7d20_4450,11722.210000001314
000d7d20_4451,11722.210000001314
000d7d20_4452,11722.220000001314
000d7d20_4453,11722.220000001316
000d7d20_4454,11722.230000001317
000d7d20_4455,11722.230000001317
000d7d20_4456,11722.240000001317
000d7d20_4457,11722.240000001317
000d7d20_4458,11722.250000001319
000d7d20_4459,11722.250000001319
000d7d20_4460,11722.260000001319
000d7d20_4461,11722.260000001319
000d7d20_4462,11722.27000000132
000d7d20_4463,11722.270000001321
000d7d20_4464,11722.280000001321
000d7d20_4465,11722.280000001321
000d7d20_4466,11722.290000001321
000d7d20_4467,11722.290000001321
000d7d20_4468,11722.300000001322
000d7d20_4469,11722.300000001323
000d7d20_4470,11722.310000001324
000d7d20_4471,11722.310000001324
000d7d20_4472,11722.320000001324
000d7d20_4473,11722.330000001324
000d7d20_4474,11722.330000001324
000d7d20_4475,11722.340000001326
000d7d20_4476,11722.340000001326
000d7d20_4477,11722.350000001326
000d7d20_4478,11722.350000001326
000d7d20_4479,11722.360000001327
000d7d20_4480,11722.360000001328
000d7d20_4481,11722.370000001329
000d7d20_4482,11722.370000001329
000d7d20_4483,11722.380000001329
000d7d20_4484,11722.380000001329
000d7d20_4485,11722.39000000133
000d7d20_4486,11722.40000000133
000d7d20_4487,11722.400000001331
000d7d20_4488,11722.410000001331
000d7d20_4489,11722.410000001331
000d7d20_4490,11722.420000001332
000d7d20_4491,11722.420000001332
000d7d20_4492,11722.430000001334
000d7d20_4493,11722.430000001334
000d7d20_4494,11722.440000001334
000d7d20_4495,11722.450000001334
000d7d20_4496,11722.450000001334
000d7d20_4497,11722.460000001334
000d7d20_4498,11722.460000001336
000d7d20_4499,11722.470000001336
000d7d20_4500,11722.470000001336
000d7d20_4501,11722.480000001337
000d7d20_4502,11722.490000001337
000d7d20_4503,11722.490000001337
000d7d20_4504,11722.500000001339
000d7d20_4505,11722.500000001339
000d7d20_4506,11722.510000001339
000d7d20_4507,11722.52000000134
000d7d20_4508,11722.52000000134
000d7d20_4509,11722.53000000134
000d7d20_4510,11722.530000001341
000d7d20_4511,11722.540000001341
000d7d20_4512,11722.550000001342
000d7d20_4513,11722.550000001342
000d7d20_4514,11722.560000001342
000d7d20_4515,11722.560000001344
000d7d20_4516,11722.570000001344
000d7d20_4517,11722.580000001344
000d7d20_4518,11722.580000001344
000d7d20_4519,11722.590000001344
000d7d20_4520,11722.590000001344
000d7d20_4521,11722.600000001345
000d7d20_4522,11722.600000001346
000d7d20_4523,11722.610000001347
000d7d20_4524,11722.620000001347
000d7d20_4525,11722.620000001347
000d7d20_4526,11722.630000001347
000d7d20_4527,11722.630000001349
000d7d20_4528,11722.64000000135
000d7d20_4529,11722.65000000135
000d7d20_4530,11722.65000000135
000d7d20_4531,11722.66000000135
000d7d20_4532,11722.66000000135
000d7d20_4533,11722.670000001352
000d7d20_4534,11722.670000001352
000d7d20_4535,11722.680000001352
000d7d20_4536,11722.690000001352
000d7d20_4537,11722.690000001352
000d7d20_4538,11722.700000001352
000d7d20_4539,11722.700000001354
000d7d20_4540,11722.710000001354
000d7d20_4541,11722.710000001354
000d7d20_4542,11722.720000001354
000d7d20_4543,11722.720000001354
000d7d20_4544,11722.730000001355
000d7d20_4545,11722.740000001357
000d7d20_4546,11722.740000001357
000d7d20_4547,11722.750000001357
000d7d20_4548,11722.750000001357
000d7d20_4549,11722.760000001357
000d7d20_4550,11722.760000001359
000d7d20_4551,11722.77000000136
000d7d20_4552,11722.77000000136
000d7d20_4553,11722.78000000136
000d7d20_4554,11722.78000000136
000d7d20_4555,11722.79000000136
000d7d20_4556,11722.790000001361
000d7d20_4557,11722.800000001362
000d7d20_4558,11722.800000001362
000d7d20_4559,11722.810000001362
000d7d20_4560,11722.820000001362
000d7d20_4561,11722.820000001362
000d7d20_4562,11722.830000001364
000d7d20_4563,11722.830000001364
000d7d20_4564,11722.840000001364
000d7d20_4565,11722.840000001364
000d7d20_4566,11722.850000001365
000d7d20_4567,11722.850000001366
000d7d20_4568,11722.860000001367
000d7d20_4569,11722.860000001367
000d7d20_4570,11722.870000001367
000d7d20_4571,11722.870000001367
000d7d20_4572,11722.880000001367
000d7d20_4573,11722.880000001369
000d7d20_4574,11722.89000000137
000d7d20_4575,11722.89000000137
000d7d20_4576,11722.90000000137
000d7d20_4577,11722.90000000137
000d7d20_4578,11722.91000000137
000d7d20_4579,11722.910000001371
000d7d20_4580,11722.920000001372
000d7d20_4581,11722.920000001372
000d7d20_4582,11722.920000001372
000d7d20_4583,11722.930000001372
000d7d20_4584,11722.930000001374
000d7d20_4585,11722.940000001374
000d7d20_4586,11722.940000001374
000d7d20_4587,11722.950000001374
000d7d20_4588,11722.950000001374
000d7d20_4589,11722.960000001374
000d7d20_4590,11722.960000001376
000d7d20_4591,11722.970000001376
000d7d20_4592,11722.970000001376
000d7d20_4593,11722.980000001377
000d7d20_4594,11722.980000001377
000d7d20_4595,11722.990000001379
000d7d20_4596,11722.990000001379
000d7d20_4597,11722.990000001379
000d7d20_4598,11723.000000001379
000d7d20_4599,11723.000000001379
000d7d20_4600,11723.01000000138
000d7d20_4601,11723.01000000138
000d7d20_4602,11723.020000001381
000d7d20_4603,11723.020000001381
000d7d20_4604,11723.030000001381
000d7d20_4605,11723.030000001381
000d7d20_4606,11723.030000001383
000d7d20_4607,11723.040000001383
000d7d20_4608,11723.040000001383
000d7d20_4609,11723.050000001384
000d7d20_4610,11723.050000001384
000d7d20_4611,11723.050000001385
000d7d20_4612,11723.060000001386
000d7d20_4613,11723.060000001386
000d7d20_4614,11723.060000001386
000d7d20_4615,11723.070000001386
000d7d20_4616,11723.070000001388
000d7d20_4617,11723.070000001388
000d7d20_4618,11723.080000001388
000d7d20_4619,11723.080000001388
000d7d20_4620,11723.080000001388
000d7d20_4621,11723.08000000139
000d7d20_4622,11723.08000000139
000d7d20_4623,11723.09000000139
000d7d20_4624,11723.09000000139
000d7d20_4625,11723.090000001392
000d7d20_4626,11723.090000001392
000d7d20_4627,11723.090000001392
000d7d20_4628,11723.090000001392
000d7d20_4629,11723.090000001393
000d7d20_4630,11723.090000001393
000d7d20_4631,11723.090000001393
000d7d20_4632,11723.090000001393
000d7d20_4633,11723.090000001393
000d7d20_4634,11723.090000001395
000d7d20_4635,11723.090000001395
000d7d20_4636,11723.090000001395
000d7d20_4637,11723.090000001395
000d7d20_4638,11723.090000001397
000d7d20_4639,11723.090000001397
000d7d20_4640,11723.080000001397
000d7d20_4641,11723.080000001399
000d7d20_4642,11723.080000001399
000d7d20_4643,11723.080000001399
000d7d20_4644,11723.080000001399
000d7d20_4645,11723.0700000014
000d7d20_4646,11723.0700000014
000d7d20_4647,11723.0700000014
000d7d20_4648,11723.0700000014
000d7d20_4649,11723.060000001402
000d7d20_4650,11723.060000001402
000d7d20_4651,11723.060000001402
000d7d20_4652,11723.050000001404
000d7d20_4653,11723.050000001404
000d7d20_4654,11723.040000001403
000d7d20_4655,11723.040000001403
000d7d20_4656,11723.030000001405
000d7d20_4657,11723.030000001405
000d7d20_4658,11723.030000001405
000d7d20_4659,11723.020000001407
000d7d20_4660,11723.010000001406
000d7d20_4661,11723.010000001406
000d7d20_4662,11723.000000001408
000d7d20_4663,11723.000000001408
000d7d20_4664,11722.990000001408
000d7d20_4665,11722.990000001408
000d7d20_4666,11722.98000000141
000d7d20_4667,11722.970000001409
000d7d20_4668,11722.970000001409
000d7d20_4669,11722.96000000141
000d7d20_4670,11722.95000000141
000d7d20_4671,11722.94000000141
000d7d20_4672,11722.940000001412
000d7d20_4673,11722.930000001412
000d7d20_4674,11722.920000001412
000d7d20_4675,11722.910000001413
000d7d20_4676,11722.910000001413
000d7d20_4677,11722.900000001413
000d7d20_4678,11722.890000001415
000d7d20_4679,11722.880000001414
000d7d20_4680,11722.870000001414
000d7d20_4681,11722.860000001416
000d7d20_4682,11722.850000001416
000d7d20_4683,11722.840000001415
000d7d20_4684,11722.830000001417
000d7d20_4685,11722.820000001417
000d7d20_4686,11722.810000001418
000d7d20_4687,11722.800000001418
000d7d20_4688,11722.790000001418
000d7d20_4689,11722.78000000142
000d7d20_4690,11722.77000000142
000d7d20_4691,11722.760000001419
000d7d20_4692,11722.75000000142
000d7d20_4693,11722.74000000142
000d7d20_4694,11722.73000000142
000d7d20_4695,11722.710000001422
000d7d20_4696,11722.700000001421
000d7d20_4697,11722.690000001423
000d7d20_4698,11722.680000001423
000d7d20_4699,11722.660000001422
000d7d20_4700,11722.650000001424
000d7d20_4701,11722.640000001424
000d7d20_4702,11722.630000001425
000d7d20_4703,11722.610000001425
000d7d20_4704,11722.600000001425
000d7d20_4705,11722.590000001426
000d7d20_4706,11722.570000001426
000d7d20_4707,11722.560000001427
000d7d20_4708,11722.550000001427
000d7d20_4709,11722.540000001427
000d7d20_4710,11722.530000001429
000d7d20_4711,11722.510000001428
000d7d20_4712,11722.50000000143
000d7d20_4713,11722.49000000143
000d7d20_4714,11722.48000000143
000d7d20_4715,11722.47000000143
000d7d20_4716,11722.46000000143
000d7d20_4717,11722.45000000143
000d7d20_4718,11722.440000001432
000d7d20_4719,11722.430000001432
000d7d20_4720,11722.420000001432
000d7d20_4721,11722.410000001433
000d7d20_4722,11722.400000001433
000d7d20_4723,11722.390000001433
000d7d20_4724,11722.380000001434
000d7d20_4725,11722.370000001434
000d7d20_4726,11722.360000001436
000d7d20_4727,11722.350000001436
000d7d20_4728,11722.350000001436
000d7d20_4729,11722.340000001437
000d7d20_4730,11722.330000001437
000d7d20_4731,11722.320000001437
000d7d20_4732,11722.310000001438
000d7d20_4733,11722.310000001438
000d7d20_4734,11722.300000001438
000d7d20_4735,11722.29000000144
000d7d20_4736,11722.29000000144
000d7d20_4737,11722.28000000144
000d7d20_4738,11722.270000001441
000d7d20_4739,11722.270000001441
000d7d20_4740,11722.26000000144
000d7d20_4741,11722.25000000144
000d7d20_4742,11722.250000001442
000d7d20_4743,11722.240000001442
000d7d20_4744,11722.240000001442
000d7d20_4745,11722.230000001444
000d7d20_4746,11722.230000001444
000d7d20_4747,11722.220000001444
000d7d20_4748,11722.220000001445
000d7d20_4749,11722.210000001445
000d7d20_4750,11722.210000001445
000d7d20_4751,11722.200000001445
000d7d20_4752,11722.200000001447
000d7d20_4753,11722.200000001447
000d7d20_4754,11722.190000001447
000d7d20_4755,11722.190000001448
000d7d20_4756,11722.190000001448
000d7d20_4757,11722.180000001448
000d7d20_4758,11722.180000001448
000d7d20_4759,11722.18000000145
000d7d20_4760,11722.17000000145
000d7d20_4761,11722.17000000145
000d7d20_4762,11722.17000000145
000d7d20_4763,11722.170000001452
000d7d20_4764,11722.170000001452
000d7d20_4765,11722.160000001451
000d7d20_4766,11722.160000001453
000d7d20_4767,11722.160000001453
000d7d20_4768,11722.160000001453
000d7d20_4769,11722.160000001453
000d7d20_4770,11722.160000001455
000d7d20_4771,11722.160000001455
000d7d20_4772,11722.160000001455
000d7d20_4773,11722.160000001455
000d7d20_4774,11722.160000001455
000d7d20_4775,11722.160000001457
000d7d20_4776,11722.160000001457
000d7d20_4777,11722.160000001457
000d7d20_4778,11722.160000001457
000d7d20_4779,11722.160000001459
000d7d20_4780,11722.160000001459
000d7d20_4781,11722.170000001459
000d7d20_4782,11722.170000001459
000d7d20_4783,11722.17000000146
000d7d20_4784,11722.17000000146
000d7d20_4785,11722.17000000146
000d7d20_4786,11722.17000000146
000d7d20_4787,11722.180000001461
000d7d20_4788,11722.180000001463
000d7d20_4789,11722.180000001463
000d7d20_4790,11722.190000001463
000d7d20_4791,11722.190000001463
000d7d20_4792,11722.190000001463
000d7d20_4793,11722.200000001465
000d7d20_4794,11722.200000001465
000d7d20_4795,11722.200000001465
000d7d20_4796,11722.210000001465
000d7d20_4797,11722.210000001465
000d7d20_4798,11722.220000001467
000d7d20_4799,11722.220000001467
000d7d20_4800,11722.230000001467
000d7d20_4801,11722.230000001467
000d7d20_4802,11722.230000001467
000d7d20_4803,11722.240000001468
000d7d20_4804,11722.24000000147
000d7d20_4805,11722.24000000147
000d7d20_4806,11722.25000000147
000d7d20_4807,11722.25000000147
000d7d20_4808,11722.250000001472
000d7d20_4809,11722.260000001472
000d7d20_4810,11722.260000001472
000d7d20_4811,11722.260000001472
000d7d20_4812,11722.270000001472
000d7d20_4813,11722.270000001474
000d7d20_4814,11722.270000001474
000d7d20_4815,11722.280000001474
000d7d20_4816,11722.280000001474
000d7d20_4817,11722.280000001474
000d7d20_4818,11722.290000001474
000d7d20_4819,11722.290000001476
000d7d20_4820,11722.290000001476
000d7d20_4821,11722.290000001476
000d7d20_4822,11722.300000001476
000d7d20_4823,11722.300000001478
000d7d20_4824,11722.300000001478
000d7d20_4825,11722.300000001478
000d7d20_4826,11722.300000001478
000d7d20_4827,11722.310000001478
000d7d20_4828,11722.31000000148
000d7d20_4829,11722.31000000148
000d7d20_4830,11722.31000000148
000d7d20_4831,11722.31000000148
000d7d20_4832,11722.32000000148
000d7d20_4833,11722.320000001482
000d7d20_4834,11722.320000001482
000d7d20_4835,11722.320000001482
000d7d20_4836,11722.320000001482
000d7d20_4837,11722.320000001484
000d7d20_4838,11722.320000001484
000d7d20_4839,11722.330000001484
000d7d20_4840,11722.330000001484
000d7d20_4841,11722.330000001486
000d7d20_4842,11722.330000001486
000d7d20_4843,11722.330000001486
000d7d20_4844,11722.330000001486
000d7d20_4845,11722.330000001486
000d7d20_4846,11722.330000001488
000d7d20_4847,11722.330000001488
000d7d20_4848,11722.330000001488
000d7d20_4849,11722.330000001488
000d7d20_4850,11722.33000000149
000d7d20_4851,11722.33000000149
000d7d20_4852,11722.33000000149
000d7d20_4853,11722.33000000149
000d7d20_4854,11722.330000001491
000d7d20_4855,11722.330000001491
000d7d20_4856,11722.330000001491
000d7d20_4857,11722.330000001491
000d7d20_4858,11722.330000001493
000d7d20_4859,11722.330000001493
000d7d20_4860,11722.330000001493
000d7d20_4861,11722.330000001493
000d7d20_4862,11722.330000001495
000d7d20_4863,11722.330000001495
000d7d20_4864,11722.330000001495
000d7d20_4865,11722.330000001495
000d7d20_4866,11722.330000001497
000d7d20_4867,11722.330000001497
000d7d20_4868,11722.330000001497
000d7d20_4869,11722.330000001497
000d7d20_4870,11722.320000001499
000d7d20_4871,11722.320000001499
000d7d20_4872,11722.320000001499
000d7d20_4873,11722.320000001499
000d7d20_4874,11722.3200000015
000d7d20_4875,11722.3200000015
000d7d20_4876,11722.3200000015
000d7d20_4877,11722.3200000015
000d7d20_4878,11722.310000001502
000d7d20_4879,11722.310000001502
000d7d20_4880,11722.310000001502
000d7d20_4881,11722.310000001502
000d7d20_4882,11722.310000001504
000d7d20_4883,11722.300000001504
000d7d20_4884,11722.300000001504
000d7d20_4885,11722.300000001504
000d7d20_4886,11722.300000001505
000d7d20_4887,11722.290000001505
000d7d20_4888,11722.290000001505
000d7d20_4889,11722.290000001507
000d7d20_4890,11722.290000001507
000d7d20_4891,11722.280000001507
000d7d20_4892,11722.280000001507
000d7d20_4893,11722.280000001509
000d7d20_4894,11722.280000001509
000d7d20_4895,11722.280000001509
000d7d20_4896,11722.270000001508
000d7d20_4897,11722.27000000151
000d7d20_4898,11722.27000000151
000d7d20_4899,11722.27000000151
000d7d20_4900,11722.27000000151
000d7d20_4901,11722.270000001512
000d7d20_4902,11722.270000001512
000d7d20_4903,11722.270000001512
000d7d20_4904,11722.270000001512
000d7d20_4905,11722.270000001514
000d7d20_4906,11722.270000001514
000d7d20_4907,11722.270000001514
000d7d20_4908,11722.270000001514
000d7d20_4909,11722.270000001516
000d7d20_4910,11722.270000001516
000d7d20_4911,11722.270000001516
000d7d20_4912,11722.270000001516
000d7d20_4913,11722.280000001516
000d7d20_4914,11722.280000001518
000d7d20_4915,11722.280000001518
000d7d20_4916,11722.280000001518
000d7d20_4917,11722.280000001518
000d7d20_4918,11722.290000001518
000d7d20_4919,11722.29000000152
000d7d20_4920,11722.29000000152
000d7d20_4921,11722.30000000152
000d7d20_4922,11722.30000000152
000d7d20_4923,11722.300000001522
000d7d20_4924,11722.310000001522
000d7d20_4925,11722.310000001522
000d7d20_4926,11722.320000001522
000d7d20_4927,11722.320000001522
000d7d20_4928,11722.330000001522
000d7d20_4929,11722.330000001524
000d7d20_4930,11722.340000001524
000d7d20_4931,11722.340000001524
000d7d20_4932,11722.350000001525
000d7d20_4933,11722.350000001525
000d7d20_4934,11722.360000001525
000d7d20_4935,11722.360000001527
000d7d20_4936,11722.370000001527
000d7d20_4937,11722.380000001527
000d7d20_4938,11722.380000001527
000d7d20_4939,11722.390000001527
000d7d20_4940,11722.400000001528
000d7d20_4941,11722.41000000153
000d7d20_4942,11722.41000000153
000d7d20_4943,11722.42000000153
000d7d20_4944,11722.43000000153
000d7d20_4945,11722.44000000153
000d7d20_4946,11722.45000000153
000d7d20_4947,11722.450000001532
000d7d20_4948,11722.460000001533
000d7d20_4949,11722.470000001533
000d7d20_4950,11722.480000001533
000d7d20_4951,11722.490000001533
000d7d20_4952,11722.500000001533
000d7d20_4953,11722.510000001534
000d7d20_4954,11722.520000001534
000d7d20_4955,11722.530000001534
000d7d20_4956,11722.540000001536
000d7d20_4957,11722.550000001536
000d7d20_4958,11722.560000001537
000d7d20_4959,11722.570000001537
000d7d20_4960,11722.590000001537
000d7d20_4961,11722.600000001537
000d7d20_4962,11722.610000001538
000d7d20_4963,11722.620000001538
000d7d20_4964,11722.630000001538
000d7d20_4965,11722.64000000154
000d7d20_4966,11722.66000000154
000d7d20_4967,11722.67000000154
000d7d20_4968,11722.680000001541
000d7d20_4969,11722.700000001541
000d7d20_4970,11722.710000001542
000d7d20_4971,11722.720000001542
000d7d20_4972,11722.740000001542
000d7d20_4973,11722.750000001543
000d7d20_4974,11722.770000001543
000d7d20_4975,11722.780000001543
000d7d20_4976,11722.790000001543
000d7d20_4977,11722.810000001544
000d7d20_4978,11722.820000001546
000d7d20_4979,11722.840000001546
000d7d20_4980,11722.850000001547
000d7d20_4981,11722.870000001547
000d7d20_4982,11722.890000001547
000d7d20_4983,11722.900000001548
000d7d20_4984,11722.920000001548
000d7d20_4985,11722.930000001548
000d7d20_4986,11722.950000001549
000d7d20_4987,11722.97000000155
000d7d20_4988,11722.98000000155
000d7d20_4989,11723.00000000155
000d7d20_4990,11723.01000000155
000d7d20_4991,11723.03000000155
000d7d20_4992,11723.05000000155
000d7d20_4993,11723.060000001551
000d7d20_4994,11723.080000001552
000d7d20_4995,11723.090000001552
000d7d20_4996,11723.110000001552
000d7d20_4997,11723.120000001552
000d7d20_4998,11723.130000001554
000d7d20_4999,11723.150000001555
000d7d20_5000,11723.160000001555
000d7d20_5001,11723.180000001556
000d7d20_5002,11723.190000001556
000d7d20_5003,11723.200000001556
000d7d20_5004,11723.220000001556
000d7d20_5005,11723.230000001557
000d7d20_5006,11723.240000001557
000d7d20_5007,11723.260000001557
000d7d20_5008,11723.270000001557
000d7d20_5009,11723.280000001558
000d7d20_5010,11723.29000000156
000d7d20_5011,11723.31000000156
000d7d20_5012,11723.32000000156
000d7d20_5013,11723.33000000156
000d7d20_5014,11723.34000000156
000d7d20_5015,11723.350000001561
000d7d20_5016,11723.370000001561
000d7d20_5017,11723.380000001562
000d7d20_5018,11723.390000001562
000d7d20_5019,11723.400000001562
000d7d20_5020,11723.410000001564
000d7d20_5021,11723.420000001564
000d7d20_5022,11723.430000001565
000d7d20_5023,11723.440000001565
000d7d20_5024,11723.450000001565
000d7d20_5025,11723.460000001565
000d7d20_5026,11723.470000001565
000d7d20_5027,11723.480000001566
000d7d20_5028,11723.490000001566
000d7d20_5029,11723.500000001568
000d7d20_5030,11723.510000001568
000d7d20_5031,11723.520000001568
000d7d20_5032,11723.530000001569
000d7d20_5033,11723.530000001569
000d7d20_5034,11723.540000001569
000d7d20_5035,11723.550000001569
000d7d20_5036,11723.560000001571
000d7d20_5037,11723.570000001571
000d7d20_5038,11723.570000001571
000d7d20_5039,11723.580000001572
000d7d20_5040,11723.590000001572
000d7d20_5041,11723.600000001572
000d7d20_5042,11723.600000001574
000d7d20_5043,11723.610000001574
000d7d20_5044,11723.620000001574
000d7d20_5045,11723.620000001574
000d7d20_5046,11723.630000001574
000d7d20_5047,11723.640000001575
000d7d20_5048,11723.640000001575
000d7d20_5049,11723.650000001577
000d7d20_5050,11723.650000001577
000d7d20_5051,11723.660000001577
000d7d20_5052,11723.670000001577
000d7d20_5053,11723.670000001577
000d7d20_5054,11723.680000001577
000d7d20_5055,11723.68000000158
000d7d20_5056,11723.69000000158
000d7d20_5057,11723.69000000158
000d7d20_5058,11723.69000000158
000d7d20_5059,11723.70000000158
000d7d20_5060,11723.700000001581
000d7d20_5061,11723.710000001582
000d7d20_5062,11723.710000001582
000d7d20_5063,11723.710000001582
000d7d20_5064,11723.720000001582
000d7d20_5065,11723.720000001584
000d7d20_5066,11723.720000001584
000d7d20_5067,11723.730000001584
000d7d20_5068,11723.730000001584
000d7d20_5069,11723.730000001584
000d7d20_5070,11723.730000001586
000d7d20_5071,11723.740000001586
000d7d20_5072,11723.740000001586
000d7d20_5073,11723.740000001586
000d7d20_5074,11723.740000001588
000d7d20_5075,11723.740000001588
000d7d20_5076,11723.740000001588
000d7d20_5077,11723.750000001588
000d7d20_5078,11723.750000001588
000d7d20_5079,11723.75000000159
000d7d20_5080,11723.75000000159
000d7d20_5081,11723.75000000159
000d7d20_5082,11723.75000000159
000d7d20_5083,11723.750000001592
000d7d20_5084,11723.750000001592
000d7d20_5085,11723.750000001592
000d7d20_5086,11723.750000001592
000d7d20_5087,11723.750000001593
000d7d20_5088,11723.760000001594
000d7d20_5089,11723.760000001594
000d7d20_5090,11723.760000001594
000d7d20_5091,11723.760000001594
000d7d20_5092,11723.760000001595
000d7d20_5093,11723.760000001595
000d7d20_5094,11723.760000001595
000d7d20_5095,11723.760000001595
000d7d20_5096,11723.760000001597
000d7d20_5097,11723.770000001598
000d7d20_5098,11723.770000001598
000d7d20_5099,11723.770000001598
000d7d20_5100,11723.770000001598
000d7d20_5101,11723.7700000016
000d7d20_5102,11723.7700000016
000d7d20_5103,11723.7700000016
000d7d20_5104,11723.7700000016
000d7d20_5105,11723.770000001601
000d7d20_5106,11723.780000001601
000d7d20_5107,11723.780000001601
000d7d20_5108,11723.780000001601
000d7d20_5109,11723.780000001601
000d7d20_5110,11723.780000001603
000d7d20_5111,11723.780000001603
000d7d20_5112,11723.780000001603
000d7d20_5113,11723.790000001603
000d7d20_5114,11723.790000001605
000d7d20_5115,11723.790000001605
000d7d20_5116,11723.790000001605
000d7d20_5117,11723.790000001605
000d7d20_5118,11723.790000001605
000d7d20_5119,11723.790000001607
000d7d20_5120,11723.800000001607
000d7d20_5121,11723.800000001607
000d7d20_5122,11723.800000001607
000d7d20_5123,11723.800000001609
000d7d20_5124,11723.800000001609
000d7d20_5125,11723.800000001609
000d7d20_5126,11723.81000000161
000d7d20_5127,11723.81000000161
000d7d20_5128,11723.810000001611
000d7d20_5129,11723.810000001611
000d7d20_5130,11723.810000001611
000d7d20_5131,11723.810000001611
000d7d20_5132,11723.820000001611
000d7d20_5133,11723.820000001613
000d7d20_5134,11723.820000001613
000d7d20_5135,11723.820000001613
000d7d20_5136,11723.820000001613
000d7d20_5137,11723.830000001615
000d7d20_5138,11723.830000001615
000d7d20_5139,11723.830000001615
000d7d20_5140,11723.830000001615
000d7d20_5141,11723.830000001617
000d7d20_5142,11723.840000001617
000d7d20_5143,11723.840000001617
000d7d20_5144,11723.840000001617
000d7d20_5145,11723.840000001617
000d7d20_5146,11723.840000001619
000d7d20_5147,11723.85000000162
000d7d20_5148,11723.85000000162
000d7d20_5149,11723.85000000162
000d7d20_5150,11723.85000000162
000d7d20_5151,11723.850000001621
000d7d20_5152,11723.860000001621
000d7d20_5153,11723.860000001621
000d7d20_5154,11723.860000001621
000d7d20_5155,11723.860000001623
000d7d20_5156,11723.860000001623
000d7d20_5157,11723.870000001623
000d7d20_5158,11723.870000001623
000d7d20_5159,11723.870000001623
000d7d20_5160,11723.870000001625
000d7d20_5161,11723.880000001625
000d7d20_5162,11723.880000001625
000d7d20_5163,11723.880000001625
000d7d20_5164,11723.880000001625
000d7d20_5165,11723.890000001627
000d7d20_5166,11723.890000001627
000d7d20_5167,11723.890000001627
000d7d20_5168,11723.890000001627
000d7d20_5169,11723.89000000163
000d7d20_5170,11723.90000000163
000d7d20_5171,11723.90000000163
000d7d20_5172,11723.90000000163
000d7d20_5173,11723.91000000163
000d7d20_5174,11723.91000000163
000d7d20_5175,11723.910000001631
000d7d20_5176,11723.910000001631
000d7d20_5177,11723.920000001632
000d7d20_5178,11723.920000001632
000d7d20_5179,11723.920000001634
000d7d20_5180,11723.920000001634
000d7d20_5181,11723.920000001634
000d7d20_5182,11723.930000001634
000d7d20_5183,11723.930000001634
000d7d20_5184,11723.930000001636
000d7d20_5185,11723.930000001636
000d7d20_5186,11723.940000001636
000d7d20_5187,11723.940000001636
000d7d20_5188,11723.940000001636
000d7d20_5189,11723.940000001638
000d7d20_5190,11723.950000001638
000d7d20_5191,11723.950000001638
000d7d20_5192,11723.950000001638
000d7d20_5193,11723.95000000164
000d7d20_5194,11723.95000000164
000d7d20_5195,11723.96000000164
000d7d20_5196,11723.96000000164
000d7d20_5197,11723.96000000164
000d7d20_5198,11723.960000001642
000d7d20_5199,11723.960000001642
000d7d20_5200,11723.970000001642
000d7d20_5201,11723.970000001642
000d7d20_5202,11723.970000001642
000d7d20_5203,11723.970000001644
000d7d20_5204,11723.970000001644
000d7d20_5205,11723.980000001644
000d7d20_5206,11723.980000001644
000d7d20_5207,11723.980000001646
000d7d20_5208,11723.980000001646
000d7d20_5209,11723.980000001646
000d7d20_5210,11723.990000001646
000d7d20_5211,11723.990000001646
000d7d20_5212,11723.990000001648
000d7d20_5213,11723.990000001648
000d7d20_5214,11723.990000001648
000d7d20_5215,11723.990000001648
000d7d20_5216,11724.000000001648
000d7d20_5217,11724.00000000165
000d7d20_5218,11724.00000000165
000d7d20_5219,11724.00000000165
000d7d20_5220,11724.00000000165
000d7d20_5221,11724.000000001652
000d7d20_5222,11724.010000001652
000d7d20_5223,11724.010000001652
000d7d20_5224,11724.010000001652
000d7d20_5225,11724.010000001654
000d7d20_5226,11724.010000001654
000d7d20_5227,11724.010000001654
000d7d20_5228,11724.010000001654
000d7d20_5229,11724.020000001654
000d7d20_5230,11724.020000001656
000d7d20_5231,11724.020000001656
000d7d20_5232,11724.020000001656
000d7d20_5233,11724.020000001656
000d7d20_5234,11724.020000001658
000d7d20_5235,11724.020000001658
000d7d20_5236,11724.030000001658
000d7d20_5237,11724.030000001658
000d7d20_5238,11724.030000001658
000d7d20_5239,11724.03000000166
000d7d20_5240,11724.03000000166
000d7d20_5241,11724.03000000166
000d7d20_5242,11724.03000000166
000d7d20_5243,11724.030000001661
000d7d20_5244,11724.040000001662
000d7d20_5245,11724.040000001662
000d7d20_5246,11724.040000001662
000d7d20_5247,11724.040000001662
000d7d20_5248,11724.040000001663
000d7d20_5249,11724.040000001663
000d7d20_5250,11724.040000001663
000d7d20_5251,11724.040000001663
000d7d20_5252,11724.040000001665
000d7d20_5253,11724.040000001665
000d7d20_5254,11724.050000001665
000d7d20_5255,11724.050000001665
000d7d20_5256,11724.050000001665
000d7d20_5257,11724.050000001667
000d7d20_5258,11724.050000001667
000d7d20_5259,11724.050000001667
000d7d20_5260,11724.050000001667
000d7d20_5261,11724.05000000167
000d7d20_5262,11724.05000000167
000d7d20_5263,11724.05000000167
000d7d20_5264,11724.05000000167
000d7d20_5265,11724.050000001671
000d7d20_5266,11724.060000001671
000d7d20_5267,11724.060000001671
000d7d20_5268,11724.060000001671
000d7d20_5269,11724.060000001671
000d7d20_5270,11724.060000001673
000d7d20_5271,11724.060000001673
000d7d20_5272,11724.060000001673
000d7d20_5273,11724.060000001673
000d7d20_5274,11724.060000001675
000d7d20_5275,11724.060000001675
000d7d20_5276,11724.060000001675
000d7d20_5277,11724.060000001675
00bbac68_1545,12223.56
00bbac68_1546,12223.579999999998
00bbac68_1547,12223.589999999997
00bbac68_1548,12223.609999999997
00bbac68_1549,12223.629999999996
00bbac68_1550,12223.649999999994
00bbac68_1551,12223.669999999993
00bbac68_1552,12223.689999999991
00bbac68_1553,12223.70999999999
00bbac68_1554,12223.729999999989
00bbac68_1555,12223.749999999987
00bbac68_1556,12223.769999999986
00bbac68_1557,12223.789999999986
00bbac68_1558,12223.809999999985
00bbac68_1559,12223.829999999984
00bbac68_1560,12223.859999999982
00bbac68_1561,12223.879999999981
00bbac68_1562,12223.89999999998
00bbac68_1563,12223.919999999978
00bbac68_1564,12223.939999999977
00bbac68_1565,12223.969999999976
00bbac68_1566,12223.989999999974
00bbac68_1567,12224.009999999975
00bbac68_1568,12224.039999999974
00bbac68_1569,12224.059999999972
00bbac68_1570,12224.07999999997
00bbac68_1571,12224.10999999997
00bbac68_1572,12224.129999999968
00bbac68_1573,12224.159999999967
00bbac68_1574,12224.179999999966
00bbac68_1575,12224.199999999964
00bbac68_1576,12224.229999999963
00bbac68_1577,12224.259999999962
00bbac68_1578,12224.27999999996
00bbac68_1579,12224.30999999996
00bbac68_1580,12224.329999999958
00bbac68_1581,12224.359999999957
00bbac68_1582,12224.379999999957
00bbac68_1583,12224.409999999956
00bbac68_1584,12224.439999999955
00bbac68_1585,12224.459999999954
00bbac68_1586,12224.489999999952
00bbac68_1587,12224.519999999951
00bbac68_1588,12224.54999999995
00bbac68_1589,12224.569999999949
00bbac68_1590,12224.599999999948
00bbac68_1591,12224.629999999946
00bbac68_1592,12224.659999999945
00bbac68_1593,12224.689999999944
00bbac68_1594,12224.719999999943
00bbac68_1595,12224.749999999942
00bbac68_1596,12224.76999999994
00bbac68_1597,12224.79999999994
00bbac68_1598,12224.829999999938
00bbac68_1599,12224.859999999937
00bbac68_1600,12224.889999999936
00bbac68_1601,12224.919999999935
00bbac68_1602,12224.949999999933
00bbac68_1603,12224.989999999932
00bbac68_1604,12225.019999999931
00bbac68_1605,12225.04999999993
00bbac68_1606,12225.079999999929
00bbac68_1607,12225.109999999928
00bbac68_1608,12225.139999999927
00bbac68_1609,12225.169999999925
00bbac68_1610,12225.199999999924
00bbac68_1611,12225.229999999923
00bbac68_1612,12225.259999999922
00bbac68_1613,12225.28999999992
00bbac68_1614,12225.31999999992
00bbac68_1615,12225.349999999919
00bbac68_1616,12225.379999999917
00bbac68_1617,12225.409999999916
00bbac68_1618,12225.439999999915
00bbac68_1619,12225.469999999914
00bbac68_1620,12225.499999999913
00bbac68_1621,12225.529999999912
00bbac68_1622,12225.55999999991
00bbac68_1623,12225.58999999991
00bbac68_1624,12225.619999999908
00bbac68_1625,12225.649999999907
00bbac68_1626,12225.679999999906
00bbac68_1627,12225.709999999905
00bbac68_1628,12225.739999999903
00bbac68_1629,12225.769999999902
00bbac68_1630,12225.799999999901
00bbac68_1631,12225.8199999999
00bbac68_1632,12225.849999999899
00bbac68_1633,12225.879999999897
00bbac68_1634,12225.909999999896
00bbac68_1635,12225.939999999895
00bbac68_1636,12225.969999999894
00bbac68_1637,12225.999999999893
00bbac68_1638,12226.029999999892
00bbac68_1639,12226.05999999989
00bbac68_1640,12226.08999999989
00bbac68_1641,12226.119999999888
00bbac68_1642,12226.139999999887
00bbac68_1643,12226.169999999885
00bbac68_1644,12226.199999999884
00bbac68_1645,12226.229999999883
00bbac68_1646,12226.259999999882
00bbac68_1647,12226.28999999988
00bbac68_1648,12226.31999999988
00bbac68_1649,12226.339999999878
00bbac68_1650,12226.369999999877
00bbac68_1651,12226.399999999876
00bbac68_1652,12226.429999999875
00bbac68_1653,12226.459999999874
00bbac68_1654,12226.489999999872
00bbac68_1655,12226.509999999871
00bbac68_1656,12226.53999999987
00bbac68_1657,12226.569999999869
00bbac68_1658,12226.599999999868
00bbac68_1659,12226.629999999866
00bbac68_1660,12226.649999999865
00bbac68_1661,12226.679999999864
00bbac68_1662,12226.709999999863
00bbac68_1663,12226.739999999862
00bbac68_1664,12226.76999999986
00bbac68_1665,12226.789999999859
00bbac68_1666,12226.819999999858
00bbac68_1667,12226.849999999857
00bbac68_1668,12226.879999999855
00bbac68_1669,12226.899999999856
00bbac68_1670,12226.929999999855
00bbac68_1671,12226.959999999854
00bbac68_1672,12226.989999999852
00bbac68_1673,12227.009999999851
00bbac68_1674,12227.03999999985
00bbac68_1675,12227.069999999849
00bbac68_1676,12227.089999999847
00bbac68_1677,12227.119999999846
00bbac68_1678,12227.149999999845
00bbac68_1679,12227.179999999844
00bbac68_1680,12227.199999999842
00bbac68_1681,12227.229999999841
00bbac68_1682,12227.25999999984
00bbac68_1683,12227.279999999839
00bbac68_1684,12227.309999999838
00bbac68_1685,12227.339999999836
00bbac68_1686,12227.359999999835
00bbac68_1687,12227.389999999834
00bbac68_1688,12227.419999999833
00bbac68_1689,12227.439999999831
00bbac68_1690,12227.46999999983
00bbac68_1691,12227.499999999829
00bbac68_1692,12227.519999999828
00bbac68_1693,12227.549999999826
00bbac68_1694,12227.569999999827
00bbac68_1695,12227.599999999826
00bbac68_1696,12227.629999999825
00bbac68_1697,12227.649999999823
00bbac68_1698,12227.679999999822
00bbac68_1699,12227.69999999982
00bbac68_1700,12227.72999999982
00bbac68_1701,12227.749999999818
00bbac68_1702,12227.779999999817
00bbac68_1703,12227.799999999816
00bbac68_1704,12227.829999999814
00bbac68_1705,12227.849999999813
00bbac68_1706,12227.869999999812
00bbac68_1707,12227.89999999981
00bbac68_1708,12227.919999999809
00bbac68_1709,12227.93999999981
00bbac68_1710,12227.959999999808
00bbac68_1711,12227.989999999807
00bbac68_1712,12228.009999999806
00bbac68_1713,12228.029999999804
00bbac68_1714,12228.049999999803
00bbac68_1715,12228.069999999801
00bbac68_1716,12228.0899999998
00bbac68_1717,12228.109999999799
00bbac68_1718,12228.129999999797
00bbac68_1719,12228.149999999798
00bbac68_1720,12228.169999999796
00bbac68_1721,12228.189999999795
00bbac68_1722,12228.209999999794
00bbac68_1723,12228.229999999792
00bbac68_1724,12228.24999999979
00bbac68_1725,12228.25999999979
00bbac68_1726,12228.27999999979
00bbac68_1727,12228.299999999788
00bbac68_1728,12228.319999999787
00bbac68_1729,12228.329999999785
00bbac68_1730,12228.349999999784
00bbac68_1731,12228.359999999782
00bbac68_1732,12228.379999999783
00bbac68_1733,12228.399999999781
00bbac68_1734,12228.40999999978
00bbac68_1735,12228.429999999778
00bbac68_1736,12228.439999999777
00bbac68_1737,12228.459999999775
00bbac68_1738,12228.469999999776
00bbac68_1739,12228.479999999774
00bbac68_1740,12228.499999999773
00bbac68_1741,12228.509999999771
00bbac68_1742,12228.51999999977
00bbac68_1743,12228.53999999977
00bbac68_1744,12228.549999999768
00bbac68_1745,12228.559999999767
00bbac68_1746,12228.569999999765
00bbac68_1747,12228.579999999765
00bbac68_1748,12228.589999999764
00bbac68_1749,12228.609999999762
00bbac68_1750,12228.61999999976
00bbac68_1751,12228.62999999976
00bbac68_1752,12228.63999999976
00bbac68_1753,12228.649999999758
00bbac68_1754,12228.659999999756
00bbac68_1755,12228.669999999755
00bbac68_1756,12228.669999999755
00bbac68_1757,12228.679999999753
00bbac68_1758,12228.689999999751
00bbac68_1759,12228.69999999975
00bbac68_1760,12228.70999999975
00bbac68_1761,12228.709999999748
00bbac68_1762,12228.719999999747
00bbac68_1763,12228.729999999745
00bbac68_1764,12228.729999999745
00bbac68_1765,12228.739999999743
00bbac68_1766,12228.749999999742
00bbac68_1767,12228.749999999742
00bbac68_1768,12228.75999999974
00bbac68_1769,12228.759999999738
00bbac68_1770,12228.769999999739
00bbac68_1771,12228.769999999737
00bbac68_1772,12228.779999999735
00bbac68_1773,12228.779999999733
00bbac68_1774,12228.779999999733
00bbac68_1775,12228.789999999732
00bbac68_1776,12228.78999999973
00bbac68_1777,12228.78999999973
00bbac68_1778,12228.799999999728
00bbac68_1779,12228.799999999726
00bbac68_1780,12228.799999999726
00bbac68_1781,12228.799999999725
00bbac68_1782,12228.799999999723
00bbac68_1783,12228.799999999723
00bbac68_1784,12228.809999999721
00bbac68_1785,12228.80999999972
00bbac68_1786,12228.80999999972
00bbac68_1787,12228.809999999718
00bbac68_1788,12228.809999999718
00bbac68_1789,12228.799999999716
00bbac68_1790,12228.799999999714
00bbac68_1791,12228.799999999714
00bbac68_1792,12228.799999999712
00bbac68_1793,12228.79999999971
00bbac68_1794,12228.79999999971
00bbac68_1795,12228.799999999708
00bbac68_1796,12228.799999999708
00bbac68_1797,12228.789999999706
00bbac68_1798,12228.789999999704
00bbac68_1799,12228.789999999704
00bbac68_1800,12228.789999999703
00bbac68_1801,12228.7899999997
00bbac68_1802,12228.7899999997
00bbac68_1803,12228.789999999699
00bbac68_1804,12228.789999999699
00bbac68_1805,12228.779999999697
00bbac68_1806,12228.779999999695
00bbac68_1807,12228.779999999695
00bbac68_1808,12228.779999999693
00bbac68_1809,12228.779999999691
00bbac68_1810,12228.779999999691
00bbac68_1811,12228.77999999969
00bbac68_1812,12228.77999999969
00bbac68_1813,12228.779999999688
00bbac68_1814,12228.769999999686
00bbac68_1815,12228.769999999686
00bbac68_1816,12228.769999999684
00bbac68_1817,12228.769999999682
00bbac68_1818,12228.769999999682
00bbac68_1819,12228.76999999968
00bbac68_1820,12228.76999999968
00bbac68_1821,12228.769999999678
00bbac68_1822,12228.769999999677
00bbac68_1823,12228.769999999677
00bbac68_1824,12228.759999999675
00bbac68_1825,12228.759999999673
00bbac68_1826,12228.759999999673
00bbac68_1827,12228.759999999671
00bbac68_1828,12228.759999999671
00bbac68_1829,12228.75999999967
00bbac68_1830,12228.759999999667
00bbac68_1831,12228.759999999667
00bbac68_1832,12228.759999999666
00bbac68_1833,12228.759999999664
00bbac68_1834,12228.759999999664
00bbac68_1835,12228.759999999662
00bbac68_1836,12228.75999999966
00bbac68_1837,12228.74999999966
00bbac68_1838,12228.749999999658
00bbac68_1839,12228.749999999658
00bbac68_1840,12228.749999999656
00bbac68_1841,12228.749999999654
00bbac68_1842,12228.749999999654
00bbac68_1843,12228.749999999653
00bbac68_1844,12228.74999999965
00bbac68_1845,12228.74999999965
00bbac68_1846,12228.749999999649
00bbac68_1847,12228.749999999647
00bbac68_1848,12228.749999999647
00bbac68_1849,12228.749999999645
00bbac68_1850,12228.749999999645
00bbac68_1851,12228.749999999643
00bbac68_1852,12228.749999999642
00bbac68_1853,12228.749999999642
00bbac68_1854,12228.74999999964
00bbac68_1855,12228.749999999638
00bbac68_1856,12228.749999999638
00bbac68_1857,12228.739999999636
00bbac68_1858,12228.739999999636
00bbac68_1859,12228.739999999634
00bbac68_1860,12228.739999999632
00bbac68_1861,12228.739999999632
00bbac68_1862,12228.73999999963
00bbac68_1863,12228.739999999629
00bbac68_1864,12228.739999999629
00bbac68_1865,12228.739999999627
00bbac68_1866,12228.739999999625
00bbac68_1867,12228.739999999625
00bbac68_1868,12228.739999999623
00bbac68_1869,12228.739999999623
00bbac68_1870,12228.739999999621
00bbac68_1871,12228.73999999962
00bbac68_1872,12228.73999999962
00bbac68_1873,12228.739999999618
00bbac68_1874,12228.739999999616
00bbac68_1875,12228.739999999616
00bbac68_1876,12228.739999999614
00bbac68_1877,12228.739999999612
00bbac68_1878,12228.739999999612
00bbac68_1879,12228.73999999961
00bbac68_1880,12228.739999999609
00bbac68_1881,12228.739999999609
00bbac68_1882,12228.739999999607
00bbac68_1883,12228.739999999607
00bbac68_1884,12228.739999999605
00bbac68_1885,12228.739999999603
00bbac68_1886,12228.739999999603
00bbac68_1887,12228.739999999601
00bbac68_1888,12228.7399999996
00bbac68_1889,12228.7399999996
00bbac68_1890,12228.739999999598
00bbac68_1891,12228.739999999596
00bbac68_1892,12228.739999999596
00bbac68_1893,12228.739999999594
00bbac68_1894,12228.749999999593
00bbac68_1895,12228.749999999593
00bbac68_1896,12228.74999999959
00bbac68_1897,12228.749999999589
00bbac68_1898,12228.749999999589
00bbac68_1899,12228.749999999587
00bbac68_1900,12228.749999999587
00bbac68_1901,12228.749999999585
00bbac68_1902,12228.759999999584
00bbac68_1903,12228.759999999584
00bbac68_1904,12228.759999999582
00bbac68_1905,12228.75999999958
00bbac68_1906,12228.75999999958
00bbac68_1907,12228.759999999578
00bbac68_1908,12228.769999999577
00bbac68_1909,12228.769999999577
00bbac68_1910,12228.769999999575
00bbac68_1911,12228.769999999573
00bbac68_1912,12228.779999999573
00bbac68_1913,12228.779999999571
00bbac68_1914,12228.77999999957
00bbac68_1915,12228.77999999957
00bbac68_1916,12228.789999999568
00bbac68_1917,12228.789999999566
00bbac68_1918,12228.789999999566
00bbac68_1919,12228.799999999565
00bbac68_1920,12228.799999999563
00bbac68_1921,12228.799999999563
00bbac68_1922,12228.809999999561
00bbac68_1923,12228.80999999956
00bbac68_1924,12228.809999999557
00bbac68_1925,12228.819999999558
00bbac68_1926,12228.819999999556
00bbac68_1927,12228.829999999554
00bbac68_1928,12228.829999999554
00bbac68_1929,12228.829999999552
00bbac68_1930,12228.83999999955
00bbac68_1931,12228.83999999955
00bbac68_1932,12228.84999999955
00bbac68_1933,12228.849999999547
00bbac68_1934,12228.859999999546
00bbac68_1935,12228.859999999546
00bbac68_1936,12228.869999999544
00bbac68_1937,12228.869999999542
00bbac68_1938,12228.879999999543
00bbac68_1939,12228.87999999954
00bbac68_1940,12228.88999999954
00bbac68_1941,12228.88999999954
00bbac68_1942,12228.899999999538
00bbac68_1943,12228.899999999536
00bbac68_1944,12228.909999999534
00bbac68_1945,12228.909999999534
00bbac68_1946,12228.919999999533
00bbac68_1947,12228.929999999531
00bbac68_1948,12228.929999999531
00bbac68_1949,12228.93999999953
00bbac68_1950,12228.939999999528
00bbac68_1951,12228.949999999528
00bbac68_1952,12228.959999999526
00bbac68_1953,12228.959999999524
00bbac68_1954,12228.969999999523
00bbac68_1955,12228.979999999523
00bbac68_1956,12228.979999999521
00bbac68_1957,12228.98999999952
00bbac68_1958,12228.999999999518
00bbac68_1959,12228.999999999518
00bbac68_1960,12229.009999999516
00bbac68_1961,12229.019999999515
00bbac68_1962,12229.029999999515
00bbac68_1963,12229.029999999513
00bbac68_1964,12229.039999999512
00bbac68_1965,12229.04999999951
00bbac68_1966,12229.05999999951
00bbac68_1967,12229.059999999508
00bbac68_1968,12229.069999999507
00bbac68_1969,12229.079999999505
00bbac68_1970,12229.089999999505
00bbac68_1971,12229.099999999504
00bbac68_1972,12229.099999999502
00bbac68_1973,12229.109999999502
00bbac68_1974,12229.1199999995
00bbac68_1975,12229.129999999499
00bbac68_1976,12229.139999999497
00bbac68_1977,12229.149999999496
00bbac68_1978,12229.159999999496
00bbac68_1979,12229.169999999494
00bbac68_1980,12229.169999999493
00bbac68_1981,12229.179999999493
00bbac68_1982,12229.189999999491
00bbac68_1983,12229.19999999949
00bbac68_1984,12229.209999999488
00bbac68_1985,12229.219999999488
00bbac68_1986,12229.229999999487
00bbac68_1987,12229.239999999485
00bbac68_1988,12229.249999999483
00bbac68_1989,12229.259999999482
00bbac68_1990,12229.269999999482
00bbac68_1991,12229.27999999948
00bbac68_1992,12229.289999999479
00bbac68_1993,12229.289999999479
00bbac68_1994,12229.299999999477
00bbac68_1995,12229.309999999476
00bbac68_1996,12229.319999999474
00bbac68_1997,12229.329999999474
00bbac68_1998,12229.339999999473
00bbac68_1999,12229.349999999471
00bbac68_2000,12229.35999999947
00bbac68_2001,12229.369999999468
00bbac68_2002,12229.379999999468
00bbac68_2003,12229.389999999466
00bbac68_2004,12229.399999999465
00bbac68_2005,12229.409999999463
00bbac68_2006,12229.409999999463
00bbac68_2007,12229.419999999462
00bbac68_2008,12229.42999999946
00bbac68_2009,12229.43999999946
00bbac68_2010,12229.449999999459
00bbac68_2011,12229.459999999457
00bbac68_2012,12229.469999999455
00bbac68_2013,12229.479999999454
00bbac68_2014,12229.489999999454
00bbac68_2015,12229.499999999452
00bbac68_2016,12229.50999999945
00bbac68_2017,12229.51999999945
00bbac68_2018,12229.52999999945
00bbac68_2019,12229.529999999448
00bbac68_2020,12229.539999999446
00bbac68_2021,12229.549999999446
00bbac68_2022,12229.559999999445
00bbac68_2023,12229.569999999443
00bbac68_2024,12229.579999999441
00bbac68_2025,12229.58999999944
00bbac68_2026,12229.59999999944
00bbac68_2027,12229.609999999439
00bbac68_2028,12229.619999999437
00bbac68_2029,12229.629999999435
00bbac68_2030,12229.639999999436
00bbac68_2031,12229.649999999434
00bbac68_2032,12229.649999999432
00bbac68_2033,12229.659999999432
00bbac68_2034,12229.66999999943
00bbac68_2035,12229.67999999943
00bbac68_2036,12229.689999999428
00bbac68_2037,12229.699999999426
00bbac68_2038,12229.709999999426
00bbac68_2039,12229.719999999425
00bbac68_2040,12229.729999999423
00bbac68_2041,12229.739999999421
00bbac68_2042,12229.749999999422
00bbac68_2043,12229.75999999942
00bbac68_2044,12229.769999999418
00bbac68_2045,12229.769999999418
00bbac68_2046,12229.779999999417
00bbac68_2047,12229.789999999415
00bbac68_2048,12229.799999999414
00bbac68_2049,12229.809999999412
00bbac68_2050,12229.819999999412
00bbac68_2051,12229.82999999941
00bbac68_2052,12229.839999999409
00bbac68_2053,12229.849999999407
00bbac68_2054,12229.859999999408
00bbac68_2055,12229.869999999406
00bbac68_2056,12229.879999999404
00bbac68_2057,12229.889999999403
00bbac68_2058,12229.889999999403
00bbac68_2059,12229.899999999401
00bbac68_2060,12229.9099999994
00bbac68_2061,12229.919999999398
00bbac68_2062,12229.929999999398
00bbac68_2063,12229.939999999397
00bbac68_2064,12229.949999999395
00bbac68_2065,12229.959999999393
00bbac68_2066,12229.969999999394
00bbac68_2067,12229.979999999392
00bbac68_2068,12229.98999999939
00bbac68_2069,12229.999999999389
00bbac68_2070,12230.009999999389
00bbac68_2071,12230.009999999387
00bbac68_2072,12230.019999999386
00bbac68_2073,12230.029999999384
00bbac68_2074,12230.039999999384
00bbac68_2075,12230.049999999383
00bbac68_2076,12230.059999999381
00bbac68_2077,12230.06999999938
00bbac68_2078,12230.07999999938
00bbac68_2079,12230.089999999378
00bbac68_2080,12230.099999999376
00bbac68_2081,12230.109999999375
00bbac68_2082,12230.109999999375
00bbac68_2083,12230.119999999373
00bbac68_2084,12230.129999999372
00bbac68_2085,12230.13999999937
00bbac68_2086,12230.14999999937
00bbac68_2087,12230.159999999369
00bbac68_2088,12230.169999999367
00bbac68_2089,12230.179999999365
00bbac68_2090,12230.179999999365
00bbac68_2091,12230.189999999364
00bbac68_2092,12230.199999999362
00bbac68_2093,12230.209999999362
00bbac68_2094,12230.21999999936
00bbac68_2095,12230.219999999359
00bbac68_2096,12230.229999999357
00bbac68_2097,12230.239999999358
00bbac68_2098,12230.249999999356
00bbac68_2099,12230.259999999354
00bbac68_2100,12230.259999999353
00bbac68_2101,12230.269999999353
00bbac68_2102,12230.279999999351
00bbac68_2103,12230.28999999935
00bbac68_2104,12230.28999999935
00bbac68_2105,12230.299999999348
00bbac68_2106,12230.309999999346
00bbac68_2107,12230.319999999345
00bbac68_2108,12230.319999999345
00bbac68_2109,12230.329999999343
00bbac68_2110,12230.339999999342
00bbac68_2111,12230.33999999934
00bbac68_2112,12230.34999999934
00bbac68_2113,12230.359999999338
00bbac68_2114,12230.359999999337
00bbac68_2115,12230.369999999337
00bbac68_2116,12230.379999999335
00bbac68_2117,12230.379999999333
00bbac68_2118,12230.389999999332
00bbac68_2119,12230.399999999332
00bbac68_2120,12230.39999999933
00bbac68_2121,12230.409999999329
00bbac68_2122,12230.419999999327
00bbac68_2123,12230.419999999327
00bbac68_2124,12230.429999999325
00bbac68_2125,12230.429999999324
00bbac68_2126,12230.439999999324
00bbac68_2127,12230.449999999322
00bbac68_2128,12230.44999999932
00bbac68_2129,12230.459999999319
00bbac68_2130,12230.459999999319
00bbac68_2131,12230.469999999317
00bbac68_2132,12230.469999999315
00bbac68_2133,12230.479999999316
00bbac68_2134,12230.489999999314
00bbac68_2135,12230.489999999312
00bbac68_2136,12230.499999999312
00bbac68_2137,12230.49999999931
00bbac68_2138,12230.509999999309
00bbac68_2139,12230.509999999307
00bbac68_2140,12230.519999999307
00bbac68_2141,12230.519999999306
00bbac68_2142,12230.529999999304
00bbac68_2143,12230.529999999304
00bbac68_2144,12230.539999999302
00bbac68_2145,12230.5399999993
00bbac68_2146,12230.5499999993
00bbac68_2147,12230.549999999299
00bbac68_2148,12230.559999999297
00bbac68_2149,12230.559999999296
00bbac68_2150,12230.559999999296
00bbac68_2151,12230.569999999294
00bbac68_2152,12230.569999999292
00bbac68_2153,12230.579999999292
00bbac68_2154,12230.57999999929
00bbac68_2155,12230.579999999289
00bbac68_2156,12230.589999999289
00bbac68_2157,12230.589999999287
00bbac68_2158,12230.599999999286
00bbac68_2159,12230.599999999286
00bbac68_2160,12230.599999999284
00bbac68_2161,12230.609999999282
00bbac68_2162,12230.609999999282
00bbac68_2163,12230.61999999928
00bbac68_2164,12230.619999999279
00bbac68_2165,12230.619999999279
00bbac68_2166,12230.629999999277
00bbac68_2167,12230.629999999275
00bbac68_2168,12230.629999999273
00bbac68_2169,12230.639999999274
00bbac68_2170,12230.639999999272
00bbac68_2171,12230.63999999927
00bbac68_2172,12230.63999999927
00bbac68_2173,12230.649999999268
00bbac68_2174,12230.649999999267
00bbac68_2175,12230.649999999267
00bbac68_2176,12230.659999999265
00bbac68_2177,12230.659999999263
00bbac68_2178,12230.659999999263
00bbac68_2179,12230.659999999261
00bbac68_2180,12230.66999999926
00bbac68_2181,12230.66999999926
00bbac68_2182,12230.669999999258
00bbac68_2183,12230.679999999256
00bbac68_2184,12230.679999999256
00bbac68_2185,12230.679999999255
00bbac68_2186,12230.679999999253
00bbac68_2187,12230.689999999253
00bbac68_2188,12230.689999999251
00bbac68_2189,12230.68999999925
00bbac68_2190,12230.68999999925
00bbac68_2191,12230.699999999248
00bbac68_2192,12230.699999999246
00bbac68_2193,12230.699999999246
00bbac68_2194,12230.699999999244
00bbac68_2195,12230.709999999242
00bbac68_2196,12230.709999999242
00bbac68_2197,12230.70999999924
00bbac68_2198,12230.709999999239
00bbac68_2199,12230.709999999239
00bbac68_2200,12230.719999999237
00bbac68_2201,12230.719999999235
00bbac68_2202,12230.719999999235
00bbac68_2203,12230.719999999234
00bbac68_2204,12230.729999999232
00bbac68_2205,12230.729999999232
00bbac68_2206,12230.72999999923
00bbac68_2207,12230.729999999228
00bbac68_2208,12230.729999999228
00bbac68_2209,12230.739999999227
00bbac68_2210,12230.739999999225
00bbac68_2211,12230.739999999225
00bbac68_2212,12230.739999999223
00bbac68_2213,12230.739999999221
00bbac68_2214,12230.739999999221
00bbac68_2215,12230.74999999922
00bbac68_2216,12230.749999999218
00bbac68_2217,12230.749999999218
00bbac68_2218,12230.749999999216
00bbac68_2219,12230.749999999214
00bbac68_2220,12230.749999999214
00bbac68_2221,12230.759999999213
00bbac68_2222,12230.75999999921
00bbac68_2223,12230.75999999921
00bbac68_2224,12230.759999999209
00bbac68_2225,12230.759999999207
00bbac68_2226,12230.759999999207
00bbac68_2227,12230.759999999205
00bbac68_2228,12230.769999999204
00bbac68_2229,12230.769999999204
00bbac68_2230,12230.769999999202
00bbac68_2231,12230.7699999992
00bbac68_2232,12230.7699999992
00bbac68_2233,12230.769999999198
00bbac68_2234,12230.769999999198
00bbac68_2235,12230.769999999196
00bbac68_2236,12230.779999999195
00bbac68_2237,12230.779999999195
00bbac68_2238,12230.779999999193
00bbac68_2239,12230.779999999191
00bbac68_2240,12230.779999999191
00bbac68_2241,12230.77999999919
00bbac68_2242,12230.779999999188
00bbac68_2243,12230.779999999188
00bbac68_2244,12230.779999999186
00bbac68_2245,12230.779999999184
00bbac68_2246,12230.779999999184
00bbac68_2247,12230.779999999182
00bbac68_2248,12230.78999999918
00bbac68_2249,12230.78999999918
00bbac68_2250,12230.789999999179
00bbac68_2251,12230.789999999177
00bbac68_2252,12230.789999999177
00bbac68_2253,12230.789999999175
00bbac68_2254,12230.789999999175
00bbac68_2255,12230.789999999173
00bbac68_2256,12230.789999999171
00bbac68_2257,12230.789999999171
00bbac68_2258,12230.78999999917
00bbac68_2259,12230.789999999168
00bbac68_2260,12230.789999999168
00bbac68_2261,12230.789999999166
00bbac68_2262,12230.789999999164
00bbac68_2263,12230.789999999164
00bbac68_2264,12230.789999999162
00bbac68_2265,12230.78999999916
00bbac68_2266,12230.78999999916
00bbac68_2267,12230.789999999159
00bbac68_2268,12230.789999999159
00bbac68_2269,12230.789999999157
00bbac68_2270,12230.789999999155
00bbac68_2271,12230.789999999155
00bbac68_2272,12230.789999999153
00bbac68_2273,12230.789999999151
00bbac68_2274,12230.789999999151
00bbac68_2275,12230.78999999915
00bbac68_2276,12230.789999999148
00bbac68_2277,12230.789999999148
00bbac68_2278,12230.789999999146
00bbac68_2279,12230.789999999146
00bbac68_2280,12230.779999999144
00bbac68_2281,12230.779999999142
00bbac68_2282,12230.779999999142
00bbac68_2283,12230.77999999914
00bbac68_2284,12230.779999999138
00bbac68_2285,12230.779999999138
00bbac68_2286,12230.769999999136
00bbac68_2287,12230.769999999136
00bbac68_2288,12230.769999999135
00bbac68_2289,12230.769999999133
00bbac68_2290,12230.769999999133
00bbac68_2291,12230.75999999913
00bbac68_2292,12230.75999999913
00bbac68_2293,12230.759999999129
00bbac68_2294,12230.759999999127
00bbac68_2295,12230.749999999127
00bbac68_2296,12230.749999999125
00bbac68_2297,12230.749999999123
00bbac68_2298,12230.739999999123
00bbac68_2299,12230.739999999121
00bbac68_2300,12230.739999999121
00bbac68_2301,12230.72999999912
00bbac68_2302,12230.72999999912
00bbac68_2303,12230.729999999117
00bbac68_2304,12230.719999999115
00bbac68_2305,12230.719999999115
00bbac68_2306,12230.719999999113
00bbac68_2307,12230.709999999113
00bbac68_2308,12230.709999999111
00bbac68_2309,12230.69999999911
00bbac68_2310,12230.69999999911
00bbac68_2311,12230.699999999108
00bbac68_2312,12230.689999999107
00bbac68_2313,12230.689999999106
00bbac68_2314,12230.679999999104
00bbac68_2315,12230.679999999104
00bbac68_2316,12230.669999999101
00bbac68_2317,12230.669999999101
00bbac68_2318,12230.6599999991
00bbac68_2319,12230.659999999098
00bbac68_2320,12230.649999999097
00bbac68_2321,12230.649999999096
00bbac68_2322,12230.639999999095
00bbac68_2323,12230.639999999094
00bbac68_2324,12230.629999999093
00bbac68_2325,12230.619999999091
00bbac68_2326,12230.61999999909
00bbac68_2327,12230.60999999909
00bbac68_2328,12230.609999999087
00bbac68_2329,12230.599999999087
00bbac68_2330,12230.589999999085
00bbac68_2331,12230.589999999085
00bbac68_2332,12230.579999999083
00bbac68_2333,12230.579999999081
00bbac68_2334,12230.569999999081
00bbac68_2335,12230.559999999079
00bbac68_2336,12230.559999999079
00bbac68_2337,12230.549999999077
00bbac68_2338,12230.539999999077
00bbac68_2339,12230.529999999075
00bbac68_2340,12230.529999999075
00bbac68_2341,12230.519999999073
00bbac68_2342,12230.509999999073
00bbac68_2343,12230.50999999907
00bbac68_2344,12230.499999999069
00bbac68_2345,12230.489999999068
00bbac68_2346,12230.479999999066
00bbac68_2347,12230.469999999066
00bbac68_2348,12230.469999999064
00bbac68_2349,12230.459999999064
00bbac68_2350,12230.449999999062
00bbac68_2351,12230.439999999062
00bbac68_2352,12230.42999999906
00bbac68_2353,12230.429999999058
00bbac68_2354,12230.419999999058
00bbac68_2355,12230.409999999056
00bbac68_2356,12230.399999999056
00bbac68_2357,12230.389999999054
00bbac68_2358,12230.379999999053
00bbac68_2359,12230.369999999051
00bbac68_2360,12230.359999999051
00bbac68_2361,12230.349999999049
00bbac68_2362,12230.349999999049
00bbac68_2363,12230.339999999047
00bbac68_2364,12230.329999999047
00bbac68_2365,12230.319999999045
00bbac68_2366,12230.309999999045
00bbac68_2367,12230.299999999042
00bbac68_2368,12230.289999999042
00bbac68_2369,12230.27999999904
00bbac68_2370,12230.26999999904
00bbac68_2371,12230.259999999038
00bbac68_2372,12230.259999999036
00bbac68_2373,12230.249999999036
00bbac68_2374,12230.239999999034
00bbac68_2375,12230.229999999034
00bbac68_2376,12230.219999999032
00bbac68_2377,12230.209999999031
00bbac68_2378,12230.19999999903
00bbac68_2379,12230.18999999903
00bbac68_2380,12230.189999999027
00bbac68_2381,12230.179999999027
00bbac68_2382,12230.169999999025
00bbac68_2383,12230.159999999025
00bbac68_2384,12230.149999999023
00bbac68_2385,12230.13999999902
00bbac68_2386,12230.12999999902
00bbac68_2387,12230.119999999019
00bbac68_2388,12230.119999999019
00bbac68_2389,12230.109999999017
00bbac68_2390,12230.099999999016
00bbac68_2391,12230.089999999014
00bbac68_2392,12230.079999999014
00bbac68_2393,12230.069999999012
00bbac68_2394,12230.069999999012
00bbac68_2395,12230.05999999901
00bbac68_2396,12230.04999999901
00bbac68_2397,12230.039999999008
00bbac68_2398,12230.029999999006
00bbac68_2399,12230.019999999005
00bbac68_2400,12230.009999999003
00bbac68_2401,12230.009999999003
00bbac68_2402,12229.999999999001
00bbac68_2403,12229.989999999001
00bbac68_2404,12229.979999999
00bbac68_2405,12229.969999998999
00bbac68_2406,12229.959999998997
00bbac68_2407,12229.959999998997
00bbac68_2408,12229.949999998995
00bbac68_2409,12229.939999998995
00bbac68_2410,12229.929999998993
00bbac68_2411,12229.91999999899
00bbac68_2412,12229.90999999899
00bbac68_2413,12229.909999998988
00bbac68_2414,12229.899999998988
00bbac68_2415,12229.889999998986
00bbac68_2416,12229.879999998986
00bbac68_2417,12229.869999998984
00bbac68_2418,12229.869999998984
00bbac68_2419,12229.859999998982
00bbac68_2420,12229.849999998982
00bbac68_2421,12229.83999999898
00bbac68_2422,12229.82999999898
00bbac68_2423,12229.829999998978
00bbac68_2424,12229.819999998976
00bbac68_2425,12229.809999998975
00bbac68_2426,12229.799999998973
00bbac68_2427,12229.789999998973
00bbac68_2428,12229.789999998971
00bbac68_2429,12229.779999998971
00bbac68_2430,12229.769999998969
00bbac68_2431,12229.759999998969
00bbac68_2432,12229.749999998967
00bbac68_2433,12229.749999998965
00bbac68_2434,12229.739999998965
00bbac68_2435,12229.729999998963
00bbac68_2436,12229.719999998963
00bbac68_2437,12229.70999999896
00bbac68_2438,12229.70999999896
00bbac68_2439,12229.699999998958
00bbac68_2440,12229.689999998958
00bbac68_2441,12229.679999998956
00bbac68_2442,12229.679999998956
00bbac68_2443,12229.669999998954
00bbac68_2444,12229.659999998952
00bbac68_2445,12229.649999998952
00bbac68_2446,12229.64999999895
00bbac68_2447,12229.63999999895
00bbac68_2448,12229.629999998948
00bbac68_2449,12229.619999998948
00bbac68_2450,12229.619999998946
00bbac68_2451,12229.609999998946
00bbac68_2452,12229.599999998944
00bbac68_2453,12229.589999998943
00bbac68_2454,12229.579999998941
00bbac68_2455,12229.57999999894
00bbac68_2456,12229.56999999894
00bbac68_2457,12229.559999998937
00bbac68_2458,12229.549999998937
00bbac68_2459,12229.549999998935
00bbac68_2460,12229.539999998935
00bbac68_2461,12229.529999998933
00bbac68_2462,12229.519999998933
00bbac68_2463,12229.50999999893
00bbac68_2464,12229.509999998929
00bbac68_2465,12229.499999998929
00bbac68_2466,12229.489999998927
00bbac68_2467,12229.479999998926
00bbac68_2468,12229.469999998924
00bbac68_2469,12229.469999998924
00bbac68_2470,12229.459999998922
00bbac68_2471,12229.449999998922
00bbac68_2472,12229.43999999892
00bbac68_2473,12229.42999999892
00bbac68_2474,12229.419999998918
00bbac68_2475,12229.419999998918
00bbac68_2476,12229.409999998916
00bbac68_2477,12229.399999998914
00bbac68_2478,12229.389999998913
00bbac68_2479,12229.379999998911
00bbac68_2480,12229.369999998911
00bbac68_2481,12229.35999999891
00bbac68_2482,12229.349999998909
00bbac68_2483,12229.339999998907
00bbac68_2484,12229.339999998907
00bbac68_2485,12229.329999998905
00bbac68_2486,12229.319999998905
00bbac68_2487,12229.309999998903
00bbac68_2488,12229.299999998902
00bbac68_2489,12229.2899999989
00bbac68_2490,12229.2799999989
00bbac68_2491,12229.269999998898
00bbac68_2492,12229.259999998898
00bbac68_2493,12229.249999998896
00bbac68_2494,12229.239999998896
00bbac68_2495,12229.229999998894
00bbac68_2496,12229.219999998892
00bbac68_2497,12229.209999998891
00bbac68_2498,12229.19999999889
00bbac68_2499,12229.18999999889
00bbac68_2500,12229.179999998887
00bbac68_2501,12229.169999998887
00bbac68_2502,12229.159999998885
00bbac68_2503,12229.149999998885
00bbac68_2504,12229.139999998883
00bbac68_2505,12229.129999998882
00bbac68_2506,12229.11999999888
00bbac68_2507,12229.10999999888
00bbac68_2508,12229.099999998878
00bbac68_2509,12229.089999998878
00bbac68_2510,12229.079999998876
00bbac68_2511,12229.069999998876
00bbac68_2512,12229.059999998874
00bbac68_2513,12229.049999998873
00bbac68_2514,12229.039999998871
00bbac68_2515,12229.029999998871
00bbac68_2516,12229.019999998869
00bbac68_2517,12229.009999998869
00bbac68_2518,12228.999999998867
00bbac68_2519,12228.989999998867
00bbac68_2520,12228.979999998865
00bbac68_2521,12228.969999998862
00bbac68_2522,12228.959999998862
00bbac68_2523,12228.939999998862
00bbac68_2524,12228.92999999886
00bbac68_2525,12228.91999999886
00bbac68_2526,12228.909999998858
00bbac68_2527,12228.899999998855
00bbac68_2528,12228.889999998855
00bbac68_2529,12228.879999998853
00bbac68_2530,12228.869999998853
00bbac68_2531,12228.859999998851
00bbac68_2532,12228.83999999885
00bbac68_2533,12228.829999998849
00bbac68_2534,12228.819999998848
00bbac68_2535,12228.809999998846
00bbac68_2536,12228.799999998846
00bbac68_2537,12228.789999998844
00bbac68_2538,12228.769999998844
00bbac68_2539,12228.759999998842
00bbac68_2540,12228.749999998841
00bbac68_2541,12228.73999999884
00bbac68_2542,12228.729999998839
00bbac68_2543,12228.719999998837
00bbac68_2544,12228.699999998837
00bbac68_2545,12228.689999998835
00bbac68_2546,12228.679999998834
00bbac68_2547,12228.669999998832
00bbac68_2548,12228.649999998832
00bbac68_2549,12228.639999998832
00bbac68_2550,12228.62999999883
00bbac68_2551,12228.619999998828
00bbac68_2552,12228.609999998827
00bbac68_2553,12228.589999998827
00bbac68_2554,12228.579999998825
00bbac68_2555,12228.569999998825
00bbac68_2556,12228.559999998823
00bbac68_2557,12228.539999998822
00bbac68_2558,12228.52999999882
00bbac68_2559,12228.51999999882
00bbac68_2560,12228.509999998818
00bbac68_2561,12228.489999998817
00bbac68_2562,12228.479999998815
00bbac68_2563,12228.469999998815
00bbac68_2564,12228.459999998813
00bbac68_2565,12228.439999998813
00bbac68_2566,12228.42999999881
00bbac68_2567,12228.41999999881
00bbac68_2568,12228.409999998808
00bbac68_2569,12228.389999998808
00bbac68_2570,12228.379999998806
00bbac68_2571,12228.369999998806
00bbac68_2572,12228.359999998804
00bbac68_2573,12228.339999998803
00bbac68_2574,12228.329999998801
00bbac68_2575,12228.319999998801
00bbac68_2576,12228.309999998799
00bbac68_2577,12228.289999998799
00bbac68_2578,12228.279999998796
00bbac68_2579,12228.269999998796
00bbac68_2580,12228.259999998794
00bbac68_2581,12228.239999998794
00bbac68_2582,12228.229999998792
00bbac68_2583,12228.219999998792
00bbac68_2584,12228.19999999879
00bbac68_2585,12228.189999998789
00bbac68_2586,12228.179999998787
00bbac68_2587,12228.169999998787
00bbac68_2588,12228.149999998785
00bbac68_2589,12228.139999998784
00bbac68_2590,12228.129999998782
00bbac68_2591,12228.109999998782
00bbac68_2592,12228.09999999878
00bbac68_2593,12228.08999999878
00bbac68_2594,12228.06999999878
00bbac68_2595,12228.059999998777
00bbac68_2596,12228.049999998777
00bbac68_2597,12228.039999998775
00bbac68_2598,12228.019999998774
00bbac68_2599,12228.009999998772
00bbac68_2600,12227.999999998772
00bbac68_2601,12227.97999999877
00bbac68_2602,12227.96999999877
00bbac68_2603,12227.959999998768
00bbac68_2604,12227.939999998767
00bbac68_2605,12227.929999998765
00bbac68_2606,12227.919999998765
00bbac68_2607,12227.899999998763
00bbac68_2608,12227.889999998763
00bbac68_2609,12227.87999999876
00bbac68_2610,12227.85999999876
00bbac68_2611,12227.849999998758
00bbac68_2612,12227.839999998758
00bbac68_2613,12227.819999998756
00bbac68_2614,12227.809999998755
00bbac68_2615,12227.799999998753
00bbac68_2616,12227.779999998753
00bbac68_2617,12227.76999999875
00bbac68_2618,12227.75999999875
00bbac68_2619,12227.73999999875
00bbac68_2620,12227.729999998748
00bbac68_2621,12227.719999998746
00bbac68_2622,12227.699999998746
00bbac68_2623,12227.689999998745
00bbac68_2624,12227.679999998743
00bbac68_2625,12227.659999998743
00bbac68_2626,12227.64999999874
00bbac68_2627,12227.63999999874
00bbac68_2628,12227.619999998738
00bbac68_2629,12227.609999998738
00bbac68_2630,12227.599999998736
00bbac68_2631,12227.579999998736
00bbac68_2632,12227.569999998734
00bbac68_2633,12227.559999998733
00bbac68_2634,12227.539999998731
00bbac68_2635,12227.529999998731
00bbac68_2636,12227.509999998729
00bbac68_2637,12227.499999998729
00bbac68_2638,12227.489999998726
00bbac68_2639,12227.469999998726
00bbac68_2640,12227.459999998724
00bbac68_2641,12227.449999998724
00bbac68_2642,12227.429999998723
00bbac68_2643,12227.419999998721
00bbac68_2644,12227.39999999872
00bbac68_2645,12227.389999998719
00bbac68_2646,12227.379999998719
00bbac68_2647,12227.359999998716
00bbac68_2648,12227.349999998716
00bbac68_2649,12227.329999998714
00bbac68_2650,12227.319999998714
00bbac68_2651,12227.299999998711
00bbac68_2652,12227.289999998711
00bbac68_2653,12227.269999998709
00bbac68_2654,12227.259999998709
00bbac68_2655,12227.239999998706
00bbac68_2656,12227.229999998706
00bbac68_2657,12227.209999998706
00bbac68_2658,12227.189999998704
00bbac68_2659,12227.179999998703
00bbac68_2660,12227.159999998701
00bbac68_2661,12227.1499999987
00bbac68_2662,12227.129999998699
00bbac68_2663,12227.109999998698
00bbac68_2664,12227.099999998696
00bbac68_2665,12227.079999998696
00bbac68_2666,12227.059999998695
00bbac68_2667,12227.049999998693
00bbac68_2668,12227.029999998693
00bbac68_2669,12227.00999999869
00bbac68_2670,12226.99999999869
00bbac68_2671,12226.979999998688
00bbac68_2672,12226.959999998688
00bbac68_2673,12226.939999998687
00bbac68_2674,12226.919999998685
00bbac68_2675,12226.909999998685
00bbac68_2676,12226.889999998682
00bbac68_2677,12226.869999998682
00bbac68_2678,12226.84999999868
00bbac68_2679,12226.82999999868
00bbac68_2680,12226.809999998679
00bbac68_2681,12226.799999998677
00bbac68_2682,12226.779999998676
00bbac68_2683,12226.759999998674
00bbac68_2684,12226.739999998674
00bbac68_2685,12226.719999998673
00bbac68_2686,12226.699999998671
00bbac68_2687,12226.67999999867
00bbac68_2688,12226.659999998668
00bbac68_2689,12226.639999998668
00bbac68_2690,12226.619999998667
00bbac68_2691,12226.599999998665
00bbac68_2692,12226.579999998665
00bbac68_2693,12226.559999998663
00bbac68_2694,12226.539999998662
00bbac68_2695,12226.519999998662
00bbac68_2696,12226.49999999866
00bbac68_2697,12226.479999998659
00bbac68_2698,12226.459999998657
00bbac68_2699,12226.439999998656
00bbac68_2700,12226.419999998656
00bbac68_2701,12226.389999998653
00bbac68_2702,12226.369999998653
00bbac68_2703,12226.34999999865
00bbac68_2704,12226.32999999865
00bbac68_2705,12226.30999999865
00bbac68_2706,12226.289999998648
00bbac68_2707,12226.259999998647
00bbac68_2708,12226.239999998646
00bbac68_2709,12226.219999998644
00bbac68_2710,12226.199999998644
00bbac68_2711,12226.169999998641
00bbac68_2712,12226.14999999864
00bbac68_2713,12226.12999999864
00bbac68_2714,12226.109999998638
00bbac68_2715,12226.079999998638
00bbac68_2716,12226.059999998637
00bbac68_2717,12226.039999998635
00bbac68_2718,12226.009999998634
00bbac68_2719,12225.989999998634
00bbac68_2720,12225.959999998631
00bbac68_2721,12225.93999999863
00bbac68_2722,12225.919999998629
00bbac68_2723,12225.889999998628
00bbac68_2724,12225.869999998627
00bbac68_2725,12225.839999998625
00bbac68_2726,12225.819999998625
00bbac68_2727,12225.799999998624
00bbac68_2728,12225.769999998622
00bbac68_2729,12225.749999998621
00bbac68_2730,12225.71999999862
00bbac68_2731,12225.699999998618
00bbac68_2732,12225.669999998618
00bbac68_2733,12225.639999998617
00bbac68_2734,12225.619999998615
00bbac68_2735,12225.589999998614
00bbac68_2736,12225.569999998614
00bbac68_2737,12225.539999998611
00bbac68_2738,12225.51999999861
00bbac68_2739,12225.48999999861
00bbac68_2740,12225.459999998608
00bbac68_2741,12225.439999998607
00bbac68_2742,12225.409999998607
00bbac68_2743,12225.389999998604
00bbac68_2744,12225.359999998604
00bbac68_2745,12225.329999998603
00bbac68_2746,12225.3099999986
00bbac68_2747,12225.2799999986
00bbac68_2748,12225.2599999986
00bbac68_2749,12225.229999998597
00bbac68_2750,12225.199999998596
00bbac68_2751,12225.179999998596
00bbac68_2752,12225.149999998594
00bbac68_2753,12225.129999998593
00bbac68_2754,12225.099999998592
00bbac68_2755,12225.069999998592
00bbac68_2756,12225.04999999859
00bbac68_2757,12225.019999998589
00bbac68_2758,12224.999999998587
00bbac68_2759,12224.969999998586
00bbac68_2760,12224.939999998585
00bbac68_2761,12224.919999998583
00bbac68_2762,12224.889999998582
00bbac68_2763,12224.869999998582
00bbac68_2764,12224.839999998581
00bbac68_2765,12224.809999998579
00bbac68_2766,12224.789999998578
00bbac68_2767,12224.759999998578
00bbac68_2768,12224.739999998576
00bbac68_2769,12224.709999998575
00bbac68_2770,12224.679999998574
00bbac68_2771,12224.659999998572
00bbac68_2772,12224.629999998571
00bbac68_2773,12224.60999999857
00bbac68_2774,12224.579999998568
00bbac68_2775,12224.549999998568
00bbac68_2776,12224.529999998567
00bbac68_2777,12224.499999998565
00bbac68_2778,12224.479999998564
00bbac68_2779,12224.449999998564
00bbac68_2780,12224.419999998561
00bbac68_2781,12224.39999999856
00bbac68_2782,12224.36999999856
00bbac68_2783,12224.349999998558
00bbac68_2784,12224.319999998557
00bbac68_2785,12224.289999998557
00bbac68_2786,12224.269999998554
00bbac68_2787,12224.239999998554
00bbac68_2788,12224.219999998553
00bbac68_2789,12224.18999999855
00bbac68_2790,12224.15999999855
00bbac68_2791,12224.13999999855
00bbac68_2792,12224.109999998547
00bbac68_2793,12224.089999998547
00bbac68_2794,12224.059999998546
00bbac68_2795,12224.029999998544
00bbac68_2796,12224.009999998543
00bbac68_2797,12223.979999998543
00bbac68_2798,12223.95999999854
00bbac68_2799,12223.92999999854
00bbac68_2800,12223.899999998539
00bbac68_2801,12223.879999998537
00bbac68_2802,12223.849999998536
00bbac68_2803,12223.829999998536
00bbac68_2804,12223.799999998533
00bbac68_2805,12223.769999998533
00bbac68_2806,12223.749999998532
00bbac68_2807,12223.71999999853
00bbac68_2808,12223.69999999853
00bbac68_2809,12223.669999998529
00bbac68_2810,12223.639999998526
00bbac68_2811,12223.619999998526
00bbac68_2812,12223.589999998525
00bbac68_2813,12223.569999998523
00bbac68_2814,12223.539999998522
00bbac68_2815,12223.509999998521
00bbac68_2816,12223.48999999852
00bbac68_2817,12223.459999998518
00bbac68_2818,12223.439999998518
00bbac68_2819,12223.409999998516
00bbac68_2820,12223.379999998515
00bbac68_2821,12223.359999998514
00bbac68_2822,12223.329999998514
00bbac68_2823,12223.309999998512
00bbac68_2824,12223.27999999851
00bbac68_2825,12223.24999999851
00bbac68_2826,12223.229999998508
00bbac68_2827,12223.199999998507
00bbac68_2828,12223.179999998505
00bbac68_2829,12223.149999998504
00bbac68_2830,12223.119999998504
00bbac68_2831,12223.099999998503
00bbac68_2832,12223.0699999985
00bbac68_2833,12223.0499999985
00bbac68_2834,12223.0199999985
00bbac68_2835,12222.999999998498
00bbac68_2836,12222.969999998497
00bbac68_2837,12222.949999998495
00bbac68_2838,12222.929999998494
00bbac68_2839,12222.899999998494
00bbac68_2840,12222.879999998491
00bbac68_2841,12222.85999999849
00bbac68_2842,12222.83999999849
00bbac68_2843,12222.819999998488
00bbac68_2844,12222.799999998488
00bbac68_2845,12222.779999998485
00bbac68_2846,12222.759999998485
00bbac68_2847,12222.739999998485
00bbac68_2848,12222.719999998482
00bbac68_2849,12222.699999998482
00bbac68_2850,12222.67999999848
00bbac68_2851,12222.66999999848
00bbac68_2852,12222.649999998477
00bbac68_2853,12222.629999998477
00bbac68_2854,12222.619999998476
00bbac68_2855,12222.599999998474
00bbac68_2856,12222.579999998474
00bbac68_2857,12222.569999998472
00bbac68_2858,12222.559999998472
00bbac68_2859,12222.53999999847
00bbac68_2860,12222.529999998469
00bbac68_2861,12222.519999998467
00bbac68_2862,12222.499999998467
00bbac68_2863,12222.489999998465
00bbac68_2864,12222.479999998464
00bbac68_2865,12222.469999998462
00bbac68_2866,12222.459999998462
00bbac68_2867,12222.44999999846
00bbac68_2868,12222.43999999846
00bbac68_2869,12222.429999998458
00bbac68_2870,12222.419999998458
00bbac68_2871,12222.409999998456
00bbac68_2872,12222.399999998455
00bbac68_2873,12222.389999998453
00bbac68_2874,12222.389999998453
00bbac68_2875,12222.379999998451
00bbac68_2876,12222.36999999845
00bbac68_2877,12222.36999999845
00bbac68_2878,12222.359999998447
00bbac68_2879,12222.359999998447
00bbac68_2880,12222.349999998445
00bbac68_2881,12222.349999998445
00bbac68_2882,12222.339999998443
00bbac68_2883,12222.339999998441
00bbac68_2884,12222.339999998441
00bbac68_2885,12222.32999999844
00bbac68_2886,12222.32999999844
00bbac68_2887,12222.329999998437
00bbac68_2888,12222.329999998436
00bbac68_2889,12222.329999998436
00bbac68_2890,12222.329999998434
00bbac68_2891,12222.329999998432
00bbac68_2892,12222.329999998432
00bbac68_2893,12222.32999999843
00bbac68_2894,12222.329999998428
00bbac68_2895,12222.329999998428
00bbac68_2896,12222.329999998427
00bbac68_2897,12222.339999998425
00bbac68_2898,12222.339999998425
00bbac68_2899,12222.339999998423
00bbac68_2900,12222.349999998421
00bbac68_2901,12222.349999998421
00bbac68_2902,12222.35999999842
00bbac68_2903,12222.359999998418
00bbac68_2904,12222.369999998418
00bbac68_2905,12222.379999998417
00bbac68_2906,12222.379999998415
00bbac68_2907,12222.389999998413
00bbac68_2908,12222.399999998413
00bbac68_2909,12222.409999998412
00bbac68_2910,12222.40999999841
00bbac68_2911,12222.419999998408
00bbac68_2912,12222.429999998409
00bbac68_2913,12222.439999998407
00bbac68_2914,12222.449999998405
00bbac68_2915,12222.459999998404
00bbac68_2916,12222.469999998404
00bbac68_2917,12222.489999998403
00bbac68_2918,12222.499999998401
00bbac68_2919,12222.5099999984
00bbac68_2920,12222.5199999984
00bbac68_2921,12222.539999998398
00bbac68_2922,12222.549999998397
00bbac68_2923,12222.559999998395
00bbac68_2924,12222.579999998394
00bbac68_2925,12222.589999998392
00bbac68_2926,12222.609999998393
00bbac68_2927,12222.619999998391
00bbac68_2928,12222.63999999839
00bbac68_2929,12222.659999998388
00bbac68_2930,12222.669999998387
00bbac68_2931,12222.689999998385
00bbac68_2932,12222.699999998385
00bbac68_2933,12222.719999998384
00bbac68_2934,12222.729999998382
00bbac68_2935,12222.749999998381
00bbac68_2936,12222.76999999838
00bbac68_2937,12222.77999999838
00bbac68_2938,12222.799999998379
00bbac68_2939,12222.809999998377
00bbac68_2940,12222.829999998376
00bbac68_2941,12222.849999998374
00bbac68_2942,12222.859999998373
00bbac68_2943,12222.879999998371
00bbac68_2944,12222.889999998371
00bbac68_2945,12222.90999999837
00bbac68_2946,12222.929999998369
00bbac68_2947,12222.939999998367
00bbac68_2948,12222.959999998366
00bbac68_2949,12222.979999998364
00bbac68_2950,12222.989999998365
00bbac68_2951,12223.009999998363
00bbac68_2952,12223.029999998362
00bbac68_2953,12223.03999999836
00bbac68_2954,12223.059999998359
00bbac68_2955,12223.079999998357
00bbac68_2956,12223.089999998358
00bbac68_2957,12223.109999998356
00bbac68_2958,12223.129999998355
00bbac68_2959,12223.139999998353
00bbac68_2960,12223.159999998352
00bbac68_2961,12223.17999999835
00bbac68_2962,12223.199999998349
00bbac68_2963,12223.20999999835
00bbac68_2964,12223.229999998348
00bbac68_2965,12223.249999998347
00bbac68_2966,12223.259999998345
00bbac68_2967,12223.279999998344
00bbac68_2968,12223.299999998342
00bbac68_2969,12223.319999998343
00bbac68_2970,12223.329999998341
00bbac68_2971,12223.34999999834
00bbac68_2972,12223.369999998338
00bbac68_2973,12223.389999998337
00bbac68_2974,12223.409999998335
00bbac68_2975,12223.419999998336
00bbac68_2976,12223.439999998334
00bbac68_2977,12223.459999998333
00bbac68_2978,12223.479999998332
00bbac68_2979,12223.48999999833
00bbac68_2980,12223.509999998329
00bbac68_2981,12223.529999998327
00bbac68_2982,12223.549999998326
00bbac68_2983,12223.569999998326
00bbac68_2984,12223.589999998325
00bbac68_2985,12223.599999998323
00bbac68_2986,12223.619999998322
00bbac68_2987,12223.63999999832
00bbac68_2988,12223.65999999832
00bbac68_2989,12223.679999998318
00bbac68_2990,12223.699999998318
00bbac68_2991,12223.709999998317
00bbac68_2992,12223.729999998315
00bbac68_2993,12223.749999998314
00bbac68_2994,12223.769999998312
00bbac68_2995,12223.789999998311
00bbac68_2996,12223.80999999831
00bbac68_2997,12223.82999999831
00bbac68_2998,12223.849999998309
00bbac68_2999,12223.869999998307
00bbac68_3000,12223.879999998306
00bbac68_3001,12223.899999998304
00bbac68_3002,12223.919999998303
00bbac68_3003,12223.939999998302
00bbac68_3004,12223.9599999983
00bbac68_3005,12223.9799999983
00bbac68_3006,12223.9999999983
00bbac68_3007,12224.019999998298
00bbac68_3008,12224.039999998296
00bbac68_3009,12224.059999998295
00bbac68_3010,12224.079999998294
00bbac68_3011,12224.099999998292
00bbac68_3012,12224.119999998291
00bbac68_3013,12224.139999998291
00bbac68_3014,12224.15999999829
00bbac68_3015,12224.179999998289
00bbac68_3016,12224.199999998287
00bbac68_3017,12224.219999998286
00bbac68_3018,12224.239999998284
00bbac68_3019,12224.259999998283
00bbac68_3020,12224.279999998282
00bbac68_3021,12224.299999998282
00bbac68_3022,12224.31999999828
00bbac68_3023,12224.33999999828
00bbac68_3024,12224.359999998278
00bbac68_3025,12224.379999998277
00bbac68_3026,12224.399999998275
00bbac68_3027,12224.419999998274
00bbac68_3028,12224.439999998272
00bbac68_3029,12224.459999998271
00bbac68_3030,12224.479999998272
00bbac68_3031,12224.49999999827
00bbac68_3032,12224.519999998269
00bbac68_3033,12224.539999998267
00bbac68_3034,12224.559999998266
00bbac68_3035,12224.579999998265
00bbac68_3036,12224.599999998263
00bbac68_3037,12224.619999998262
00bbac68_3038,12224.639999998262
00bbac68_3039,12224.65999999826
00bbac68_3040,12224.67999999826
00bbac68_3041,12224.699999998258
00bbac68_3042,12224.719999998257
00bbac68_3043,12224.739999998255
00bbac68_3044,12224.769999998254
00bbac68_3045,12224.789999998253
00bbac68_3046,12224.809999998251
00bbac68_3047,12224.829999998252
00bbac68_3048,12224.84999999825
00bbac68_3049,12224.86999999825
00bbac68_3050,12224.889999998248
00bbac68_3051,12224.909999998246
00bbac68_3052,12224.929999998245
00bbac68_3053,12224.949999998244
00bbac68_3054,12224.979999998242
00bbac68_3055,12224.999999998241
00bbac68_3056,12225.01999999824
00bbac68_3057,12225.03999999824
00bbac68_3058,12225.059999998239
00bbac68_3059,12225.079999998237
00bbac68_3060,12225.099999998236
00bbac68_3061,12225.119999998235
00bbac68_3062,12225.149999998233
00bbac68_3063,12225.169999998232
00bbac68_3064,12225.18999999823
00bbac68_3065,12225.20999999823
00bbac68_3066,12225.22999999823
00bbac68_3067,12225.249999998228
00bbac68_3068,12225.269999998227
00bbac68_3069,12225.299999998226
00bbac68_3070,12225.319999998224
00bbac68_3071,12225.339999998223
00bbac68_3072,12225.359999998222
00bbac68_3073,12225.37999999822
00bbac68_3074,12225.399999998219
00bbac68_3075,12225.429999998218
00bbac68_3076,12225.449999998218
00bbac68_3077,12225.469999998217
00bbac68_3078,12225.489999998215
00bbac68_3079,12225.509999998214
00bbac68_3080,12225.539999998213
00bbac68_3081,12225.559999998211
00bbac68_3082,12225.57999999821
00bbac68_3083,12225.599999998209
00bbac68_3084,12225.619999998207
00bbac68_3085,12225.649999998206
00bbac68_3086,12225.669999998205
00bbac68_3087,12225.689999998205
00bbac68_3088,12225.709999998204
00bbac68_3089,12225.729999998202
00bbac68_3090,12225.759999998201
00bbac68_3091,12225.7799999982
00bbac68_3092,12225.799999998198
00bbac68_3093,12225.819999998197
00bbac68_3094,12225.849999998196
00bbac68_3095,12225.869999998195
00bbac68_3096,12225.889999998193
00bbac68_3097,12225.909999998194
00bbac68_3098,12225.939999998192
00bbac68_3099,12225.959999998191
00bbac68_3100,12225.97999999819
00bbac68_3101,12225.999999998188
00bbac68_3102,12226.029999998187
00bbac68_3103,12226.049999998186
00bbac68_3104,12226.069999998184
00bbac68_3105,12226.089999998183
00bbac68_3106,12226.119999998182
00bbac68_3107,12226.13999999818
00bbac68_3108,12226.15999999818
00bbac68_3109,12226.17999999818
00bbac68_3110,12226.209999998178
00bbac68_3111,12226.229999998177
00bbac68_3112,12226.249999998176
00bbac68_3113,12226.279999998174
00bbac68_3114,12226.299999998173
00bbac68_3115,12226.319999998172
00bbac68_3116,12226.34999999817
00bbac68_3117,12226.369999998169
00bbac68_3118,12226.389999998168
00bbac68_3119,12226.419999998167
00bbac68_3120,12226.439999998165
00bbac68_3121,12226.459999998166
00bbac68_3122,12226.489999998164
00bbac68_3123,12226.509999998163
00bbac68_3124,12226.529999998162
00bbac68_3125,12226.55999999816
00bbac68_3126,12226.57999999816
00bbac68_3127,12226.599999998158
00bbac68_3128,12226.629999998157
00bbac68_3129,12226.649999998155
00bbac68_3130,12226.669999998154
00bbac68_3131,12226.699999998153
00bbac68_3132,12226.719999998151
00bbac68_3133,12226.74999999815
00bbac68_3134,12226.76999999815
00bbac68_3135,12226.78999999815
00bbac68_3136,12226.819999998148
00bbac68_3137,12226.839999998147
00bbac68_3138,12226.869999998145
00bbac68_3139,12226.889999998144
00bbac68_3140,12226.919999998143
00bbac68_3141,12226.939999998142
00bbac68_3142,12226.95999999814
00bbac68_3143,12226.989999998139
00bbac68_3144,12227.009999998138
00bbac68_3145,12227.039999998136
00bbac68_3146,12227.059999998135
00bbac68_3147,12227.089999998134
00bbac68_3148,12227.109999998134
00bbac68_3149,12227.139999998133
00bbac68_3150,12227.159999998132
00bbac68_3151,12227.18999999813
00bbac68_3152,12227.20999999813
00bbac68_3153,12227.239999998128
00bbac68_3154,12227.259999998127
00bbac68_3155,12227.289999998125
00bbac68_3156,12227.309999998124
00bbac68_3157,12227.339999998123
00bbac68_3158,12227.359999998122
00bbac68_3159,12227.38999999812
00bbac68_3160,12227.409999998119
00bbac68_3161,12227.439999998118
00bbac68_3162,12227.459999998116
00bbac68_3163,12227.489999998115
00bbac68_3164,12227.509999998114
00bbac68_3165,12227.539999998113
00bbac68_3166,12227.559999998113
00bbac68_3167,12227.589999998112
00bbac68_3168,12227.61999999811
00bbac68_3169,12227.63999999811
00bbac68_3170,12227.669999998108
00bbac68_3171,12227.689999998107
00bbac68_3172,12227.719999998106
00bbac68_3173,12227.739999998104
00bbac68_3174,12227.769999998103
00bbac68_3175,12227.799999998102
00bbac68_3176,12227.8199999981
00bbac68_3177,12227.8499999981
00bbac68_3178,12227.879999998098
00bbac68_3179,12227.899999998097
00bbac68_3180,12227.929999998096
00bbac68_3181,12227.949999998094
00bbac68_3182,12227.979999998093
00bbac68_3183,12228.009999998092
00bbac68_3184,12228.02999999809
00bbac68_3185,12228.05999999809
00bbac68_3186,12228.089999998088
00bbac68_3187,12228.109999998089
00bbac68_3188,12228.139999998088
00bbac68_3189,12228.169999998086
00bbac68_3190,12228.189999998085
00bbac68_3191,12228.219999998084
00bbac68_3192,12228.249999998083
00bbac68_3193,12228.269999998081
00bbac68_3194,12228.29999999808
00bbac68_3195,12228.329999998079
00bbac68_3196,12228.359999998078
00bbac68_3197,12228.379999998077
00bbac68_3198,12228.409999998075
00bbac68_3199,12228.439999998074
00bbac68_3200,12228.459999998073
00bbac68_3201,12228.489999998072
00bbac68_3202,12228.51999999807
00bbac68_3203,12228.54999999807
00bbac68_3204,12228.569999998068
00bbac68_3205,12228.599999998067
00bbac68_3206,12228.629999998066
00bbac68_3207,12228.659999998064
00bbac68_3208,12228.679999998063
00bbac68_3209,12228.709999998062
00bbac68_3210,12228.73999999806
00bbac68_3211,12228.76999999806
00bbac68_3212,12228.799999998058
00bbac68_3213,12228.819999998057
00bbac68_3214,12228.849999998056
00bbac68_3215,12228.879999998055
00bbac68_3216,12228.909999998054
00bbac68_3217,12228.929999998054
00bbac68_3218,12228.959999998053
00bbac68_3219,12228.989999998052
00bbac68_3220,12229.01999999805
00bbac68_3221,12229.03999999805
00bbac68_3222,12229.069999998048
00bbac68_3223,12229.099999998047
00bbac68_3224,12229.119999998045
00bbac68_3225,12229.149999998044
00bbac68_3226,12229.179999998043
00bbac68_3227,12229.209999998042
00bbac68_3228,12229.22999999804
00bbac68_3229,12229.25999999804
00bbac68_3230,12229.289999998038
00bbac68_3231,12229.309999998037
00bbac68_3232,12229.339999998036
00bbac68_3233,12229.369999998034
00bbac68_3234,12229.389999998033
00bbac68_3235,12229.419999998032
00bbac68_3236,12229.44999999803
00bbac68_3237,12229.47999999803
00bbac68_3238,12229.499999998028
00bbac68_3239,12229.529999998027
00bbac68_3240,12229.559999998026
00bbac68_3241,12229.579999998025
00bbac68_3242,12229.609999998023
00bbac68_3243,12229.639999998022
00bbac68_3244,12229.65999999802
00bbac68_3245,12229.68999999802
00bbac68_3246,12229.70999999802
00bbac68_3247,12229.739999998019
00bbac68_3248,12229.769999998018
00bbac68_3249,12229.789999998016
00bbac68_3250,12229.819999998015
00bbac68_3251,12229.849999998014
00bbac68_3252,12229.869999998013
00bbac68_3253,12229.899999998011
00bbac68_3254,12229.92999999801
00bbac68_3255,12229.949999998009
00bbac68_3256,12229.979999998008
00bbac68_3257,12229.999999998006
00bbac68_3258,12230.029999998005
00bbac68_3259,12230.059999998004
00bbac68_3260,12230.079999998003
00bbac68_3261,12230.109999998002
00bbac68_3262,12230.129999998
00bbac68_3263,12230.159999997999
00bbac68_3264,12230.189999997998
00bbac68_3265,12230.209999997996
00bbac68_3266,12230.239999997995
00bbac68_3267,12230.259999997996
00bbac68_3268,12230.289999997995
00bbac68_3269,12230.309999997993
00bbac68_3270,12230.339999997992
00bbac68_3271,12230.36999999799
00bbac68_3272,12230.38999999799
00bbac68_3273,12230.419999997988
00bbac68_3274,12230.439999997987
00bbac68_3275,12230.469999997986
00bbac68_3276,12230.489999997984
00bbac68_3277,12230.519999997983
00bbac68_3278,12230.539999997982
00bbac68_3279,12230.56999999798
00bbac68_3280,12230.59999999798
00bbac68_3281,12230.619999997978
00bbac68_3282,12230.649999997977
00bbac68_3283,12230.669999997976
00bbac68_3284,12230.699999997974
00bbac68_3285,12230.719999997975
00bbac68_3286,12230.749999997974
00bbac68_3287,12230.769999997972
00bbac68_3288,12230.799999997971
00bbac68_3289,12230.81999999797
00bbac68_3290,12230.849999997969
00bbac68_3291,12230.869999997967
00bbac68_3292,12230.899999997966
00bbac68_3293,12230.919999997965
00bbac68_3294,12230.949999997963
00bbac68_3295,12230.969999997962
00bbac68_3296,12230.999999997961
00bbac68_3297,12231.01999999796
00bbac68_3298,12231.049999997958
00bbac68_3299,12231.069999997957
00bbac68_3300,12231.099999997956
00bbac68_3301,12231.119999997954
00bbac68_3302,12231.149999997953
00bbac68_3303,12231.169999997954
00bbac68_3304,12231.189999997952
00bbac68_3305,12231.219999997951
00bbac68_3306,12231.23999999795
00bbac68_3307,12231.269999997949
00bbac68_3308,12231.289999997947
00bbac68_3309,12231.319999997946
00bbac68_3310,12231.339999997945
00bbac68_3311,12231.359999997943
00bbac68_3312,12231.389999997942
00bbac68_3313,12231.40999999794
00bbac68_3314,12231.43999999794
00bbac68_3315,12231.459999997938
00bbac68_3316,12231.479999997939
00bbac68_3317,12231.509999997937
00bbac68_3318,12231.529999997936
00bbac68_3319,12231.559999997935
00bbac68_3320,12231.579999997934
00bbac68_3321,12231.599999997932
00bbac68_3322,12231.629999997931
00bbac68_3323,12231.64999999793
00bbac68_3324,12231.669999997928
00bbac68_3325,12231.699999997927
00bbac68_3326,12231.719999997926
00bbac68_3327,12231.739999997924
00bbac68_3328,12231.759999997925
00bbac68_3329,12231.789999997924
00bbac68_3330,12231.809999997922
00bbac68_3331,12231.82999999792
00bbac68_3332,12231.85999999792
00bbac68_3333,12231.879999997918
00bbac68_3334,12231.899999997917
00bbac68_3335,12231.919999997916
00bbac68_3336,12231.949999997914
00bbac68_3337,12231.969999997913
00bbac68_3338,12231.989999997912
00bbac68_3339,12232.00999999791
00bbac68_3340,12232.039999997909
00bbac68_3341,12232.05999999791
00bbac68_3342,12232.079999997908
00bbac68_3343,12232.099999997907
00bbac68_3344,12232.119999997905
00bbac68_3345,12232.149999997904
00bbac68_3346,12232.169999997903
00bbac68_3347,12232.189999997901
00bbac68_3348,12232.2099999979
00bbac68_3349,12232.229999997899
00bbac68_3350,12232.249999997899
00bbac68_3351,12232.279999997898
00bbac68_3352,12232.299999997897
00bbac68_3353,12232.319999997895
00bbac68_3354,12232.339999997894
00bbac68_3355,12232.359999997892
00bbac68_3356,12232.379999997891
00bbac68_3357,12232.39999999789
00bbac68_3358,12232.419999997888
00bbac68_3359,12232.449999997887
00bbac68_3360,12232.469999997887
00bbac68_3361,12232.489999997886
00bbac68_3362,12232.509999997885
00bbac68_3363,12232.529999997883
00bbac68_3364,12232.549999997882
00bbac68_3365,12232.56999999788
00bbac68_3366,12232.58999999788
00bbac68_3367,12232.609999997878
00bbac68_3368,12232.629999997876
00bbac68_3369,12232.649999997877
00bbac68_3370,12232.669999997875
00bbac68_3371,12232.689999997874
00bbac68_3372,12232.709999997873
00bbac68_3373,12232.729999997871
00bbac68_3374,12232.74999999787
00bbac68_3375,12232.769999997869
00bbac68_3376,12232.789999997867
00bbac68_3377,12232.809999997868
00bbac68_3378,12232.829999997866
00bbac68_3379,12232.849999997865
00bbac68_3380,12232.869999997863
00bbac68_3381,12232.889999997862
00bbac68_3382,12232.90999999786
00bbac68_3383,12232.92999999786
00bbac68_3384,12232.949999997858
00bbac68_3385,12232.969999997858
00bbac68_3386,12232.989999997857
00bbac68_3387,12233.009999997856
00bbac68_3388,12233.029999997854
00bbac68_3389,12233.039999997853
00bbac68_3390,12233.059999997851
00bbac68_3391,12233.07999999785
00bbac68_3392,12233.099999997848
00bbac68_3393,12233.119999997849
00bbac68_3394,12233.139999997848
00bbac68_3395,12233.159999997846
00bbac68_3396,12233.179999997845
00bbac68_3397,12233.189999997843
00bbac68_3398,12233.209999997842
00bbac68_3399,12233.22999999784
00bbac68_3400,12233.24999999784
00bbac68_3401,12233.26999999784
00bbac68_3402,12233.289999997838
00bbac68_3403,12233.299999997836
00bbac68_3404,12233.319999997835
00bbac68_3405,12233.339999997834
00bbac68_3406,12233.359999997832
00bbac68_3407,12233.369999997833
00bbac68_3408,12233.389999997831
00bbac68_3409,12233.40999999783
00bbac68_3410,12233.419999997828
00bbac68_3411,12233.439999997827
00bbac68_3412,12233.459999997825
00bbac68_3413,12233.479999997824
00bbac68_3414,12233.489999997824
00bbac68_3415,12233.509999997823
00bbac68_3416,12233.519999997821
00bbac68_3417,12233.53999999782
00bbac68_3418,12233.559999997819
00bbac68_3419,12233.569999997819
00bbac68_3420,12233.589999997817
00bbac68_3421,12233.599999997816
00bbac68_3422,12233.619999997814
00bbac68_3423,12233.639999997813
00bbac68_3424,12233.649999997811
00bbac68_3425,12233.669999997812
00bbac68_3426,12233.67999999781
00bbac68_3427,12233.699999997809
00bbac68_3428,12233.709999997807
00bbac68_3429,12233.729999997806
00bbac68_3430,12233.739999997804
00bbac68_3431,12233.759999997805
00bbac68_3432,12233.769999997803
00bbac68_3433,12233.789999997802
00bbac68_3434,12233.7999999978
00bbac68_3435,12233.809999997799
00bbac68_3436,12233.829999997799
00bbac68_3437,12233.839999997797
00bbac68_3438,12233.859999997796
00bbac68_3439,12233.869999997794
00bbac68_3440,12233.879999997793
00bbac68_3441,12233.899999997793
00bbac68_3442,12233.909999997792
00bbac68_3443,12233.91999999779
00bbac68_3444,12233.939999997789
00bbac68_3445,12233.949999997787
00bbac68_3446,12233.959999997787
00bbac68_3447,12233.969999997786
00bbac68_3448,12233.989999997784
00bbac68_3449,12233.999999997783
00bbac68_3450,12234.009999997781
00bbac68_3451,12234.019999997781
00bbac68_3452,12234.03999999778
00bbac68_3453,12234.049999997778
00bbac68_3454,12234.059999997777
00bbac68_3455,12234.069999997777
00bbac68_3456,12234.079999997775
00bbac68_3457,12234.099999997774
00bbac68_3458,12234.109999997772
00bbac68_3459,12234.11999999777
00bbac68_3460,12234.129999997771
00bbac68_3461,12234.13999999777
00bbac68_3462,12234.149999997768
00bbac68_3463,12234.159999997766
00bbac68_3464,12234.169999997766
00bbac68_3465,12234.179999997765
00bbac68_3466,12234.199999997763
00bbac68_3467,12234.209999997762
00bbac68_3468,12234.21999999776
00bbac68_3469,12234.22999999776
00bbac68_3470,12234.239999997759
00bbac68_3471,12234.249999997757
00bbac68_3472,12234.259999997756
00bbac68_3473,12234.269999997756
00bbac68_3474,12234.279999997754
00bbac68_3475,12234.289999997753
00bbac68_3476,12234.299999997751
00bbac68_3477,12234.299999997751
00bbac68_3478,12234.30999999775
00bbac68_3479,12234.319999997748
00bbac68_3480,12234.329999997746
00bbac68_3481,12234.339999997746
00bbac68_3482,12234.349999997745
00bbac68_3483,12234.359999997743
00bbac68_3484,12234.369999997742
00bbac68_3485,12234.379999997742
00bbac68_3486,12234.37999999774
00bbac68_3487,12234.389999997738
00bbac68_3488,12234.399999997737
00bbac68_3489,12234.409999997737
00bbac68_3490,12234.419999997735
00bbac68_3491,12234.419999997734
00bbac68_3492,12234.429999997734
00bbac68_3493,12234.439999997732
00bbac68_3494,12234.44999999773
00bbac68_3495,12234.449999997729
00bbac68_3496,12234.459999997729
00bbac68_3497,12234.469999997727
00bbac68_3498,12234.469999997726
00bbac68_3499,12234.479999997724
00bbac68_3500,12234.489999997724
00bbac68_3501,12234.489999997722
00bbac68_3502,12234.49999999772
00bbac68_3503,12234.49999999772
00bbac68_3504,12234.50999999772
00bbac68_3505,12234.519999997718
00bbac68_3506,12234.519999997716
00bbac68_3507,12234.529999997716
00bbac68_3508,12234.529999997714
00bbac68_3509,12234.539999997713
00bbac68_3510,12234.539999997713
00bbac68_3511,12234.549999997711
00bbac68_3512,12234.54999999771
00bbac68_3513,12234.55999999771
00bbac68_3514,12234.559999997708
00bbac68_3515,12234.569999997706
00bbac68_3516,12234.569999997704
00bbac68_3517,12234.569999997704
00bbac68_3518,12234.579999997703
00bbac68_3519,12234.5799999977
00bbac68_3520,12234.5799999977
00bbac68_3521,12234.5899999977
00bbac68_3522,12234.589999997697
00bbac68_3523,12234.589999997697
00bbac68_3524,12234.599999997696
00bbac68_3525,12234.599999997694
00bbac68_3526,12234.599999997694
00bbac68_3527,12234.599999997692
00bbac68_3528,12234.60999999769
00bbac68_3529,12234.60999999769
00bbac68_3530,12234.609999997689
00bbac68_3531,12234.609999997687
00bbac68_3532,12234.619999997687
00bbac68_3533,12234.619999997685
00bbac68_3534,12234.619999997683
00bbac68_3535,12234.619999997683
00bbac68_3536,12234.619999997682
00bbac68_3537,12234.61999999768
00bbac68_3538,12234.61999999768
00bbac68_3539,12234.619999997678
00bbac68_3540,12234.619999997678
00bbac68_3541,12234.619999997676
00bbac68_3542,12234.629999997675
00bbac68_3543,12234.629999997673
00bbac68_3544,12234.629999997673
00bbac68_3545,12234.62999999767
00bbac68_3546,12234.61999999767
00bbac68_3547,12234.619999997669
00bbac68_3548,12234.619999997667
00bbac68_3549,12234.619999997667
00bbac68_3550,12234.619999997665
00bbac68_3551,12234.619999997663
00bbac68_3552,12234.619999997663
00bbac68_3553,12234.619999997662
00bbac68_3554,12234.619999997662
00bbac68_3555,12234.61999999766
00bbac68_3556,12234.609999997658
00bbac68_3557,12234.609999997658
00bbac68_3558,12234.609999997656
00bbac68_3559,12234.609999997654
00bbac68_3560,12234.609999997654
00bbac68_3561,12234.599999997652
00bbac68_3562,12234.599999997652
00bbac68_3563,12234.59999999765
00bbac68_3564,12234.599999997648
00bbac68_3565,12234.589999997648
00bbac68_3566,12234.589999997646
00bbac68_3567,12234.589999997646
00bbac68_3568,12234.579999997644
00bbac68_3569,12234.579999997643
00bbac68_3570,12234.579999997643
00bbac68_3571,12234.56999999764
00bbac68_3572,12234.56999999764
00bbac68_3573,12234.559999997638
00bbac68_3574,12234.559999997637
00bbac68_3575,12234.549999997636
00bbac68_3576,12234.549999997635
00bbac68_3577,12234.549999997635
00bbac68_3578,12234.539999997633
00bbac68_3579,12234.539999997633
00bbac68_3580,12234.52999999763
00bbac68_3581,12234.519999997628
00bbac68_3582,12234.519999997628
00bbac68_3583,12234.509999997626
00bbac68_3584,12234.509999997626
00bbac68_3585,12234.499999997624
00bbac68_3586,12234.499999997624
00bbac68_3587,12234.489999997622
00bbac68_3588,12234.47999999762
00bbac68_3589,12234.47999999762
00bbac68_3590,12234.469999997618
00bbac68_3591,12234.469999997618
00bbac68_3592,12234.459999997616
00bbac68_3593,12234.449999997616
00bbac68_3594,12234.449999997614
00bbac68_3595,12234.439999997612
00bbac68_3596,12234.429999997612
00bbac68_3597,12234.42999999761
00bbac68_3598,12234.41999999761
00bbac68_3599,12234.419999997608
00bbac68_3600,12234.409999997608
00bbac68_3601,12234.399999997606
00bbac68_3602,12234.399999997604
00bbac68_3603,12234.389999997604
00bbac68_3604,12234.379999997602
00bbac68_3605,12234.379999997602
00bbac68_3606,12234.3699999976
00bbac68_3607,12234.3599999976
00bbac68_3608,12234.359999997598
00bbac68_3609,12234.349999997597
00bbac68_3610,12234.349999997596
00bbac68_3611,12234.339999997594
00bbac68_3612,12234.329999997593
00bbac68_3613,12234.329999997592
00bbac68_3614,12234.319999997591
00bbac68_3615,12234.30999999759
00bbac68_3616,12234.30999999759
00bbac68_3617,12234.299999997587
00bbac68_3618,12234.289999997587
00bbac68_3619,12234.289999997585
00bbac68_3620,12234.279999997583
00bbac68_3621,12234.269999997583
00bbac68_3622,12234.269999997581
00bbac68_3623,12234.259999997581
00bbac68_3624,12234.249999997579
00bbac68_3625,12234.249999997579
00bbac68_3626,12234.239999997577
00bbac68_3627,12234.229999997577
00bbac68_3628,12234.229999997575
00bbac68_3629,12234.219999997573
00bbac68_3630,12234.209999997573
00bbac68_3631,12234.20999999757
00bbac68_3632,12234.19999999757
00bbac68_3633,12234.189999997569
00bbac68_3634,12234.189999997569
00bbac68_3635,12234.179999997566
00bbac68_3636,12234.169999997564
00bbac68_3637,12234.159999997564
00bbac68_3638,12234.159999997562
00bbac68_3639,12234.149999997562
00bbac68_3640,12234.13999999756
00bbac68_3641,12234.13999999756
00bbac68_3642,12234.129999997558
00bbac68_3643,12234.119999997558
00bbac68_3644,12234.119999997556
00bbac68_3645,12234.109999997554
00bbac68_3646,12234.099999997554
00bbac68_3647,12234.099999997552
00bbac68_3648,12234.089999997552
00bbac68_3649,12234.07999999755
00bbac68_3650,12234.06999999755
00bbac68_3651,12234.069999997548
00bbac68_3652,12234.059999997547
00bbac68_3653,12234.049999997545
00bbac68_3654,12234.049999997544
00bbac68_3655,12234.039999997543
00bbac68_3656,12234.029999997541
00bbac68_3657,12234.019999997541
00bbac68_3658,12234.01999999754
00bbac68_3659,12234.00999999754
00bbac68_3660,12233.999999997537
00bbac68_3661,12233.999999997537
00bbac68_3662,12233.989999997535
00bbac68_3663,12233.979999997533
00bbac68_3664,12233.969999997533
00bbac68_3665,12233.969999997531
00bbac68_3666,12233.95999999753
00bbac68_3667,12233.949999997529
00bbac68_3668,12233.939999997529
00bbac68_3669,12233.939999997527
00bbac68_3670,12233.929999997526
00bbac68_3671,12233.919999997524
00bbac68_3672,12233.909999997524
00bbac68_3673,12233.909999997522
00bbac68_3674,12233.89999999752
00bbac68_3675,12233.88999999752
00bbac68_3676,12233.889999997518
00bbac68_3677,12233.879999997518
00bbac68_3678,12233.869999997516
00bbac68_3679,12233.859999997516
00bbac68_3680,12233.859999997514
00bbac68_3681,12233.849999997514
00bbac68_3682,12233.839999997512
00bbac68_3683,12233.82999999751
00bbac68_3684,12233.81999999751
00bbac68_3685,12233.819999997508
00bbac68_3686,12233.809999997507
00bbac68_3687,12233.799999997505
00bbac68_3688,12233.789999997505
00bbac68_3689,12233.779999997503
00bbac68_3690,12233.769999997503
00bbac68_3691,12233.759999997501
00bbac68_3692,12233.759999997501
00bbac68_3693,12233.749999997499
00bbac68_3694,12233.739999997499
00bbac68_3695,12233.729999997497
00bbac68_3696,12233.719999997495
00bbac68_3697,12233.709999997494
00bbac68_3698,12233.699999997492
00bbac68_3699,12233.689999997492
00bbac68_3700,12233.67999999749
00bbac68_3701,12233.66999999749
00bbac68_3702,12233.659999997488
00bbac68_3703,12233.649999997488
00bbac68_3704,12233.639999997486
00bbac68_3705,12233.629999997485
00bbac68_3706,12233.619999997483
00bbac68_3707,12233.599999997483
00bbac68_3708,12233.58999999748
00bbac68_3709,12233.57999999748
00bbac68_3710,12233.569999997479
00bbac68_3711,12233.559999997478
00bbac68_3712,12233.549999997476
00bbac68_3713,12233.539999997476
00bbac68_3714,12233.519999997474
00bbac68_3715,12233.509999997474
00bbac68_3716,12233.499999997472
00bbac68_3717,12233.489999997471
00bbac68_3718,12233.46999999747
00bbac68_3719,12233.459999997469
00bbac68_3720,12233.449999997467
00bbac68_3721,12233.439999997467
00bbac68_3722,12233.419999997464
00bbac68_3723,12233.409999997464
00bbac68_3724,12233.399999997462
00bbac68_3725,12233.379999997462
00bbac68_3726,12233.36999999746
00bbac68_3727,12233.35999999746
00bbac68_3728,12233.339999997459
00bbac68_3729,12233.329999997457
00bbac68_3730,12233.309999997457
00bbac68_3731,12233.299999997455
00bbac68_3732,12233.289999997454
00bbac68_3733,12233.269999997452
00bbac68_3734,12233.259999997452
00bbac68_3735,12233.23999999745
00bbac68_3736,12233.22999999745
00bbac68_3737,12233.209999997447
00bbac68_3738,12233.199999997447
00bbac68_3739,12233.179999997445
00bbac68_3740,12233.169999997444
00bbac68_3741,12233.149999997444
00bbac68_3742,12233.139999997442
00bbac68_3743,12233.119999997441
00bbac68_3744,12233.09999999744
00bbac68_3745,12233.089999997439
00bbac68_3746,12233.069999997437
00bbac68_3747,12233.059999997437
00bbac68_3748,12233.039999997434
00bbac68_3749,12233.019999997434
00bbac68_3750,12233.009999997432
00bbac68_3751,12232.989999997431
00bbac68_3752,12232.969999997431
00bbac68_3753,12232.959999997429
00bbac68_3754,12232.939999997428
00bbac68_3755,12232.919999997426
00bbac68_3756,12232.899999997426
00bbac68_3757,12232.889999997424
00bbac68_3758,12232.869999997423
00bbac68_3759,12232.849999997423
00bbac68_3760,12232.82999999742
00bbac68_3761,12232.80999999742
00bbac68_3762,12232.799999997418
00bbac68_3763,12232.779999997418
00bbac68_3764,12232.759999997415
00bbac68_3765,12232.739999997415
00bbac68_3766,12232.719999997415
00bbac68_3767,12232.699999997412
00bbac68_3768,12232.679999997412
00bbac68_3769,12232.65999999741
00bbac68_3770,12232.64999999741
00bbac68_3771,12232.629999997409
00bbac68_3772,12232.609999997407
00bbac68_3773,12232.589999997406
00bbac68_3774,12232.569999997404
00bbac68_3775,12232.549999997404
00bbac68_3776,12232.529999997403
00bbac68_3777,12232.5099999974
00bbac68_3778,12232.4899999974
00bbac68_3779,12232.469999997398
00bbac68_3780,12232.449999997398
00bbac68_3781,12232.429999997397
00bbac68_3782,12232.409999997395
00bbac68_3783,12232.389999997395
00bbac68_3784,12232.369999997392
00bbac68_3785,12232.349999997392
00bbac68_3786,12232.33999999739
00bbac68_3787,12232.31999999739
00bbac68_3788,12232.299999997389
00bbac68_3789,12232.279999997387
00bbac68_3790,12232.259999997386
00bbac68_3791,12232.239999997384
00bbac68_3792,12232.229999997384
00bbac68_3793,12232.209999997383
00bbac68_3794,12232.189999997381
00bbac68_3795,12232.16999999738
00bbac68_3796,12232.159999997379
00bbac68_3797,12232.139999997378
00bbac68_3798,12232.119999997376
00bbac68_3799,12232.099999997376
00bbac68_3800,12232.089999997374
00bbac68_3801,12232.069999997373
00bbac68_3802,12232.049999997373
00bbac68_3803,12232.03999999737
00bbac68_3804,12232.01999999737
00bbac68_3805,12231.999999997368
00bbac68_3806,12231.989999997368
00bbac68_3807,12231.969999997365
00bbac68_3808,12231.959999997365
00bbac68_3809,12231.939999997365
00bbac68_3810,12231.919999997363
00bbac68_3811,12231.909999997362
00bbac68_3812,12231.88999999736
00bbac68_3813,12231.87999999736
00bbac68_3814,12231.859999997358
00bbac68_3815,12231.849999997357
00bbac68_3816,12231.829999997355
00bbac68_3817,12231.819999997355
00bbac68_3818,12231.799999997353
00bbac68_3819,12231.789999997352
00bbac68_3820,12231.769999997352
00bbac68_3821,12231.75999999735
00bbac68_3822,12231.73999999735
00bbac68_3823,12231.729999997347
00bbac68_3824,12231.709999997347
00bbac68_3825,12231.699999997345
00bbac68_3826,12231.689999997345
00bbac68_3827,12231.669999997343
00bbac68_3828,12231.659999997342
00bbac68_3829,12231.63999999734
00bbac68_3830,12231.62999999734
00bbac68_3831,12231.619999997338
00bbac68_3832,12231.599999997337
00bbac68_3833,12231.589999997335
00bbac68_3834,12231.579999997335
00bbac68_3835,12231.559999997333
00bbac68_3836,12231.549999997333
00bbac68_3837,12231.53999999733
00bbac68_3838,12231.52999999733
00bbac68_3839,12231.509999997328
00bbac68_3840,12231.499999997328
00bbac68_3841,12231.489999997326
00bbac68_3842,12231.479999997326
00bbac68_3843,12231.459999997325
00bbac68_3844,12231.449999997323
00bbac68_3845,12231.439999997321
00bbac68_3846,12231.429999997321
00bbac68_3847,12231.419999997319
00bbac68_3848,12231.409999997319
00bbac68_3849,12231.389999997318
00bbac68_3850,12231.379999997316
00bbac68_3851,12231.369999997314
00bbac68_3852,12231.359999997314
00bbac68_3853,12231.349999997312
00bbac68_3854,12231.339999997312
00bbac68_3855,12231.32999999731
00bbac68_3856,12231.31999999731
00bbac68_3857,12231.309999997307
00bbac68_3858,12231.299999997307
00bbac68_3859,12231.289999997305
00bbac68_3860,12231.279999997305
00bbac68_3861,12231.269999997303
00bbac68_3862,12231.259999997303
00bbac68_3863,12231.2499999973
00bbac68_3864,12231.2399999973
00bbac68_3865,12231.229999997298
00bbac68_3866,12231.219999997298
00bbac68_3867,12231.209999997296
00bbac68_3868,12231.199999997296
00bbac68_3869,12231.189999997294
00bbac68_3870,12231.179999997294
00bbac68_3871,12231.169999997292
00bbac68_3872,12231.159999997291
00bbac68_3873,12231.14999999729
00bbac68_3874,12231.13999999729
00bbac68_3875,12231.129999997287
00bbac68_3876,12231.119999997285
00bbac68_3877,12231.109999997285
00bbac68_3878,12231.109999997283
00bbac68_3879,12231.099999997283
00bbac68_3880,12231.08999999728
00bbac68_3881,12231.07999999728
00bbac68_3882,12231.069999997279
00bbac68_3883,12231.059999997278
00bbac68_3884,12231.049999997276
00bbac68_3885,12231.039999997276
00bbac68_3886,12231.029999997274
00bbac68_3887,12231.019999997274
00bbac68_3888,12231.009999997272
00bbac68_3889,12230.989999997271
00bbac68_3890,12230.97999999727
00bbac68_3891,12230.969999997269
00bbac68_3892,12230.959999997267
00bbac68_3893,12230.949999997267
00bbac68_3894,12230.939999997265
00bbac68_3895,12230.929999997265
00bbac68_3896,12230.919999997262
00bbac68_3897,12230.909999997262
00bbac68_3898,12230.89999999726
00bbac68_3899,12230.88999999726
00bbac68_3900,12230.879999997258
00bbac68_3901,12230.869999997256
00bbac68_3902,12230.849999997256
00bbac68_3903,12230.839999997255
00bbac68_3904,12230.829999997253
00bbac68_3905,12230.819999997253
00bbac68_3906,12230.809999997251
00bbac68_3907,12230.799999997249
00bbac68_3908,12230.789999997249
00bbac68_3909,12230.769999997248
00bbac68_3910,12230.759999997246
00bbac68_3911,12230.749999997246
00bbac68_3912,12230.739999997244
00bbac68_3913,12230.729999997242
00bbac68_3914,12230.709999997242
00bbac68_3915,12230.699999997241
00bbac68_3916,12230.68999999724
00bbac68_3917,12230.679999997239
00bbac68_3918,12230.669999997237
00bbac68_3919,12230.649999997237
00bbac68_3920,12230.639999997235
00bbac68_3921,12230.629999997234
00bbac68_3922,12230.619999997232
00bbac68_3923,12230.599999997232
00bbac68_3924,12230.58999999723
00bbac68_3925,12230.57999999723
00bbac68_3926,12230.569999997228
00bbac68_3927,12230.549999997227
00bbac68_3928,12230.539999997225
00bbac68_3929,12230.529999997225
00bbac68_3930,12230.509999997223
00bbac68_3931,12230.499999997222
00bbac68_3932,12230.48999999722
00bbac68_3933,12230.46999999722
00bbac68_3934,12230.459999997218
00bbac68_3935,12230.449999997218
00bbac68_3936,12230.429999997215
00bbac68_3937,12230.419999997215
00bbac68_3938,12230.409999997213
00bbac68_3939,12230.389999997213
00bbac68_3940,12230.37999999721
00bbac68_3941,12230.36999999721
00bbac68_3942,12230.349999997208
00bbac68_3943,12230.339999997208
00bbac68_3944,12230.319999997208
00bbac68_3945,12230.309999997206
00bbac68_3946,12230.299999997205
00bbac68_3947,12230.279999997203
00bbac68_3948,12230.269999997203
00bbac68_3949,12230.2499999972
00bbac68_3950,12230.2399999972
00bbac68_3951,12230.219999997198
00bbac68_3952,12230.209999997198
00bbac68_3953,12230.199999997196
00bbac68_3954,12230.179999997195
00bbac68_3955,12230.169999997193
00bbac68_3956,12230.149999997193
00bbac68_3957,12230.13999999719
00bbac68_3958,12230.11999999719
00bbac68_3959,12230.109999997188
00bbac68_3960,12230.089999997188
00bbac68_3961,12230.079999997188
00bbac68_3962,12230.059999997186
00bbac68_3963,12230.049999997185
00bbac68_3964,12230.029999997183
00bbac68_3965,12230.019999997183
00bbac68_3966,12229.99999999718
00bbac68_3967,12229.98999999718
00bbac68_3968,12229.969999997178
00bbac68_3969,12229.959999997178
00bbac68_3970,12229.939999997176
00bbac68_3971,12229.929999997175
00bbac68_3972,12229.909999997175
00bbac68_3973,12229.899999997173
00bbac68_3974,12229.879999997172
00bbac68_3975,12229.86999999717
00bbac68_3976,12229.84999999717
00bbac68_3977,12229.839999997168
00bbac68_3978,12229.819999997168
00bbac68_3979,12229.809999997166
00bbac68_3980,12229.789999997165
00bbac68_3981,12229.779999997163
00bbac68_3982,12229.759999997163
00bbac68_3983,12229.74999999716
00bbac68_3984,12229.73999999716
00bbac68_3985,12229.71999999716
00bbac68_3986,12229.709999997158
00bbac68_3987,12229.689999997157
00bbac68_3988,12229.679999997155
00bbac68_3989,12229.659999997155
00bbac68_3990,12229.649999997153
00bbac68_3991,12229.629999997152
00bbac68_3992,12229.61999999715
00bbac68_3993,12229.60999999715
00bbac68_3994,12229.589999997148
00bbac68_3995,12229.579999997148
00bbac68_3996,12229.559999997145
00bbac68_3997,12229.549999997145
00bbac68_3998,12229.529999997143
00bbac68_3999,12229.519999997143
00bbac68_4000,12229.50999999714
00bbac68_4001,12229.48999999714
00bbac68_4002,12229.47999999714
00bbac68_4003,12229.459999997138
00bbac68_4004,12229.449999997138
00bbac68_4005,12229.439999997136
00bbac68_4006,12229.419999997135
00bbac68_4007,12229.409999997133
00bbac68_4008,12229.399999997133
00bbac68_4009,12229.37999999713
00bbac68_4010,12229.36999999713
00bbac68_4011,12229.349999997128
00bbac68_4012,12229.339999997128
00bbac68_4013,12229.329999997126
00bbac68_4014,12229.309999997125
00bbac68_4015,12229.299999997123
00bbac68_4016,12229.289999997123
00bbac68_4017,12229.269999997121
00bbac68_4018,12229.25999999712
00bbac68_4019,12229.249999997119
00bbac68_4020,12229.229999997118
00bbac68_4021,12229.219999997116
00bbac68_4022,12229.209999997116
00bbac68_4023,12229.189999997116
00bbac68_4024,12229.179999997114
00bbac68_4025,12229.169999997113
00bbac68_4026,12229.149999997111
00bbac68_4027,12229.13999999711
00bbac68_4028,12229.129999997109
00bbac68_4029,12229.109999997108
00bbac68_4030,12229.099999997106
00bbac68_4031,12229.089999997106
00bbac68_4032,12229.069999997104
00bbac68_4033,12229.059999997104
00bbac68_4034,12229.049999997102
00bbac68_4035,12229.039999997101
00bbac68_4036,12229.0199999971
00bbac68_4037,12229.009999997099
00bbac68_4038,12228.999999997097
00bbac68_4039,12228.979999997096
00bbac68_4040,12228.969999997094
00bbac68_4041,12228.959999997094
00bbac68_4042,12228.949999997092
00bbac68_4043,12228.929999997092
00bbac68_4044,12228.91999999709
00bbac68_4045,12228.90999999709
00bbac68_4046,12228.899999997087
00bbac68_4047,12228.879999997087
00bbac68_4048,12228.869999997085
00bbac68_4049,12228.859999997085
00bbac68_4050,12228.849999997083
00bbac68_4051,12228.829999997082
00bbac68_4052,12228.81999999708
00bbac68_4053,12228.80999999708
00bbac68_4054,12228.799999997078
00bbac68_4055,12228.779999997078
00bbac68_4056,12228.769999997076
00bbac68_4057,12228.759999997075
00bbac68_4058,12228.749999997073
00bbac68_4059,12228.729999997073
00bbac68_4060,12228.719999997073
00bbac68_4061,12228.70999999707
00bbac68_4062,12228.699999997069
00bbac68_4063,12228.689999997068
00bbac68_4064,12228.679999997066
00bbac68_4065,12228.669999997066
00bbac68_4066,12228.659999997064
00bbac68_4067,12228.649999997064
00bbac68_4068,12228.639999997062
00bbac68_4069,12228.619999997061
00bbac68_4070,12228.60999999706
00bbac68_4071,12228.599999997059
00bbac68_4072,12228.599999997057
00bbac68_4073,12228.589999997057
00bbac68_4074,12228.579999997055
00bbac68_4075,12228.569999997055
00bbac68_4076,12228.559999997053
00bbac68_4077,12228.549999997053
00bbac68_4078,12228.53999999705
00bbac68_4079,12228.52999999705
00bbac68_4080,12228.519999997048
00bbac68_4081,12228.519999997046
00bbac68_4082,12228.509999997046
00bbac68_4083,12228.499999997044
00bbac68_4084,12228.489999997044
00bbac68_4085,12228.489999997042
00bbac68_4086,12228.479999997042
00bbac68_4087,12228.46999999704
00bbac68_4088,12228.46999999704
00bbac68_4089,12228.459999997038
00bbac68_4090,12228.449999997038
00bbac68_4091,12228.449999997036
00bbac68_4092,12228.439999997034
00bbac68_4093,12228.429999997034
00bbac68_4094,12228.429999997032
00bbac68_4095,12228.419999997031
00bbac68_4096,12228.41999999703
00bbac68_4097,12228.40999999703
00bbac68_4098,12228.409999997028
00bbac68_4099,12228.399999997026
00bbac68_4100,12228.399999997026
00bbac68_4101,12228.389999997024
00bbac68_4102,12228.389999997024
00bbac68_4103,12228.379999997022
00bbac68_4104,12228.37999999702
00bbac68_4105,12228.37999999702
00bbac68_4106,12228.369999997018
00bbac68_4107,12228.369999997018
00bbac68_4108,12228.369999997016
00bbac68_4109,12228.359999997014
00bbac68_4110,12228.359999997014
00bbac68_4111,12228.359999997012
00bbac68_4112,12228.349999997012
00bbac68_4113,12228.34999999701
00bbac68_4114,12228.349999997008
00bbac68_4115,12228.349999997008
00bbac68_4116,12228.349999997006
00bbac68_4117,12228.339999997006
00bbac68_4118,12228.339999997004
00bbac68_4119,12228.339999997002
00bbac68_4120,12228.339999997002
00bbac68_4121,12228.339999997
00bbac68_4122,12228.339999996999
00bbac68_4123,12228.339999996999
00bbac68_4124,12228.339999996997
00bbac68_4125,12228.339999996995
00bbac68_4126,12228.339999996995
00bbac68_4127,12228.339999996993
00bbac68_4128,12228.339999996993
00bbac68_4129,12228.339999996992
00bbac68_4130,12228.33999999699
00bbac68_4131,12228.33999999699
00bbac68_4132,12228.339999996988
00bbac68_4133,12228.339999996986
00bbac68_4134,12228.339999996986
00bbac68_4135,12228.349999996984
00bbac68_4136,12228.349999996983
00bbac68_4137,12228.349999996983
00bbac68_4138,12228.34999999698
00bbac68_4139,12228.349999996979
00bbac68_4140,12228.35999999698
00bbac68_4141,12228.359999996977
00bbac68_4142,12228.359999996976
00bbac68_4143,12228.359999996976
00bbac68_4144,12228.369999996974
00bbac68_4145,12228.369999996972
00bbac68_4146,12228.369999996972
00bbac68_4147,12228.37999999697
00bbac68_4148,12228.379999996969
00bbac68_4149,12228.389999996969
00bbac68_4150,12228.389999996967
00bbac68_4151,12228.399999996966
00bbac68_4152,12228.399999996964
00bbac68_4153,12228.399999996964
00bbac68_4154,12228.409999996962
00bbac68_4155,12228.40999999696
00bbac68_4156,12228.41999999696
00bbac68_4157,12228.419999996959
00bbac68_4158,12228.429999996957
00bbac68_4159,12228.439999996957
00bbac68_4160,12228.439999996956
00bbac68_4161,12228.449999996954
00bbac68_4162,12228.449999996952
00bbac68_4163,12228.459999996952
00bbac68_4164,12228.45999999695
00bbac68_4165,12228.469999996949
00bbac68_4166,12228.47999999695
00bbac68_4167,12228.479999996947
00bbac68_4168,12228.489999996946
00bbac68_4169,12228.489999996946
00bbac68_4170,12228.499999996944
00bbac68_4171,12228.509999996942
00bbac68_4172,12228.50999999694
00bbac68_4173,12228.51999999694
00bbac68_4174,12228.52999999694
00bbac68_4175,12228.529999996937
00bbac68_4176,12228.539999996936
00bbac68_4177,12228.549999996936
00bbac68_4178,12228.559999996934
00bbac68_4179,12228.559999996933
00bbac68_4180,12228.569999996933
00bbac68_4181,12228.579999996931
00bbac68_4182,12228.57999999693
00bbac68_4183,12228.589999996928
00bbac68_4184,12228.599999996928
00bbac68_4185,12228.609999996926
00bbac68_4186,12228.619999996925
00bbac68_4187,12228.619999996923
00bbac68_4188,12228.629999996923
00bbac68_4189,12228.639999996922
00bbac68_4190,12228.64999999692
00bbac68_4191,12228.659999996918
00bbac68_4192,12228.669999996919
00bbac68_4193,12228.679999996917
00bbac68_4194,12228.679999996915
00bbac68_4195,12228.689999996914
00bbac68_4196,12228.699999996914
00bbac68_4197,12228.709999996912
00bbac68_4198,12228.71999999691
00bbac68_4199,12228.72999999691
00bbac68_4200,12228.73999999691
00bbac68_4201,12228.749999996908
00bbac68_4202,12228.759999996906
00bbac68_4203,12228.769999996905
00bbac68_4204,12228.779999996905
00bbac68_4205,12228.789999996903
00bbac68_4206,12228.799999996902
00bbac68_4207,12228.8099999969
00bbac68_4208,12228.8199999969
00bbac68_4209,12228.829999996899
00bbac68_4210,12228.839999996897
00bbac68_4211,12228.849999996895
00bbac68_4212,12228.859999996896
00bbac68_4213,12228.869999996894
00bbac68_4214,12228.879999996892
00bbac68_4215,12228.88999999689
00bbac68_4216,12228.899999996891
00bbac68_4217,12228.90999999689
00bbac68_4218,12228.919999996888
00bbac68_4219,12228.939999996886
00bbac68_4220,12228.949999996885
00bbac68_4221,12228.959999996885
00bbac68_4222,12228.969999996883
00bbac68_4223,12228.979999996882
00bbac68_4224,12228.98999999688
00bbac68_4225,12228.99999999688
00bbac68_4226,12229.019999996879
00bbac68_4227,12229.029999996877
00bbac68_4228,12229.039999996876
00bbac68_4229,12229.049999996874
00bbac68_4230,12229.069999996875
00bbac68_4231,12229.079999996873
00bbac68_4232,12229.089999996871
00bbac68_4233,12229.09999999687
00bbac68_4234,12229.119999996869
00bbac68_4235,12229.129999996869
00bbac68_4236,12229.139999996867
00bbac68_4237,12229.149999996866
00bbac68_4238,12229.169999996864
00bbac68_4239,12229.179999996863
00bbac68_4240,12229.189999996863
00bbac68_4241,12229.209999996861
00bbac68_4242,12229.21999999686
00bbac68_4243,12229.229999996858
00bbac68_4244,12229.249999996857
00bbac68_4245,12229.259999996857
00bbac68_4246,12229.279999996856
00bbac68_4247,12229.289999996854
00bbac68_4248,12229.299999996852
00bbac68_4249,12229.319999996851
00bbac68_4250,12229.329999996851
00bbac68_4251,12229.33999999685
00bbac68_4252,12229.359999996848
00bbac68_4253,12229.369999996847
00bbac68_4254,12229.379999996845
00bbac68_4255,12229.389999996845
00bbac68_4256,12229.399999996844
00bbac68_4257,12229.419999996842
00bbac68_4258,12229.42999999684
00bbac68_4259,12229.439999996841
00bbac68_4260,12229.44999999684
00bbac68_4261,12229.459999996838
00bbac68_4262,12229.469999996836
00bbac68_4263,12229.479999996835
00bbac68_4264,12229.489999996835
00bbac68_4265,12229.499999996833
00bbac68_4266,12229.509999996832
00bbac68_4267,12229.51999999683
00bbac68_4268,12229.52999999683
00bbac68_4269,12229.539999996829
00bbac68_4270,12229.549999996827
00bbac68_4271,12229.559999996825
00bbac68_4272,12229.569999996826
00bbac68_4273,12229.569999996824
00bbac68_4274,12229.579999996822
00bbac68_4275,12229.58999999682
00bbac68_4276,12229.59999999682
00bbac68_4277,12229.60999999682
00bbac68_4278,12229.609999996817
00bbac68_4279,12229.619999996818
00bbac68_4280,12229.629999996816
00bbac68_4281,12229.629999996814
00bbac68_4282,12229.639999996813
00bbac68_4283,12229.649999996813
00bbac68_4284,12229.649999996811
00bbac68_4285,12229.65999999681
00bbac68_4286,12229.65999999681
00bbac68_4287,12229.669999996808
00bbac68_4288,12229.669999996806
00bbac68_4289,12229.679999996804
00bbac68_4290,12229.679999996804
00bbac68_4291,12229.689999996803
00bbac68_4292,12229.6899999968
00bbac68_4293,12229.6899999968
00bbac68_4294,12229.6999999968
00bbac68_4295,12229.699999996797
00bbac68_4296,12229.709999996798
00bbac68_4297,12229.709999996796
00bbac68_4298,12229.709999996794
00bbac68_4299,12229.709999996794
00bbac68_4300,12229.719999996792
00bbac68_4301,12229.71999999679
00bbac68_4302,12229.71999999679
00bbac68_4303,12229.719999996789
00bbac68_4304,12229.719999996787
00bbac68_4305,12229.729999996787
00bbac68_4306,12229.729999996785
00bbac68_4307,12229.729999996784
00bbac68_4308,12229.729999996784
00bbac68_4309,12229.729999996782
00bbac68_4310,12229.72999999678
00bbac68_4311,12229.72999999678
00bbac68_4312,12229.729999996778
00bbac68_4313,12229.729999996776
00bbac68_4314,12229.729999996776
00bbac68_4315,12229.729999996774
00bbac68_4316,12229.729999996774
00bbac68_4317,12229.729999996773
00bbac68_4318,12229.72999999677
00bbac68_4319,12229.71999999677
00bbac68_4320,12229.719999996769
00bbac68_4321,12229.719999996767
00bbac68_4322,12229.719999996767
00bbac68_4323,12229.719999996765
00bbac68_4324,12229.709999996765
00bbac68_4325,12229.709999996763
00bbac68_4326,12229.709999996761
00bbac68_4327,12229.699999996761
00bbac68_4328,12229.69999999676
00bbac68_4329,12229.69999999676
00bbac68_4330,12229.689999996757
00bbac68_4331,12229.689999996755
00bbac68_4332,12229.679999996755
00bbac68_4333,12229.679999996753
00bbac68_4334,12229.679999996753
00bbac68_4335,12229.669999996751
00bbac68_4336,12229.66999999675
00bbac68_4337,12229.65999999675
00bbac68_4338,12229.649999996747
00bbac68_4339,12229.649999996747
00bbac68_4340,12229.639999996745
00bbac68_4341,12229.639999996745
00bbac68_4342,12229.629999996743
00bbac68_4343,12229.619999996743
00bbac68_4344,12229.619999996741
00bbac68_4345,12229.60999999674
00bbac68_4346,12229.60999999674
00bbac68_4347,12229.599999996737
00bbac68_4348,12229.599999996737
00bbac68_4349,12229.589999996735
00bbac68_4350,12229.589999996733
00bbac68_4351,12229.589999996733
00bbac68_4352,12229.579999996731
00bbac68_4353,12229.579999996731
00bbac68_4354,12229.56999999673
00bbac68_4355,12229.56999999673
00bbac68_4356,12229.569999996727
00bbac68_4357,12229.559999996725
00bbac68_4358,12229.559999996725
00bbac68_4359,12229.559999996723
00bbac68_4360,12229.559999996722
00bbac68_4361,12229.549999996721
00bbac68_4362,12229.54999999672
00bbac68_4363,12229.54999999672
00bbac68_4364,12229.549999996718
00bbac68_4365,12229.549999996716
00bbac68_4366,12229.539999996716
00bbac68_4367,12229.539999996714
00bbac68_4368,12229.539999996714
00bbac68_4369,12229.539999996712
00bbac68_4370,12229.53999999671
00bbac68_4371,12229.53999999671
00bbac68_4372,12229.539999996709
00bbac68_4373,12229.539999996707
00bbac68_4374,12229.539999996707
00bbac68_4375,12229.539999996705
00bbac68_4376,12229.539999996703
00bbac68_4377,12229.539999996703
00bbac68_4378,12229.539999996701
00bbac68_4379,12229.539999996701
00bbac68_4380,12229.5399999967
00bbac68_4381,12229.539999996698
00bbac68_4382,12229.539999996698
00bbac68_4383,12229.549999996696
00bbac68_4384,12229.549999996694
00bbac68_4385,12229.549999996694
00bbac68_4386,12229.549999996692
00bbac68_4387,12229.54999999669
00bbac68_4388,12229.55999999669
00bbac68_4389,12229.559999996689
00bbac68_4390,12229.559999996687
00bbac68_4391,12229.559999996687
00bbac68_4392,12229.569999996686
00bbac68_4393,12229.569999996684
00bbac68_4394,12229.569999996684
00bbac68_4395,12229.579999996682
00bbac68_4396,12229.57999999668
00bbac68_4397,12229.589999996679
00bbac68_4398,12229.589999996679
00bbac68_4399,12229.589999996677
00bbac68_4400,12229.599999996675
00bbac68_4401,12229.599999996675
00bbac68_4402,12229.609999996674
00bbac68_4403,12229.609999996672
00bbac68_4404,12229.619999996672
00bbac68_4405,12229.61999999667
00bbac68_4406,12229.629999996669
00bbac68_4407,12229.639999996667
00bbac68_4408,12229.639999996667
00bbac68_4409,12229.649999996665
00bbac68_4410,12229.649999996664
00bbac68_4411,12229.659999996664
00bbac68_4412,12229.669999996662
00bbac68_4413,12229.67999999666
00bbac68_4414,12229.679999996659
00bbac68_4415,12229.689999996659
00bbac68_4416,12229.699999996657
00bbac68_4417,12229.699999996656
00bbac68_4418,12229.709999996656
00bbac68_4419,12229.719999996654
00bbac68_4420,12229.729999996653
00bbac68_4421,12229.739999996651
00bbac68_4422,12229.74999999665
00bbac68_4423,12229.74999999665
00bbac68_4424,12229.759999996648
00bbac68_4425,12229.769999996646
00bbac68_4426,12229.779999996646
00bbac68_4427,12229.789999996645
00bbac68_4428,12229.799999996643
00bbac68_4429,12229.809999996642
00bbac68_4430,12229.819999996642
00bbac68_4431,12229.82999999664
00bbac68_4432,12229.839999996639
00bbac68_4433,12229.849999996637
00bbac68_4434,12229.859999996635
00bbac68_4435,12229.869999996636
00bbac68_4436,12229.879999996634
00bbac68_4437,12229.889999996632
00bbac68_4438,12229.89999999663
00bbac68_4439,12229.909999996631
00bbac68_4440,12229.91999999663
00bbac68_4441,12229.929999996628
00bbac68_4442,12229.939999996626
00bbac68_4443,12229.949999996627
00bbac68_4444,12229.959999996625
00bbac68_4445,12229.969999996623
00bbac68_4446,12229.969999996621
00bbac68_4447,12229.979999996622
00bbac68_4448,12229.98999999662
00bbac68_4449,12229.999999996618
00bbac68_4450,12229.999999996618
00bbac68_4451,12230.009999996617
00bbac68_4452,12230.009999996615
00bbac68_4453,12230.019999996613
00bbac68_4454,12230.029999996614
00bbac68_4455,12230.029999996612
00bbac68_4456,12230.03999999661
00bbac68_4457,12230.03999999661
00bbac68_4458,12230.049999996609
00bbac68_4459,12230.049999996607
00bbac68_4460,12230.059999996605
00bbac68_4461,12230.059999996605
00bbac68_4462,12230.059999996603
00bbac68_4463,12230.069999996602
00bbac68_4464,12230.069999996602
00bbac68_4465,12230.0699999966
00bbac68_4466,12230.079999996598
00bbac68_4467,12230.079999996598
00bbac68_4468,12230.079999996597
00bbac68_4469,12230.079999996595
00bbac68_4470,12230.079999996595
00bbac68_4471,12230.079999996593
00bbac68_4472,12230.089999996591
00bbac68_4473,12230.089999996591
00bbac68_4474,12230.08999999659
00bbac68_4475,12230.089999996588
00bbac68_4476,12230.089999996588
00bbac68_4477,12230.089999996586
00bbac68_4478,12230.089999996586
00bbac68_4479,12230.089999996584
00bbac68_4480,12230.079999996582
00bbac68_4481,12230.079999996582
00bbac68_4482,12230.07999999658
00bbac68_4483,12230.079999996578
00bbac68_4484,12230.079999996578
00bbac68_4485,12230.079999996577
00bbac68_4486,12230.069999996576
00bbac68_4487,12230.069999996575
00bbac68_4488,12230.069999996573
00bbac68_4489,12230.059999996573
00bbac68_4490,12230.05999999657
00bbac68_4491,12230.05999999657
00bbac68_4492,12230.049999996569
00bbac68_4493,12230.049999996567
00bbac68_4494,12230.039999996567
00bbac68_4495,12230.039999996565
00bbac68_4496,12230.029999996565
00bbac68_4497,12230.029999996563
00bbac68_4498,12230.019999996563
00bbac68_4499,12230.01999999656
00bbac68_4500,12230.009999996559
00bbac68_4501,12229.999999996558
00bbac68_4502,12229.999999996557
00bbac68_4503,12229.989999996556
00bbac68_4504,12229.979999996554
00bbac68_4505,12229.979999996554
00bbac68_4506,12229.969999996552
00bbac68_4507,12229.959999996552
00bbac68_4508,12229.94999999655
00bbac68_4509,12229.93999999655
00bbac68_4510,12229.929999996548
00bbac68_4511,12229.929999996546
00bbac68_4512,12229.919999996546
00bbac68_4513,12229.909999996544
00bbac68_4514,12229.899999996544
00bbac68_4515,12229.889999996542
00bbac68_4516,12229.879999996541
00bbac68_4517,12229.86999999654
00bbac68_4518,12229.859999996539
00bbac68_4519,12229.839999996537
00bbac68_4520,12229.829999996537
00bbac68_4521,12229.819999996535
00bbac68_4522,12229.809999996534
00bbac68_4523,12229.799999996532
00bbac68_4524,12229.779999996532
00bbac68_4525,12229.76999999653
00bbac68_4526,12229.75999999653
00bbac68_4527,12229.749999996528
00bbac68_4528,12229.729999996527
00bbac68_4529,12229.719999996525
00bbac68_4530,12229.709999996525
00bbac68_4531,12229.689999996523
00bbac68_4532,12229.679999996522
00bbac68_4533,12229.659999996522
00bbac68_4534,12229.64999999652
00bbac68_4535,12229.639999996518
00bbac68_4536,12229.619999996517
00bbac68_4537,12229.609999996517
00bbac68_4538,12229.599999996515
00bbac68_4539,12229.579999996515
00bbac68_4540,12229.569999996513
00bbac68_4541,12229.559999996512
00bbac68_4542,12229.53999999651
00bbac68_4543,12229.52999999651
00bbac68_4544,12229.519999996508
00bbac68_4545,12229.499999996508
00bbac68_4546,12229.489999996506
00bbac68_4547,12229.479999996505
00bbac68_4548,12229.469999996503
00bbac68_4549,12229.449999996503
00bbac68_4550,12229.4399999965
00bbac68_4551,12229.4299999965
00bbac68_4552,12229.409999996498
00bbac68_4553,12229.399999996498
00bbac68_4554,12229.389999996496
00bbac68_4555,12229.379999996496
00bbac68_4556,12229.359999996494
00bbac68_4557,12229.349999996493
00bbac68_4558,12229.339999996491
00bbac68_4559,12229.329999996491
00bbac68_4560,12229.319999996489
00bbac68_4561,12229.299999996489
00bbac68_4562,12229.289999996487
00bbac68_4563,12229.279999996486
00bbac68_4564,12229.269999996484
00bbac68_4565,12229.249999996484
00bbac68_4566,12229.239999996482
00bbac68_4567,12229.229999996482
00bbac68_4568,12229.21999999648
00bbac68_4569,12229.20999999648
00bbac68_4570,12229.199999996477
00bbac68_4571,12229.179999996477
00bbac68_4572,12229.169999996475
00bbac68_4573,12229.159999996475
00bbac68_4574,12229.149999996473
00bbac68_4575,12229.139999996472
00bbac68_4576,12229.12999999647
00bbac68_4577,12229.10999999647
00bbac68_4578,12229.099999996468
00bbac68_4579,12229.089999996468
00bbac68_4580,12229.079999996466
00bbac68_4581,12229.069999996465
00bbac68_4582,12229.059999996463
00bbac68_4583,12229.049999996463
00bbac68_4584,12229.039999996461
00bbac68_4585,12229.02999999646
00bbac68_4586,12229.009999996459
00bbac68_4587,12228.999999996458
00bbac68_4588,12228.989999996456
00bbac68_4589,12228.979999996456
00bbac68_4590,12228.969999996454
00bbac68_4591,12228.959999996454
00bbac68_4592,12228.949999996452
00bbac68_4593,12228.939999996452
00bbac68_4594,12228.92999999645
00bbac68_4595,12228.91999999645
00bbac68_4596,12228.909999996447
00bbac68_4597,12228.899999996447
00bbac68_4598,12228.889999996445
00bbac68_4599,12228.879999996445
00bbac68_4600,12228.869999996443
00bbac68_4601,12228.859999996443
00bbac68_4602,12228.84999999644
00bbac68_4603,12228.83999999644
00bbac68_4604,12228.829999996438
00bbac68_4605,12228.819999996438
00bbac68_4606,12228.809999996436
00bbac68_4607,12228.799999996434
00bbac68_4608,12228.789999996434
00bbac68_4609,12228.779999996432
00bbac68_4610,12228.769999996432
00bbac68_4611,12228.75999999643
00bbac68_4612,12228.74999999643
00bbac68_4613,12228.739999996427
00bbac68_4614,12228.729999996427
00bbac68_4615,12228.719999996425
00bbac68_4616,12228.709999996425
00bbac68_4617,12228.699999996423
00bbac68_4618,12228.689999996423
00bbac68_4619,12228.67999999642
00bbac68_4620,12228.66999999642
00bbac68_4621,12228.659999996418
00bbac68_4622,12228.649999996418
00bbac68_4623,12228.639999996416
00bbac68_4624,12228.629999996416
00bbac68_4625,12228.629999996414
00bbac68_4626,12228.619999996412
00bbac68_4627,12228.609999996412
00bbac68_4628,12228.59999999641
00bbac68_4629,12228.58999999641
00bbac68_4630,12228.579999996407
00bbac68_4631,12228.569999996407
00bbac68_4632,12228.559999996405
00bbac68_4633,12228.559999996405
00bbac68_4634,12228.549999996403
00bbac68_4635,12228.539999996403
00bbac68_4636,12228.5299999964
00bbac68_4637,12228.5199999964
00bbac68_4638,12228.509999996399
00bbac68_4639,12228.509999996397
00bbac68_4640,12228.499999996397
00bbac68_4641,12228.489999996395
00bbac68_4642,12228.479999996394
00bbac68_4643,12228.469999996392
00bbac68_4644,12228.469999996392
00bbac68_4645,12228.45999999639
00bbac68_4646,12228.44999999639
00bbac68_4647,12228.439999996388
00bbac68_4648,12228.439999996388
00bbac68_4649,12228.429999996386
00bbac68_4650,12228.419999996386
00bbac68_4651,12228.409999996384
00bbac68_4652,12228.409999996382
00bbac68_4653,12228.399999996382
00bbac68_4654,12228.38999999638
00bbac68_4655,12228.38999999638
00bbac68_4656,12228.379999996378
00bbac68_4657,12228.369999996377
00bbac68_4658,12228.369999996376
00bbac68_4659,12228.359999996374
00bbac68_4660,12228.349999996373
00bbac68_4661,12228.349999996371
00bbac68_4662,12228.339999996371
00bbac68_4663,12228.32999999637
00bbac68_4664,12228.32999999637
00bbac68_4665,12228.319999996367
00bbac68_4666,12228.309999996367
00bbac68_4667,12228.309999996365
00bbac68_4668,12228.299999996363
00bbac68_4669,12228.289999996363
00bbac68_4670,12228.289999996361
00bbac68_4671,12228.27999999636
00bbac68_4672,12228.279999996359
00bbac68_4673,12228.269999996359
00bbac68_4674,12228.259999996357
00bbac68_4675,12228.259999996355
00bbac68_4676,12228.249999996355
00bbac68_4677,12228.249999996353
00bbac68_4678,12228.239999996353
00bbac68_4679,12228.23999999635
00bbac68_4680,12228.22999999635
00bbac68_4681,12228.229999996349
00bbac68_4682,12228.219999996347
00bbac68_4683,12228.219999996347
00bbac68_4684,12228.209999996345
00bbac68_4685,12228.209999996345
00bbac68_4686,12228.199999996343
00bbac68_4687,12228.199999996341
00bbac68_4688,12228.18999999634
00bbac68_4689,12228.189999996339
00bbac68_4690,12228.179999996339
00bbac68_4691,12228.179999996337
00bbac68_4692,12228.169999996337
00bbac68_4693,12228.169999996335
00bbac68_4694,12228.159999996333
00bbac68_4695,12228.159999996333
00bbac68_4696,12228.14999999633
00bbac68_4697,12228.14999999633
00bbac68_4698,12228.139999996329
00bbac68_4699,12228.139999996329
00bbac68_4700,12228.139999996327
00bbac68_4701,12228.129999996325
00bbac68_4702,12228.129999996325
00bbac68_4703,12228.119999996323
00bbac68_4704,12228.119999996323
00bbac68_4705,12228.119999996321
00bbac68_4706,12228.109999996319
00bbac68_4707,12228.109999996319
00bbac68_4708,12228.109999996317
00bbac68_4709,12228.099999996317
00bbac68_4710,12228.099999996315
00bbac68_4711,12228.099999996313
00bbac68_4712,12228.089999996313
00bbac68_4713,12228.089999996311
00bbac68_4714,12228.089999996311
00bbac68_4715,12228.07999999631
00bbac68_4716,12228.079999996307
00bbac68_4717,12228.079999996307
00bbac68_4718,12228.069999996305
00bbac68_4719,12228.069999996305
00bbac68_4720,12228.069999996304
00bbac68_4721,12228.069999996302
00bbac68_4722,12228.059999996301
00bbac68_4723,12228.0599999963
00bbac68_4724,12228.059999996298
00bbac68_4725,12228.059999996298
00bbac68_4726,12228.049999996296
00bbac68_4727,12228.049999996296
00bbac68_4728,12228.049999996294
00bbac68_4729,12228.049999996292
00bbac68_4730,12228.049999996292
00bbac68_4731,12228.03999999629
00bbac68_4732,12228.03999999629
00bbac68_4733,12228.039999996288
00bbac68_4734,12228.039999996286
00bbac68_4735,12228.039999996286
00bbac68_4736,12228.039999996285
00bbac68_4737,12228.039999996283
00bbac68_4738,12228.039999996283
00bbac68_4739,12228.02999999628
00bbac68_4740,12228.02999999628
00bbac68_4741,12228.029999996279
00bbac68_4742,12228.029999996277
00bbac68_4743,12228.029999996277
00bbac68_4744,12228.029999996275
00bbac68_4745,12228.029999996274
00bbac68_4746,12228.029999996274
00bbac68_4747,12228.029999996272
00bbac68_4748,12228.02999999627
00bbac68_4749,12228.02999999627
00bbac68_4750,12228.029999996268
00bbac68_4751,12228.029999996268
00bbac68_4752,12228.029999996266
00bbac68_4753,12228.029999996264
00bbac68_4754,12228.029999996264
00bbac68_4755,12228.029999996263
00bbac68_4756,12228.02999999626
00bbac68_4757,12228.039999996261
00bbac68_4758,12228.03999999626
00bbac68_4759,12228.039999996257
00bbac68_4760,12228.039999996257
00bbac68_4761,12228.039999996256
00bbac68_4762,12228.039999996254
00bbac68_4763,12228.039999996254
00bbac68_4764,12228.039999996252
00bbac68_4765,12228.04999999625
00bbac68_4766,12228.04999999625
00bbac68_4767,12228.049999996249
00bbac68_4768,12228.049999996247
00bbac68_4769,12228.049999996247
00bbac68_4770,12228.059999996245
00bbac68_4771,12228.059999996243
00bbac68_4772,12228.059999996243
00bbac68_4773,12228.059999996241
00bbac68_4774,12228.05999999624
00bbac68_4775,12228.06999999624
00bbac68_4776,12228.069999996238
00bbac68_4777,12228.069999996236
00bbac68_4778,12228.079999996236
00bbac68_4779,12228.079999996235
00bbac68_4780,12228.079999996233
00bbac68_4781,12228.089999996233
00bbac68_4782,12228.089999996231
00bbac68_4783,12228.08999999623
00bbac68_4784,12228.09999999623
00bbac68_4785,12228.099999996228
00bbac68_4786,12228.099999996226
00bbac68_4787,12228.109999996226
00bbac68_4788,12228.109999996224
00bbac68_4789,12228.109999996223
00bbac68_4790,12228.119999996223
00bbac68_4791,12228.119999996221
00bbac68_4792,12228.12999999622
00bbac68_4793,12228.129999996218
00bbac68_4794,12228.139999996218
00bbac68_4795,12228.139999996216
00bbac68_4796,12228.139999996214
00bbac68_4797,12228.149999996214
00bbac68_4798,12228.149999996213
00bbac68_4799,12228.15999999621
00bbac68_4800,12228.15999999621
00bbac68_4801,12228.16999999621
00bbac68_4802,12228.169999996207
00bbac68_4803,12228.179999996206
00bbac68_4804,12228.189999996206
00bbac68_4805,12228.189999996204
00bbac68_4806,12228.199999996203
00bbac68_4807,12228.199999996203
00bbac68_4808,12228.209999996201
00bbac68_4809,12228.2099999962
00bbac68_4810,12228.2199999962
00bbac68_4811,12228.229999996198
00bbac68_4812,12228.229999996196
00bbac68_4813,12228.239999996194
00bbac68_4814,12228.249999996195
00bbac68_4815,12228.249999996193
00bbac68_4816,12228.259999996191
00bbac68_4817,12228.259999996191
00bbac68_4818,12228.26999999619
00bbac68_4819,12228.279999996188
00bbac68_4820,12228.279999996186
00bbac68_4821,12228.289999996186
00bbac68_4822,12228.299999996185
00bbac68_4823,12228.299999996183
00bbac68_4824,12228.309999996181
00bbac68_4825,12228.319999996182
00bbac68_4826,12228.32999999618
00bbac68_4827,12228.329999996178
00bbac68_4828,12228.339999996178
00bbac68_4829,12228.349999996177
00bbac68_4830,12228.349999996175
00bbac68_4831,12228.359999996173
00bbac68_4832,12228.369999996174
00bbac68_4833,12228.369999996172
00bbac68_4834,12228.37999999617
00bbac68_4835,12228.389999996169
00bbac68_4836,12228.399999996169
00bbac68_4837,12228.399999996167
00bbac68_4838,12228.409999996165
00bbac68_4839,12228.419999996166
00bbac68_4840,12228.429999996164
00bbac68_4841,12228.429999996162
00bbac68_4842,12228.43999999616
00bbac68_4843,12228.44999999616
00bbac68_4844,12228.45999999616
00bbac68_4845,12228.469999996158
00bbac68_4846,12228.469999996156
00bbac68_4847,12228.479999996156
00bbac68_4848,12228.489999996154
00bbac68_4849,12228.499999996153
00bbac68_4850,12228.509999996151
00bbac68_4851,12228.509999996151
00bbac68_4852,12228.51999999615
00bbac68_4853,12228.529999996148
00bbac68_4854,12228.539999996148
00bbac68_4855,12228.549999996147
00bbac68_4856,12228.549999996145
00bbac68_4857,12228.559999996143
00bbac68_4858,12228.569999996143
00bbac68_4859,12228.579999996142
00bbac68_4860,12228.58999999614
00bbac68_4861,12228.599999996139
00bbac68_4862,12228.609999996139
00bbac68_4863,12228.609999996137
00bbac68_4864,12228.619999996135
00bbac68_4865,12228.629999996134
00bbac68_4866,12228.639999996134
00bbac68_4867,12228.649999996132
00bbac68_4868,12228.65999999613
00bbac68_4869,12228.66999999613
00bbac68_4870,12228.67999999613
00bbac68_4871,12228.689999996128
00bbac68_4872,12228.699999996126
00bbac68_4873,12228.699999996124
00bbac68_4874,12228.709999996125
00bbac68_4875,12228.719999996123
00bbac68_4876,12228.729999996121
00bbac68_4877,12228.73999999612
00bbac68_4878,12228.74999999612
00bbac68_4879,12228.759999996118
00bbac68_4880,12228.769999996117
00bbac68_4881,12228.779999996115
00bbac68_4882,12228.789999996116
00bbac68_4883,12228.799999996114
00bbac68_4884,12228.809999996112
00bbac68_4885,12228.81999999611
00bbac68_4886,12228.829999996111
00bbac68_4887,12228.83999999611
00bbac68_4888,12228.849999996108
00bbac68_4889,12228.859999996106
00bbac68_4890,12228.869999996106
00bbac68_4891,12228.879999996105
00bbac68_4892,12228.889999996103
00bbac68_4893,12228.899999996102
00bbac68_4894,12228.9099999961
00bbac68_4895,12228.9199999961
00bbac68_4896,12228.929999996099
00bbac68_4897,12228.939999996097
00bbac68_4898,12228.949999996095
00bbac68_4899,12228.959999996096
00bbac68_4900,12228.969999996094
00bbac68_4901,12228.979999996092
00bbac68_4902,12228.98999999609
00bbac68_4903,12228.999999996091
00bbac68_4904,12229.00999999609
00bbac68_4905,12229.019999996088
00bbac68_4906,12229.029999996086
00bbac68_4907,12229.049999996085
00bbac68_4908,12229.059999996085
00bbac68_4909,12229.069999996083
00bbac68_4910,12229.079999996082
00bbac68_4911,12229.08999999608
00bbac68_4912,12229.09999999608
00bbac68_4913,12229.109999996079
00bbac68_4914,12229.119999996077
00bbac68_4915,12229.139999996076
00bbac68_4916,12229.149999996076
00bbac68_4917,12229.159999996074
00bbac68_4918,12229.169999996073
00bbac68_4919,12229.179999996071
00bbac68_4920,12229.18999999607
00bbac68_4921,12229.20999999607
00bbac68_4922,12229.219999996069
00bbac68_4923,12229.229999996067
00bbac68_4924,12229.239999996065
00bbac68_4925,12229.249999996066
00bbac68_4926,12229.269999996064
00bbac68_4927,12229.279999996063
00bbac68_4928,12229.289999996061
00bbac68_4929,12229.29999999606
00bbac68_4930,12229.31999999606
00bbac68_4931,12229.329999996058
00bbac68_4932,12229.339999996057
00bbac68_4933,12229.359999996055
00bbac68_4934,12229.369999996054
00bbac68_4935,12229.379999996054
00bbac68_4936,12229.399999996052
00bbac68_4937,12229.40999999605
00bbac68_4938,12229.41999999605
00bbac68_4939,12229.439999996048
00bbac68_4940,12229.449999996048
00bbac68_4941,12229.459999996046
00bbac68_4942,12229.479999996045
00bbac68_4943,12229.489999996043
00bbac68_4944,12229.499999996042
00bbac68_4945,12229.519999996042
00bbac68_4946,12229.52999999604
00bbac68_4947,12229.54999999604
00bbac68_4948,12229.559999996038
00bbac68_4949,12229.569999996036
00bbac68_4950,12229.589999996035
00bbac68_4951,12229.599999996035
00bbac68_4952,12229.619999996034
00bbac68_4953,12229.629999996032
00bbac68_4954,12229.64999999603
00bbac68_4955,12229.659999996029
00bbac68_4956,12229.67999999603
00bbac68_4957,12229.689999996028
00bbac68_4958,12229.709999996026
00bbac68_4959,12229.719999996025
00bbac68_4960,12229.739999996023
00bbac68_4961,12229.749999996024
00bbac68_4962,12229.769999996022
00bbac68_4963,12229.77999999602
00bbac68_4964,12229.79999999602
00bbac68_4965,12229.809999996018
00bbac68_4966,12229.829999996016
00bbac68_4967,12229.849999996015
00bbac68_4968,12229.859999996015
00bbac68_4969,12229.879999996014
00bbac68_4970,12229.889999996012
00bbac68_4971,12229.90999999601
00bbac68_4972,12229.92999999601
00bbac68_4973,12229.93999999601
00bbac68_4974,12229.959999996008
00bbac68_4975,12229.969999996007
00bbac68_4976,12229.989999996005
00bbac68_4977,12230.009999996004
00bbac68_4978,12230.019999996002
00bbac68_4979,12230.039999996003
00bbac68_4980,12230.059999996001
00bbac68_4981,12230.069999996
00bbac68_4982,12230.089999995998
00bbac68_4983,12230.109999995997
00bbac68_4984,12230.129999995996
00bbac68_4985,12230.139999995994
00bbac68_4986,12230.159999995994
00bbac68_4987,12230.179999995993
00bbac68_4988,12230.199999995992
00bbac68_4989,12230.20999999599
00bbac68_4990,12230.229999995989
00bbac68_4991,12230.249999995987
00bbac68_4992,12230.269999995986
00bbac68_4993,12230.279999995986
00bbac68_4994,12230.299999995985
00bbac68_4995,12230.319999995983
00bbac68_4996,12230.339999995982
00bbac68_4997,12230.35999999598
00bbac68_4998,12230.369999995979
00bbac68_4999,12230.38999999598
00bbac68_5000,12230.409999995978
00bbac68_5001,12230.429999995977
00bbac68_5002,12230.449999995975
00bbac68_5003,12230.469999995974
00bbac68_5004,12230.479999995972
00bbac68_5005,12230.499999995971
00bbac68_5006,12230.51999999597
00bbac68_5007,12230.53999999597
00bbac68_5008,12230.559999995969
00bbac68_5009,12230.579999995967
00bbac68_5010,12230.599999995966
00bbac68_5011,12230.609999995964
00bbac68_5012,12230.629999995963
00bbac68_5013,12230.649999995961
00bbac68_5014,12230.669999995962
00bbac68_5015,12230.68999999596
00bbac68_5016,12230.699999995959
00bbac68_5017,12230.719999995958
00bbac68_5018,12230.739999995956
00bbac68_5019,12230.759999995955
00bbac68_5020,12230.779999995953
00bbac68_5021,12230.799999995954
00bbac68_5022,12230.809999995952
00bbac68_5023,12230.82999999595
00bbac68_5024,12230.84999999595
00bbac68_5025,12230.869999995948
00bbac68_5026,12230.889999995947
00bbac68_5027,12230.899999995945
00bbac68_5028,12230.919999995946
00bbac68_5029,12230.939999995944
00bbac68_5030,12230.959999995943
00bbac68_5031,12230.979999995941
00bbac68_5032,12230.98999999594
00bbac68_5033,12231.009999995938
00bbac68_5034,12231.029999995937
00bbac68_5035,12231.049999995937
00bbac68_5036,12231.069999995936
00bbac68_5037,12231.079999995934
00bbac68_5038,12231.099999995933
00bbac68_5039,12231.119999995932
00bbac68_5040,12231.13999999593
00bbac68_5041,12231.14999999593
00bbac68_5042,12231.16999999593
00bbac68_5043,12231.189999995928
00bbac68_5044,12231.209999995926
00bbac68_5045,12231.229999995925
00bbac68_5046,12231.239999995923
00bbac68_5047,12231.259999995922
00bbac68_5048,12231.27999999592
00bbac68_5049,12231.299999995921
00bbac68_5050,12231.30999999592
00bbac68_5051,12231.329999995918
00bbac68_5052,12231.349999995917
00bbac68_5053,12231.369999995915
00bbac68_5054,12231.379999995914
00bbac68_5055,12231.399999995914
00bbac68_5056,12231.419999995913
00bbac68_5057,12231.439999995911
00bbac68_5058,12231.45999999591
00bbac68_5059,12231.469999995908
00bbac68_5060,12231.489999995907
00bbac68_5061,12231.509999995906
00bbac68_5062,12231.529999995906
00bbac68_5063,12231.539999995905
00bbac68_5064,12231.559999995903
00bbac68_5065,12231.579999995902
00bbac68_5066,12231.5899999959
00bbac68_5067,12231.609999995899
00bbac68_5068,12231.629999995897
00bbac68_5069,12231.649999995898
00bbac68_5070,12231.659999995896
00bbac68_5071,12231.679999995895
00bbac68_5072,12231.699999995893
00bbac68_5073,12231.719999995892
00bbac68_5074,12231.72999999589
00bbac68_5075,12231.74999999589
00bbac68_5076,12231.76999999589
00bbac68_5077,12231.789999995888
00bbac68_5078,12231.799999995887
00bbac68_5079,12231.819999995885
00bbac68_5080,12231.839999995884
00bbac68_5081,12231.849999995884
00bbac68_5082,12231.869999995883
00bbac68_5083,12231.889999995881
00bbac68_5084,12231.90999999588
00bbac68_5085,12231.919999995878
00bbac68_5086,12231.939999995877
00bbac68_5087,12231.959999995875
00bbac68_5088,12231.969999995876
00bbac68_5089,12231.989999995874
00bbac68_5090,12232.009999995873
00bbac68_5091,12232.019999995871
00bbac68_5092,12232.03999999587
00bbac68_5093,12232.059999995869
00bbac68_5094,12232.079999995867
00bbac68_5095,12232.089999995867
00bbac68_5096,12232.109999995866
00bbac68_5097,12232.129999995865
00bbac68_5098,12232.139999995863
00bbac68_5099,12232.159999995862
00bbac68_5100,12232.17999999586
00bbac68_5101,12232.18999999586
00bbac68_5102,12232.20999999586
00bbac68_5103,12232.229999995858
00bbac68_5104,12232.239999995856
00bbac68_5105,12232.259999995855
00bbac68_5106,12232.279999995853
00bbac68_5107,12232.299999995852
00bbac68_5108,12232.309999995852
00bbac68_5109,12232.32999999585
00bbac68_5110,12232.34999999585
00bbac68_5111,12232.359999995848
00bbac68_5112,12232.379999995846
00bbac68_5113,12232.399999995845
00bbac68_5114,12232.409999995845
00bbac68_5115,12232.429999995844
00bbac68_5116,12232.449999995843
00bbac68_5117,12232.459999995841
00bbac68_5118,12232.47999999584
00bbac68_5119,12232.499999995838
00bbac68_5120,12232.509999995838
00bbac68_5121,12232.529999995837
00bbac68_5122,12232.549999995836
00bbac68_5123,12232.569999995834
00bbac68_5124,12232.579999995833
00bbac68_5125,12232.599999995831
00bbac68_5126,12232.61999999583
00bbac68_5127,12232.62999999583
00bbac68_5128,12232.649999995829
00bbac68_5129,12232.669999995827
00bbac68_5130,12232.679999995826
00bbac68_5131,12232.699999995824
00bbac68_5132,12232.719999995823
00bbac68_5133,12232.729999995823
00bbac68_5134,12232.749999995822
00bbac68_5135,12232.76999999582
00bbac68_5136,12232.789999995819
00bbac68_5137,12232.799999995817
00bbac68_5138,12232.819999995816
00bbac68_5139,12232.839999995816
00bbac68_5140,12232.849999995815
00bbac68_5141,12232.869999995813
00bbac68_5142,12232.889999995812
00bbac68_5143,12232.89999999581
00bbac68_5144,12232.91999999581
00bbac68_5145,12232.939999995808
00bbac68_5146,12232.949999995808
00bbac68_5147,12232.969999995807
00bbac68_5148,12232.989999995805
00bbac68_5149,12233.009999995804
00bbac68_5150,12233.019999995802
00bbac68_5151,12233.0399999958
00bbac68_5152,12233.059999995801
00bbac68_5153,12233.0699999958
00bbac68_5154,12233.089999995798
00bbac68_5155,12233.109999995797
00bbac68_5156,12233.119999995795
00bbac68_5157,12233.139999995794
00bbac68_5158,12233.159999995794
00bbac68_5159,12233.169999995793
00bbac68_5160,12233.189999995791
00bbac68_5161,12233.20999999579
00bbac68_5162,12233.229999995789
00bbac68_5163,12233.239999995787
00bbac68_5164,12233.259999995786
00bbac68_5165,12233.279999995786
00bbac68_5166,12233.289999995784
00bbac68_5167,12233.309999995783
00bbac68_5168,12233.329999995782
00bbac68_5169,12233.33999999578
00bbac68_5170,12233.359999995779
00bbac68_5171,12233.37999999578
00bbac68_5172,12233.389999995778
00bbac68_5173,12233.409999995776
00bbac68_5174,12233.429999995775
00bbac68_5175,12233.439999995773
00bbac68_5176,12233.459999995772
00bbac68_5177,12233.479999995772
00bbac68_5178,12233.49999999577
00bbac68_5179,12233.50999999577
00bbac68_5180,12233.529999995768
00bbac68_5181,12233.549999995766
00bbac68_5182,12233.559999995765
00bbac68_5183,12233.579999995764
00bbac68_5184,12233.599999995764
00bbac68_5185,12233.609999995762
00bbac68_5186,12233.629999995761
00bbac68_5187,12233.64999999576
00bbac68_5188,12233.659999995758
00bbac68_5189,12233.679999995757
00bbac68_5190,12233.699999995757
00bbac68_5191,12233.719999995756
00bbac68_5192,12233.729999995754
00bbac68_5193,12233.749999995753
00bbac68_5194,12233.759999995751
00bbac68_5195,12233.77999999575
00bbac68_5196,12233.79999999575
00bbac68_5197,12233.809999995749
00bbac68_5198,12233.829999995747
00bbac68_5199,12233.839999995746
00bbac68_5200,12233.859999995744
00bbac68_5201,12233.869999995743
00bbac68_5202,12233.889999995743
00bbac68_5203,12233.899999995741
00bbac68_5204,12233.91999999574
00bbac68_5205,12233.929999995738
00bbac68_5206,12233.939999995737
00bbac68_5207,12233.959999995737
00bbac68_5208,12233.969999995736
00bbac68_5209,12233.979999995734
00bbac68_5210,12233.999999995733
00bbac68_5211,12234.009999995731
00bbac68_5212,12234.019999995731
00bbac68_5213,12234.03999999573
00bbac68_5214,12234.049999995728
00bbac68_5215,12234.059999995727
00bbac68_5216,12234.069999995725
00bbac68_5217,12234.089999995726
00bbac68_5218,12234.099999995724
00bbac68_5219,12234.109999995722
00bbac68_5220,12234.11999999572
00bbac68_5221,12234.129999995721
00bbac68_5222,12234.13999999572
00bbac68_5223,12234.149999995718
00bbac68_5224,12234.159999995716
00bbac68_5225,12234.169999995716
00bbac68_5226,12234.189999995715
00bbac68_5227,12234.199999995713
00bbac68_5228,12234.209999995712
00bbac68_5229,12234.21999999571
00bbac68_5230,12234.22999999571
00bbac68_5231,12234.229999995709
00bbac68_5232,12234.239999995707
00bbac68_5233,12234.249999995705
00bbac68_5234,12234.259999995706
00bbac68_5235,12234.269999995704
00bbac68_5236,12234.279999995702
00bbac68_5237,12234.2899999957
00bbac68_5238,12234.299999995701
00bbac68_5239,12234.2999999957
00bbac68_5240,12234.309999995698
00bbac68_5241,12234.319999995696
00bbac68_5242,12234.329999995696
00bbac68_5243,12234.329999995694
00bbac68_5244,12234.339999995693
00bbac68_5245,12234.349999995693
00bbac68_5246,12234.359999995691
00bbac68_5247,12234.35999999569
00bbac68_5248,12234.369999995688
00bbac68_5249,12234.379999995688
00bbac68_5250,12234.379999995686
00bbac68_5251,12234.389999995685
00bbac68_5252,12234.389999995685
00bbac68_5253,12234.399999995683
00bbac68_5254,12234.399999995681
00bbac68_5255,12234.40999999568
00bbac68_5256,12234.40999999568
00bbac68_5257,12234.419999995678
00bbac68_5258,12234.419999995676
00bbac68_5259,12234.429999995677
00bbac68_5260,12234.429999995675
00bbac68_5261,12234.439999995673
00bbac68_5262,12234.439999995673
00bbac68_5263,12234.449999995672
00bbac68_5264,12234.44999999567
00bbac68_5265,12234.44999999567
00bbac68_5266,12234.459999995668
00bbac68_5267,12234.459999995666
00bbac68_5268,12234.459999995666
00bbac68_5269,12234.459999995664
00bbac68_5270,12234.469999995663
00bbac68_5271,12234.469999995661
00bbac68_5272,12234.469999995661
00bbac68_5273,12234.46999999566
00bbac68_5274,12234.479999995658
00bbac68_5275,12234.479999995658
00bbac68_5276,12234.479999995656
00bbac68_5277,12234.479999995656
00bbac68_5278,12234.479999995654
00bbac68_5279,12234.479999995652
00bbac68_5280,12234.479999995652
00bbac68_5281,12234.47999999565
00bbac68_5282,12234.479999995649
00bbac68_5283,12234.479999995649
00bbac68_5284,12234.479999995647
00bbac68_5285,12234.479999995645
00bbac68_5286,12234.479999995645
00bbac68_5287,12234.479999995643
00bbac68_5288,12234.489999995641
00bbac68_5289,12234.489999995641
00bbac68_5290,12234.48999999564
00bbac68_5291,12234.489999995638
00bbac68_5292,12234.489999995638
00bbac68_5293,12234.489999995636
00bbac68_5294,12234.489999995636
00bbac68_5295,12234.489999995634
00bbac68_5296,12234.489999995632
00bbac68_5297,12234.489999995632
00bbac68_5298,12234.48999999563
00bbac68_5299,12234.489999995629
00bbac68_5300,12234.489999995629
00bbac68_5301,12234.489999995627
00bbac68_5302,12234.499999995625
00bbac68_5303,12234.499999995625
00bbac68_5304,12234.499999995624
00bbac68_5305,12234.499999995622
00bbac68_5306,12234.499999995622
00bbac68_5307,12234.49999999562
00bbac68_5308,12234.499999995618
00bbac68_5309,12234.499999995618
00bbac68_5310,12234.509999995616
00bbac68_5311,12234.509999995615
00bbac68_5312,12234.509999995615
00bbac68_5313,12234.509999995613
00bbac68_5314,12234.509999995611
00bbac68_5315,12234.509999995611
00bbac68_5316,12234.51999999561
00bbac68_5317,12234.519999995608
00bbac68_5318,12234.519999995608
00bbac68_5319,12234.519999995606
00bbac68_5320,12234.519999995606
00bbac68_5321,12234.519999995604
00bbac68_5322,12234.529999995602
00bbac68_5323,12234.5299999956
00bbac68_5324,12234.5299999956
00bbac68_5325,12234.529999995599
00bbac68_5326,12234.539999995597
00bbac68_5327,12234.539999995597
00bbac68_5328,12234.539999995595
00bbac68_5329,12234.539999995595
00bbac68_5330,12234.539999995593
00bbac68_5331,12234.549999995592
00bbac68_5332,12234.54999999559
00bbac68_5333,12234.54999999559
00bbac68_5334,12234.549999995588
00bbac68_5335,12234.559999995587
00bbac68_5336,12234.559999995587
00bbac68_5337,12234.559999995585
00bbac68_5338,12234.569999995583
00bbac68_5339,12234.569999995583
00bbac68_5340,12234.569999995581
00bbac68_5341,12234.56999999558
00bbac68_5342,12234.57999999558
00bbac68_5343,12234.579999995578
00bbac68_5344,12234.579999995576
00bbac68_5345,12234.589999995576
00bbac68_5346,12234.589999995575
00bbac68_5347,12234.589999995573
00bbac68_5348,12234.599999995573
00bbac68_5349,12234.599999995571
00bbac68_5350,12234.59999999557
00bbac68_5351,12234.60999999557
00bbac68_5352,12234.609999995568
00bbac68_5353,12234.609999995566
00bbac68_5354,12234.619999995566
00bbac68_5355,12234.619999995564
00bbac68_5356,12234.619999995562
00bbac68_5357,12234.629999995563
00bbac68_5358,12234.62999999556
00bbac68_5359,12234.63999999556
00bbac68_5360,12234.639999995557
00bbac68_5361,12234.639999995557
00bbac68_5362,12234.649999995556
00bbac68_5363,12234.649999995554
00bbac68_5364,12234.659999995554
00bbac68_5365,12234.659999995552
00bbac68_5366,12234.65999999555
00bbac68_5367,12234.66999999555
00bbac68_5368,12234.669999995549
00bbac68_5369,12234.679999995547
00bbac68_5370,12234.679999995547
00bbac68_5371,12234.679999995546
00bbac68_5372,12234.689999995544
00bbac68_5373,12234.689999995544
00bbac68_5374,12234.699999995542
00bbac68_5375,12234.69999999554
00bbac68_5376,12234.709999995539
00bbac68_5377,12234.709999995539
00bbac68_5378,12234.719999995537
00bbac68_5379,12234.719999995536
00bbac68_5380,12234.719999995536
00bbac68_5381,12234.729999995534
00bbac68_5382,12234.729999995532
00bbac68_5383,12234.729999995532
00bbac68_5384,12234.73999999553
00bbac68_5385,12234.739999995529
00bbac68_5386,12234.739999995529
00bbac68_5387,12234.739999995527
00bbac68_5388,12234.739999995525
00bbac68_5389,12234.739999995525
00bbac68_5390,12234.739999995523
00bbac68_5391,12234.739999995521
00bbac68_5392,12234.739999995521
00bbac68_5393,12234.73999999552
00bbac68_5394,12234.73999999552
00bbac68_5395,12234.739999995518
00bbac68_5396,12234.739999995516
00bbac68_5397,12234.739999995516
00bbac68_5398,12234.729999995514
00bbac68_5399,12234.729999995512
00bbac68_5400,12234.729999995512
00bbac68_5401,12234.72999999551
00bbac68_5402,12234.71999999551
00bbac68_5403,12234.719999995508
00bbac68_5404,12234.709999995506
00bbac68_5405,12234.709999995506
00bbac68_5406,12234.699999995504
00bbac68_5407,12234.699999995504
00bbac68_5408,12234.689999995502
00bbac68_5409,12234.689999995502
00bbac68_5410,12234.6799999955
00bbac68_5411,12234.669999995498
00bbac68_5412,12234.669999995498
00bbac68_5413,12234.659999995496
00bbac68_5414,12234.649999995496
00bbac68_5415,12234.639999995494
00bbac68_5416,12234.629999995494
00bbac68_5417,12234.629999995492
00bbac68_5418,12234.619999995492
00bbac68_5419,12234.60999999549
00bbac68_5420,12234.59999999549
00bbac68_5421,12234.589999995487
00bbac68_5422,12234.579999995487
00bbac68_5423,12234.559999995485
00bbac68_5424,12234.549999995485
00bbac68_5425,12234.539999995483
00bbac68_5426,12234.529999995482
00bbac68_5427,12234.51999999548
00bbac68_5428,12234.49999999548
00bbac68_5429,12234.489999995478
00bbac68_5430,12234.479999995478
00bbac68_5431,12234.459999995475
00bbac68_5432,12234.449999995475
00bbac68_5433,12234.439999995473
00bbac68_5434,12234.419999995473
00bbac68_5435,12234.40999999547
00bbac68_5436,12234.38999999547
00bbac68_5437,12234.379999995468
00bbac68_5438,12234.359999995468
00bbac68_5439,12234.339999995467
00bbac68_5440,12234.329999995465
00bbac68_5441,12234.309999995465
00bbac68_5442,12234.289999995462
00bbac68_5443,12234.269999995462
00bbac68_5444,12234.25999999546
00bbac68_5445,12234.23999999546
00bbac68_5446,12234.219999995457
00bbac68_5447,12234.199999995457
00bbac68_5448,12234.179999995456
00bbac68_5449,12234.159999995454
00bbac68_5450,12234.139999995454
00bbac68_5451,12234.119999995452
00bbac68_5452,12234.099999995451
00bbac68_5453,12234.07999999545
00bbac68_5454,12234.059999995448
00bbac68_5455,12234.029999995448
00bbac68_5456,12234.009999995447
00bbac68_5457,12233.989999995445
00bbac68_5458,12233.969999995445
00bbac68_5459,12233.939999995444
00bbac68_5460,12233.919999995442
00bbac68_5461,12233.899999995441
00bbac68_5462,12233.869999995439
00bbac68_5463,12233.849999995438
00bbac68_5464,12233.819999995438
00bbac68_5465,12233.799999995435
00bbac68_5466,12233.769999995435
00bbac68_5467,12233.739999995434
00bbac68_5468,12233.719999995432
00bbac68_5469,12233.689999995431
00bbac68_5470,12233.65999999543
00bbac68_5471,12233.639999995428
00bbac68_5472,12233.609999995428
00bbac68_5473,12233.579999995427
00bbac68_5474,12233.549999995426
00bbac68_5475,12233.529999995424
00bbac68_5476,12233.499999995423
00bbac68_5477,12233.469999995423
00bbac68_5478,12233.43999999542
00bbac68_5479,12233.41999999542
00bbac68_5480,12233.38999999542
00bbac68_5481,12233.359999995417
00bbac68_5482,12233.329999995416
00bbac68_5483,12233.299999995415
00bbac68_5484,12233.279999995413
00bbac68_5485,12233.249999995413
00bbac68_5486,12233.219999995412
00bbac68_5487,12233.189999995411
00bbac68_5488,12233.169999995409
00bbac68_5489,12233.139999995408
00bbac68_5490,12233.109999995408
00bbac68_5491,12233.079999995405
00bbac68_5492,12233.049999995405
00bbac68_5493,12233.029999995404
00bbac68_5494,12232.999999995402
00bbac68_5495,12232.969999995401
00bbac68_5496,12232.9399999954
00bbac68_5497,12232.9099999954
00bbac68_5498,12232.889999995397
00bbac68_5499,12232.859999995397
00bbac68_5500,12232.829999995396
00bbac68_5501,12232.799999995394
00bbac68_5502,12232.769999995393
00bbac68_5503,12232.749999995392
00bbac68_5504,12232.71999999539
00bbac68_5505,12232.68999999539
00bbac68_5506,12232.659999995389
00bbac68_5507,12232.629999995388
00bbac68_5508,12232.609999995386
00bbac68_5509,12232.579999995385
00bbac68_5510,12232.549999995384
00bbac68_5511,12232.519999995382
00bbac68_5512,12232.489999995381
00bbac68_5513,12232.45999999538
00bbac68_5514,12232.439999995378
00bbac68_5515,12232.409999995378
00bbac68_5516,12232.379999995377
00bbac68_5517,12232.349999995375
00bbac68_5518,12232.319999995374
00bbac68_5519,12232.289999995373
00bbac68_5520,12232.269999995373
00bbac68_5521,12232.23999999537
00bbac68_5522,12232.20999999537
00bbac68_5523,12232.17999999537
00bbac68_5524,12232.149999995367
00bbac68_5525,12232.119999995366
00bbac68_5526,12232.099999995366
00bbac68_5527,12232.069999995363
00bbac68_5528,12232.039999995362
00bbac68_5529,12232.009999995362
00bbac68_5530,12231.979999995361
00bbac68_5531,12231.949999995359
00bbac68_5532,12231.919999995358
00bbac68_5533,12231.899999995358
00bbac68_5534,12231.869999995355
00bbac68_5535,12231.839999995354
00bbac68_5536,12231.809999995354
00bbac68_5537,12231.779999995353
00bbac68_5538,12231.74999999535
00bbac68_5539,12231.71999999535
00bbac68_5540,12231.69999999535
00bbac68_5541,12231.669999995347
00bbac68_5542,12231.639999995346
00bbac68_5543,12231.609999995346
00bbac68_5544,12231.579999995343
00bbac68_5545,12231.549999995343
00bbac68_5546,12231.519999995342
00bbac68_5547,12231.489999995341
00bbac68_5548,12231.46999999534
00bbac68_5549,12231.439999995338
00bbac68_5550,12231.409999995338
00bbac68_5551,12231.379999995335
00bbac68_5552,12231.349999995335
00bbac68_5553,12231.319999995334
00bbac68_5554,12231.289999995333
00bbac68_5555,12231.25999999533
00bbac68_5556,12231.22999999533
00bbac68_5557,12231.20999999533
00bbac68_5558,12231.179999995327
00bbac68_5559,12231.149999995327
00bbac68_5560,12231.119999995326
00bbac68_5561,12231.089999995324
00bbac68_5562,12231.059999995323
00bbac68_5563,12231.029999995322
00bbac68_5564,12230.999999995322
00bbac68_5565,12230.969999995319
00bbac68_5566,12230.939999995318
00bbac68_5567,12230.909999995318
00bbac68_5568,12230.879999995315
00bbac68_5569,12230.859999995315
00bbac68_5570,12230.829999995314
00bbac68_5571,12230.799999995314
00bbac68_5572,12230.769999995311
00bbac68_5573,12230.73999999531
00bbac68_5574,12230.70999999531
00bbac68_5575,12230.679999995307
00bbac68_5576,12230.649999995307
00bbac68_5577,12230.619999995306
00bbac68_5578,12230.579999995305
00bbac68_5579,12230.549999995303
00bbac68_5580,12230.519999995302
00bbac68_5581,12230.489999995301
00bbac68_5582,12230.4599999953
00bbac68_5583,12230.429999995298
00bbac68_5584,12230.399999995298
00bbac68_5585,12230.369999995297
00bbac68_5586,12230.329999995296
00bbac68_5587,12230.299999995294
00bbac68_5588,12230.269999995293
00bbac68_5589,12230.239999995292
00bbac68_5590,12230.20999999529
00bbac68_5591,12230.169999995289
00bbac68_5592,12230.139999995288
00bbac68_5593,12230.109999995288
00bbac68_5594,12230.079999995285
00bbac68_5595,12230.039999995284
00bbac68_5596,12230.009999995284
00bbac68_5597,12229.979999995283
00bbac68_5598,12229.939999995282
00bbac68_5599,12229.90999999528
00bbac68_5600,12229.879999995279
00bbac68_5601,12229.839999995278
00bbac68_5602,12229.809999995277
00bbac68_5603,12229.779999995275
00bbac68_5604,12229.739999995274
00bbac68_5605,12229.709999995273
00bbac68_5606,12229.669999995273
00bbac68_5607,12229.63999999527
00bbac68_5608,12229.60999999527
00bbac68_5609,12229.569999995269
00bbac68_5610,12229.539999995268
00bbac68_5611,12229.499999995267
00bbac68_5612,12229.469999995265
00bbac68_5613,12229.429999995264
00bbac68_5614,12229.399999995263
00bbac68_5615,12229.359999995262
00bbac68_5616,12229.31999999526
00bbac68_5617,12229.289999995259
00bbac68_5618,12229.249999995258
00bbac68_5619,12229.219999995257
00bbac68_5620,12229.179999995256
00bbac68_5621,12229.139999995254
00bbac68_5622,12229.109999995253
00bbac68_5623,12229.069999995252
00bbac68_5624,12229.039999995251
00bbac68_5625,12228.99999999525
00bbac68_5626,12228.959999995248
00bbac68_5627,12228.919999995247
00bbac68_5628,12228.889999995246
00bbac68_5629,12228.849999995246
00bbac68_5630,12228.809999995245
00bbac68_5631,12228.779999995242
00bbac68_5632,12228.739999995241
00bbac68_5633,12228.69999999524
00bbac68_5634,12228.65999999524
00bbac68_5635,12228.619999995239
00bbac68_5636,12228.589999995236
00bbac68_5637,12228.549999995235
00bbac68_5638,12228.509999995234
00bbac68_5639,12228.469999995234
00bbac68_5640,12228.429999995233
00bbac68_5641,12228.389999995232
00bbac68_5642,12228.34999999523
00bbac68_5643,12228.319999995228
00bbac68_5644,12228.279999995228
00bbac68_5645,12228.239999995227
00bbac68_5646,12228.199999995226
00bbac68_5647,12228.159999995225
00bbac68_5648,12228.119999995222
00bbac68_5649,12228.079999995221
00bbac68_5650,12228.03999999522
00bbac68_5651,12227.99999999522
00bbac68_5652,12227.959999995219
00bbac68_5653,12227.919999995218
00bbac68_5654,12227.879999995215
00bbac68_5655,12227.839999995214
00bbac68_5656,12227.799999995214
00bbac68_5657,12227.759999995213
00bbac68_5658,12227.709999995212
00bbac68_5659,12227.66999999521
00bbac68_5660,12227.62999999521
00bbac68_5661,12227.589999995207
00bbac68_5662,12227.549999995206
00bbac68_5663,12227.509999995205
00bbac68_5664,12227.469999995204
00bbac68_5665,12227.419999995203
00bbac68_5666,12227.379999995203
00bbac68_5667,12227.339999995202
00bbac68_5668,12227.299999995199
00bbac68_5669,12227.259999995198
00bbac68_5670,12227.219999995197
00bbac68_5671,12227.169999995196
00bbac68_5672,12227.129999995195
00bbac68_5673,12227.089999995194
00bbac68_5674,12227.049999995194
00bbac68_5675,12227.00999999519
00bbac68_5676,12226.95999999519
00bbac68_5677,12226.919999995189
00bbac68_5678,12226.879999995188
00bbac68_5679,12226.839999995187
00bbac68_5680,12226.799999995186
00bbac68_5681,12226.749999995185
00bbac68_5682,12226.709999995184
00bbac68_5683,12226.669999995182
00bbac68_5684,12226.62999999518
00bbac68_5685,12226.57999999518
00bbac68_5686,12226.539999995179
00bbac68_5687,12226.499999995178
00bbac68_5688,12226.459999995177
00bbac68_5689,12226.409999995176
00bbac68_5690,12226.369999995175
00bbac68_5691,12226.329999995172
00bbac68_5692,12226.279999995171
00bbac68_5693,12226.23999999517
00bbac68_5694,12226.19999999517
00bbac68_5695,12226.159999995169
00bbac68_5696,12226.109999995168
00bbac68_5697,12226.069999995167
00bbac68_5698,12226.029999995164
00bbac68_5699,12225.979999995163
00bbac68_5700,12225.939999995162
00bbac68_5701,12225.899999995161
00bbac68_5702,12225.84999999516
00bbac68_5703,12225.80999999516
00bbac68_5704,12225.769999995158
00bbac68_5705,12225.719999995157
00bbac68_5706,12225.679999995156
00bbac68_5707,12225.639999995154
00bbac68_5708,12225.589999995153
00bbac68_5709,12225.549999995152
00bbac68_5710,12225.50999999515
00bbac68_5711,12225.45999999515
00bbac68_5712,12225.419999995149
00bbac68_5713,12225.369999995148
00bbac68_5714,12225.329999995147
00bbac68_5715,12225.289999995144
00bbac68_5716,12225.239999995143
00bbac68_5717,12225.199999995142
00bbac68_5718,12225.149999995141
00bbac68_5719,12225.10999999514
00bbac68_5720,12225.06999999514
00bbac68_5721,12225.019999995138
00bbac68_5722,12224.979999995137
00bbac68_5723,12224.929999995136
00bbac68_5724,12224.889999995135
00bbac68_5725,12224.839999995133
00bbac68_5726,12224.799999995132
00bbac68_5727,12224.75999999513
00bbac68_5728,12224.70999999513
00bbac68_5729,12224.669999995129
00bbac68_5730,12224.619999995128
00bbac68_5731,12224.579999995127
00bbac68_5732,12224.529999995126
00bbac68_5733,12224.489999995125
00bbac68_5734,12224.439999995124
00bbac68_5735,12224.399999995121
00bbac68_5736,12224.34999999512
00bbac68_5737,12224.30999999512
00bbac68_5738,12224.259999995118
00bbac68_5739,12224.219999995117
00bbac68_5740,12224.169999995116
00bbac68_5741,12224.129999995115
00bbac68_5742,12224.079999995114
00bbac68_5743,12224.039999995113
00bbac68_5744,12223.989999995112
00bbac68_5745,12223.94999999511
00bbac68_5746,12223.899999995108
00bbac68_5747,12223.849999995107
00bbac68_5748,12223.809999995106
00bbac68_5749,12223.759999995105
00bbac68_5750,12223.719999995104
00bbac68_5751,12223.669999995103
00bbac68_5752,12223.629999995102
00bbac68_5753,12223.579999995101
00bbac68_5754,12223.5299999951
00bbac68_5755,12223.489999995098
00bbac68_5756,12223.439999995097
00bbac68_5757,12223.399999995096
00bbac68_5758,12223.349999995095
00bbac68_5759,12223.309999995094
00bbac68_5760,12223.259999995093
00bbac68_5761,12223.219999995092
00bbac68_5762,12223.16999999509
00bbac68_5763,12223.11999999509
00bbac68_5764,12223.079999995089
00bbac68_5765,12223.029999995088
00bbac68_5766,12222.989999995085
00bbac68_5767,12222.939999995084
00bbac68_5768,12222.899999995083
00bbac68_5769,12222.849999995082
00bbac68_5770,12222.809999995081
00bbac68_5771,12222.75999999508
00bbac68_5772,12222.719999995079
00bbac68_5773,12222.679999995078
00bbac68_5774,12222.629999995077
00bbac68_5775,12222.589999995074
00bbac68_5776,12222.539999995073
00bbac68_5777,12222.499999995072
00bbac68_5778,12222.449999995071
00bbac68_5779,12222.40999999507
00bbac68_5780,12222.35999999507
00bbac68_5781,12222.319999995068
00bbac68_5782,12222.279999995068
00bbac68_5783,12222.229999995066
00bbac68_5784,12222.189999995066
00bbac68_5785,12222.139999995063
00bbac68_5786,12222.099999995062
00bbac68_5787,12222.059999995061
00bbac68_5788,12222.00999999506
00bbac68_5789,12221.969999995059
00bbac68_5790,12221.929999995058
00bbac68_5791,12221.879999995057
00bbac68_5792,12221.839999995056
00bbac68_5793,12221.799999995053
00bbac68_5794,12221.749999995052
00bbac68_5795,12221.709999995051
00bbac68_5796,12221.66999999505
00bbac68_5797,12221.61999999505
00bbac68_5798,12221.579999995049
00bbac68_5799,12221.539999995048
00bbac68_5800,12221.489999995047
00bbac68_5801,12221.449999995046
00bbac68_5802,12221.409999995043
00bbac68_5803,12221.369999995042
00bbac68_5804,12221.319999995041
00bbac68_5805,12221.27999999504
00bbac68_5806,12221.23999999504
00bbac68_5807,12221.189999995038
00bbac68_5808,12221.149999995037
00bbac68_5809,12221.109999995035
00bbac68_5810,12221.069999995034
00bbac68_5811,12221.029999995033
00bbac68_5812,12220.979999995032
00bbac68_5813,12220.939999995031
00bbac68_5814,12220.89999999503
00bbac68_5815,12220.85999999503
00bbac68_5816,12220.819999995027
00bbac68_5817,12220.769999995026
00bbac68_5818,12220.729999995025
00bbac68_5819,12220.689999995024
00bbac68_5820,12220.649999995023
00bbac68_5821,12220.609999995022
00bbac68_5822,12220.569999995021
00bbac68_5823,12220.51999999502
00bbac68_5824,12220.479999995017
00bbac68_5825,12220.439999995016
00bbac68_5826,12220.399999995016
00bbac68_5827,12220.359999995015
00bbac68_5828,12220.319999995014
00bbac68_5829,12220.279999995013
00bbac68_5830,12220.23999999501
00bbac68_5831,12220.18999999501
00bbac68_5832,12220.149999995008
00bbac68_5833,12220.109999995007
00bbac68_5834,12220.069999995007
00bbac68_5835,12220.029999995006
00bbac68_5836,12219.989999995005
00bbac68_5837,12219.949999995002
00bbac68_5838,12219.909999995001
00bbac68_5839,12219.869999995
00bbac68_5840,12219.829999995
00bbac68_5841,12219.789999994999
00bbac68_5842,12219.749999994998
00bbac68_5843,12219.709999994997
00bbac68_5844,12219.669999994994
00bbac68_5845,12219.629999994993
00bbac68_5846,12219.589999994992
00bbac68_5847,12219.549999994992
00bbac68_5848,12219.50999999499
00bbac68_5849,12219.46999999499
00bbac68_5850,12219.429999994987
00bbac68_5851,12219.389999994986
00bbac68_5852,12219.349999994985
00bbac68_5853,12219.309999994985
00bbac68_5854,12219.269999994984
00bbac68_5855,12219.229999994983
00bbac68_5856,12219.18999999498
00bbac68_5857,12219.15999999498
00bbac68_5858,12219.119999994979
00bbac68_5859,12219.079999994978
00bbac68_5860,12219.039999994977
00bbac68_5861,12218.999999994976
00bbac68_5862,12218.959999994973
00bbac68_5863,12218.929999994973
00bbac68_5864,12218.889999994972
00bbac68_5865,12218.84999999497
00bbac68_5866,12218.80999999497
00bbac68_5867,12218.779999994968
00bbac68_5868,12218.739999994967
00bbac68_5869,12218.699999994966
00bbac68_5870,12218.669999994965
00bbac68_5871,12218.629999994964
00bbac68_5872,12218.589999994962
00bbac68_5873,12218.55999999496
00bbac68_5874,12218.51999999496
00bbac68_5875,12218.47999999496
00bbac68_5876,12218.449999994958
00bbac68_5877,12218.409999994956
00bbac68_5878,12218.379999994955
00bbac68_5879,12218.339999994954
00bbac68_5880,12218.309999994954
00bbac68_5881,12218.269999994951
00bbac68_5882,12218.23999999495
00bbac68_5883,12218.19999999495
00bbac68_5884,12218.169999994949
00bbac68_5885,12218.129999994948
00bbac68_5886,12218.099999994945
00bbac68_5887,12218.059999994945
00bbac68_5888,12218.029999994944
00bbac68_5889,12217.999999994943
00bbac68_5890,12217.95999999494
00bbac68_5891,12217.92999999494
00bbac68_5892,12217.89999999494
00bbac68_5893,12217.859999994938
00bbac68_5894,12217.829999994936
00bbac68_5895,12217.799999994935
00bbac68_5896,12217.759999994934
00bbac68_5897,12217.729999994934
00bbac68_5898,12217.699999994931
00bbac68_5899,12217.66999999493
00bbac68_5900,12217.62999999493
00bbac68_5901,12217.599999994929
00bbac68_5902,12217.569999994927
00bbac68_5903,12217.539999994926
00bbac68_5904,12217.509999994925
00bbac68_5905,12217.469999994924
00bbac68_5906,12217.439999994922
00bbac68_5907,12217.409999994921
00bbac68_5908,12217.37999999492
00bbac68_5909,12217.34999999492
00bbac68_5910,12217.319999994917
00bbac68_5911,12217.289999994917
00bbac68_5912,12217.259999994916
00bbac68_5913,12217.229999994914
00bbac68_5914,12217.199999994913
00bbac68_5915,12217.169999994912
00bbac68_5916,12217.139999994912
00bbac68_5917,12217.10999999491
00bbac68_5918,12217.079999994909
00bbac68_5919,12217.049999994908
00bbac68_5920,12217.019999994907
00bbac68_5921,12216.989999994905
00bbac68_5922,12216.959999994904
00bbac68_5923,12216.929999994903
00bbac68_5924,12216.899999994901
00bbac68_5925,12216.8699999949
00bbac68_5926,12216.8499999949
00bbac68_5927,12216.819999994897
00bbac68_5928,12216.789999994897
00bbac68_5929,12216.759999994896
00bbac68_5930,12216.729999994895
00bbac68_5931,12216.709999994893
00bbac68_5932,12216.679999994893
00bbac68_5933,12216.649999994892
00bbac68_5934,12216.61999999489
00bbac68_5935,12216.599999994889
00bbac68_5936,12216.569999994888
00bbac68_5937,12216.539999994886
00bbac68_5938,12216.519999994885
00bbac68_5939,12216.489999994885
00bbac68_5940,12216.459999994882
00bbac68_5941,12216.439999994882
00bbac68_5942,12216.409999994881
00bbac68_5943,12216.379999994879
00bbac68_5944,12216.359999994878
00bbac68_5945,12216.329999994878
00bbac68_5946,12216.309999994875
00bbac68_5947,12216.279999994875
00bbac68_5948,12216.249999994874
00bbac68_5949,12216.229999994872
00bbac68_5950,12216.199999994871
00bbac68_5951,12216.16999999487
00bbac68_5952,12216.149999994868
00bbac68_5953,12216.119999994868
00bbac68_5954,12216.089999994867
00bbac68_5955,12216.069999994867
00bbac68_5956,12216.039999994864
00bbac68_5957,12216.009999994863
00bbac68_5958,12215.989999994863
00bbac68_5959,12215.95999999486
00bbac68_5960,12215.92999999486
00bbac68_5961,12215.90999999486
00bbac68_5962,12215.879999994857
00bbac68_5963,12215.849999994856
00bbac68_5964,12215.829999994856
00bbac68_5965,12215.799999994853
00bbac68_5966,12215.769999994853
00bbac68_5967,12215.749999994852
00bbac68_5968,12215.71999999485
00bbac68_5969,12215.68999999485
00bbac68_5970,12215.659999994848
00bbac68_5971,12215.639999994846
00bbac68_5972,12215.609999994846
00bbac68_5973,12215.579999994845
00bbac68_5974,12215.549999994844
00bbac68_5975,12215.529999994842
00bbac68_5976,12215.499999994841
00bbac68_5977,12215.46999999484
00bbac68_5978,12215.439999994838
00bbac68_5979,12215.419999994838
00bbac68_5980,12215.389999994837
00bbac68_5981,12215.359999994835
00bbac68_5982,12215.329999994834
00bbac68_5983,12215.299999994833
00bbac68_5984,12215.279999994831
00bbac68_5985,12215.24999999483
00bbac68_5986,12215.21999999483
00bbac68_5987,12215.18999999483
00bbac68_5988,12215.159999994827
00bbac68_5989,12215.139999994826
00bbac68_5990,12215.109999994826
00bbac68_5991,12215.079999994823
00bbac68_5992,12215.049999994822
00bbac68_5993,12215.019999994822
00bbac68_5994,12214.989999994821
00bbac68_5995,12214.959999994819
00bbac68_5996,12214.939999994818
00bbac68_5997,12214.909999994818
00bbac68_5998,12214.879999994815
00bbac68_5999,12214.849999994814
00bbac68_6000,12214.819999994814
00bbac68_6001,12214.789999994811
00bbac68_6002,12214.75999999481
00bbac68_6003,12214.72999999481
00bbac68_6004,12214.709999994808
00bbac68_6005,12214.679999994807
00bbac68_6006,12214.649999994806
00bbac68_6007,12214.619999994806
00bbac68_6008,12214.589999994803
00bbac68_6009,12214.559999994803
00bbac68_6010,12214.529999994802
00bbac68_6011,12214.499999994801
00bbac68_6012,12214.469999994799
00bbac68_6013,12214.439999994798
00bbac68_6014,12214.409999994798
00bbac68_6015,12214.379999994795
00bbac68_6016,12214.349999994794
00bbac68_6017,12214.319999994794
00bbac68_6018,12214.299999994792
00bbac68_6019,12214.26999999479
00bbac68_6020,12214.23999999479
00bbac68_6021,12214.20999999479
00bbac68_6022,12214.179999994787
00bbac68_6023,12214.149999994786
00bbac68_6024,12214.119999994786
00bbac68_6025,12214.089999994783
00bbac68_6026,12214.059999994783
00bbac68_6027,12214.029999994782
00bbac68_6028,12213.999999994781
00bbac68_6029,12213.969999994779
00bbac68_6030,12213.939999994778
00bbac68_6031,12213.909999994778
00bbac68_6032,12213.879999994777
00bbac68_6033,12213.839999994774
00bbac68_6034,12213.809999994774
00bbac68_6035,12213.779999994773
00bbac68_6036,12213.749999994772
00bbac68_6037,12213.71999999477
00bbac68_6038,12213.68999999477
00bbac68_6039,12213.659999994768
00bbac68_6040,12213.629999994766
00bbac68_6041,12213.599999994765
00bbac68_6042,12213.569999994765
00bbac68_6043,12213.539999994764
00bbac68_6044,12213.509999994762
00bbac68_6045,12213.47999999476
00bbac68_6046,12213.44999999476
00bbac68_6047,12213.419999994758
00bbac68_6048,12213.389999994757
00bbac68_6049,12213.359999994756
00bbac68_6050,12213.329999994756
00bbac68_6051,12213.299999994753
00bbac68_6052,12213.269999994753
00bbac68_6053,12213.239999994752
00bbac68_6054,12213.20999999475
00bbac68_6055,12213.179999994749
00bbac68_6056,12213.149999994748
00bbac68_6057,12213.119999994748
00bbac68_6058,12213.089999994745
00bbac68_6059,12213.059999994744
00bbac68_6060,12213.029999994744
00bbac68_6061,12212.999999994743
00bbac68_6062,12212.95999999474
00bbac68_6063,12212.92999999474
00bbac68_6064,12212.89999999474
00bbac68_6065,12212.869999994738
00bbac68_6066,12212.839999994736
00bbac68_6067,12212.809999994735
00bbac68_6068,12212.779999994735
00bbac68_6069,12212.749999994732
00bbac68_6070,12212.719999994732
00bbac68_6071,12212.68999999473
00bbac68_6072,12212.65999999473
00bbac68_6073,12212.629999994728
00bbac68_6074,12212.599999994727
00bbac68_6075,12212.569999994726
00bbac68_6076,12212.539999994724
00bbac68_6077,12212.509999994723
00bbac68_6078,12212.479999994723
00bbac68_6079,12212.449999994722
00bbac68_6080,12212.41999999472
00bbac68_6081,12212.389999994719
00bbac68_6082,12212.359999994718
00bbac68_6083,12212.339999994716
00bbac68_6084,12212.309999994715
00bbac68_6085,12212.279999994715
00bbac68_6086,12212.249999994714
00bbac68_6087,12212.219999994712
00bbac68_6088,12212.18999999471
00bbac68_6089,12212.15999999471
00bbac68_6090,12212.129999994708
00bbac68_6091,12212.099999994707
00bbac68_6092,12212.069999994706
00bbac68_6093,12212.039999994706
00bbac68_6094,12212.009999994703
00bbac68_6095,12211.979999994703
00bbac68_6096,12211.949999994702
00bbac68_6097,12211.9199999947
00bbac68_6098,12211.889999994699
00bbac68_6099,12211.859999994698
00bbac68_6100,12211.829999994698
00bbac68_6101,12211.799999994695
00bbac68_6102,12211.769999994694
00bbac68_6103,12211.739999994694
00bbac68_6104,12211.709999994691
00bbac68_6105,12211.67999999469
00bbac68_6106,12211.64999999469
00bbac68_6107,12211.61999999469
00bbac68_6108,12211.589999994687
00bbac68_6109,12211.559999994686
00bbac68_6110,12211.529999994686
00bbac68_6111,12211.509999994683
00bbac68_6112,12211.479999994683
00bbac68_6113,12211.449999994682
00bbac68_6114,12211.419999994681
00bbac68_6115,12211.389999994679
00bbac68_6116,12211.359999994678
00bbac68_6117,12211.329999994678
00bbac68_6118,12211.299999994675
00bbac68_6119,12211.269999994674
00bbac68_6120,12211.239999994674
00bbac68_6121,12211.209999994673
00bbac68_6122,12211.17999999467
00bbac68_6123,12211.14999999467
00bbac68_6124,12211.11999999467
00bbac68_6125,12211.089999994667
00bbac68_6126,12211.069999994666
00bbac68_6127,12211.039999994666
00bbac68_6128,12211.009999994665
00bbac68_6129,12210.979999994663
00bbac68_6130,12210.949999994662
00bbac68_6131,12210.919999994661
00bbac68_6132,12210.889999994659
00bbac68_6133,12210.859999994658
00bbac68_6134,12210.829999994658
00bbac68_6135,12210.799999994657
00bbac68_6136,12210.779999994655
00bbac68_6137,12210.749999994654
00bbac68_6138,12210.719999994653
00bbac68_6139,12210.68999999465
00bbac68_6140,12210.65999999465
00bbac68_6141,12210.63999999465
00bbac68_6142,12210.609999994647
00bbac68_6143,12210.579999994647
00bbac68_6144,12210.559999994646
00bbac68_6145,12210.529999994644
00bbac68_6146,12210.499999994643
00bbac68_6147,12210.479999994643
00bbac68_6148,12210.44999999464
00bbac68_6149,12210.41999999464
00bbac68_6150,12210.399999994639
00bbac68_6151,12210.369999994637
00bbac68_6152,12210.349999994636
00bbac68_6153,12210.319999994636
00bbac68_6154,12210.299999994633
00bbac68_6155,12210.269999994633
00bbac68_6156,12210.249999994632
00bbac68_6157,12210.21999999463
00bbac68_6158,12210.19999999463
00bbac68_6159,12210.169999994629
00bbac68_6160,12210.149999994626
00bbac68_6161,12210.129999994626
00bbac68_6162,12210.099999994625
00bbac68_6163,12210.079999994623
00bbac68_6164,12210.059999994623
00bbac68_6165,12210.029999994622
00bbac68_6166,12210.00999999462
00bbac68_6167,12209.98999999462
00bbac68_6168,12209.959999994619
00bbac68_6169,12209.939999994616
00bbac68_6170,12209.919999994616
00bbac68_6171,12209.899999994614
00bbac68_6172,12209.879999994613
00bbac68_6173,12209.849999994613
00bbac68_6174,12209.82999999461
00bbac68_6175,12209.80999999461
00bbac68_6176,12209.789999994608
00bbac68_6177,12209.769999994607
00bbac68_6178,12209.749999994607
00bbac68_6179,12209.729999994604
00bbac68_6180,12209.709999994604
00bbac68_6181,12209.689999994602
00bbac68_6182,12209.669999994601
00bbac68_6183,12209.6499999946
00bbac68_6184,12209.629999994599
00bbac68_6185,12209.609999994598
00bbac68_6186,12209.589999994596
00bbac68_6187,12209.569999994595
00bbac68_6188,12209.549999994595
00bbac68_6189,12209.529999994593
00bbac68_6190,12209.509999994592
00bbac68_6191,12209.49999999459
00bbac68_6192,12209.47999999459
00bbac68_6193,12209.45999999459
00bbac68_6194,12209.439999994587
00bbac68_6195,12209.419999994587
00bbac68_6196,12209.409999994585
00bbac68_6197,12209.389999994584
00bbac68_6198,12209.369999994582
00bbac68_6199,12209.349999994582
00bbac68_6200,12209.33999999458
00bbac68_6201,12209.31999999458
00bbac68_6202,12209.299999994579
00bbac68_6203,12209.289999994577
00bbac68_6204,12209.269999994576
00bbac68_6205,12209.259999994574
00bbac68_6206,12209.239999994574
00bbac68_6207,12209.219999994571
00bbac68_6208,12209.209999994571
00bbac68_6209,12209.18999999457
00bbac68_6210,12209.179999994569
00bbac68_6211,12209.159999994568
00bbac68_6212,12209.149999994566
00bbac68_6213,12209.139999994566
00bbac68_6214,12209.119999994564
00bbac68_6215,12209.109999994564
00bbac68_6216,12209.089999994561
00bbac68_6217,12209.079999994561
00bbac68_6218,12209.06999999456
00bbac68_6219,12209.049999994559
00bbac68_6220,12209.039999994557
00bbac68_6221,12209.029999994556
00bbac68_6222,12209.009999994554
00bbac68_6223,12208.999999994554
00bbac68_6224,12208.989999994552
00bbac68_6225,12208.979999994552
00bbac68_6226,12208.95999999455
00bbac68_6227,12208.94999999455
00bbac68_6228,12208.939999994547
00bbac68_6229,12208.929999994547
00bbac68_6230,12208.919999994545
00bbac68_6231,12208.909999994545
00bbac68_6232,12208.899999994543
00bbac68_6233,12208.889999994542
00bbac68_6234,12208.87999999454
00bbac68_6235,12208.86999999454
00bbac68_6236,12208.859999994538
00bbac68_6237,12208.849999994538
00bbac68_6238,12208.839999994536
00bbac68_6239,12208.829999994536
00bbac68_6240,12208.819999994534
00bbac68_6241,12208.819999994532
00bbac68_6242,12208.809999994532
00bbac68_6243,12208.79999999453
00bbac68_6244,12208.79999999453
00bbac68_6245,12208.789999994528
00bbac68_6246,12208.779999994527
00bbac68_6247,12208.779999994525
00bbac68_6248,12208.769999994525
00bbac68_6249,12208.769999994523
00bbac68_6250,12208.759999994521
00bbac68_6251,12208.759999994521
00bbac68_6252,12208.74999999452
00bbac68_6253,12208.74999999452
00bbac68_6254,12208.739999994517
00bbac68_6255,12208.739999994516
00bbac68_6256,12208.739999994516
00bbac68_6257,12208.729999994513
00bbac68_6258,12208.729999994513
00bbac68_6259,12208.729999994512
00bbac68_6260,12208.72999999451
00bbac68_6261,12208.71999999451
00bbac68_6262,12208.719999994508
00bbac68_6263,12208.719999994508
00bbac68_6264,12208.719999994506
00bbac68_6265,12208.719999994504
00bbac68_6266,12208.719999994504
00bbac68_6267,12208.719999994502
00bbac68_6268,12208.7199999945
00bbac68_6269,12208.7199999945
00bbac68_6270,12208.719999994499
00bbac68_6271,12208.719999994497
00bbac68_6272,12208.719999994497
00bbac68_6273,12208.719999994495
00bbac68_6274,12208.719999994495
00bbac68_6275,12208.729999994493
00bbac68_6276,12208.729999994492
00bbac68_6277,12208.729999994492
00bbac68_6278,12208.72999999449
00bbac68_6279,12208.739999994488
00bbac68_6280,12208.739999994486
00bbac68_6281,12208.749999994487
00bbac68_6282,12208.749999994485
00bbac68_6283,12208.749999994483
00bbac68_6284,12208.759999994483
00bbac68_6285,12208.759999994481
00bbac68_6286,12208.76999999448
00bbac68_6287,12208.76999999448
00bbac68_6288,12208.779999994478
00bbac68_6289,12208.789999994477
00bbac68_6290,12208.789999994475
00bbac68_6291,12208.799999994475
00bbac68_6292,12208.809999994473
00bbac68_6293,12208.809999994472
00bbac68_6294,12208.819999994472
00bbac68_6295,12208.82999999447
00bbac68_6296,12208.839999994469
00bbac68_6297,12208.849999994467
00bbac68_6298,12208.859999994467
00bbac68_6299,12208.859999994465
00bbac68_6300,12208.869999994464
00bbac68_6301,12208.879999994462
00bbac68_6302,12208.889999994462
00bbac68_6303,12208.89999999446
00bbac68_6304,12208.90999999446
00bbac68_6305,12208.929999994458
00bbac68_6306,12208.939999994456
00bbac68_6307,12208.949999994456
00bbac68_6308,12208.959999994455
00bbac68_6309,12208.969999994453
00bbac68_6310,12208.979999994452
00bbac68_6311,12208.999999994452
00bbac68_6312,12209.00999999445
00bbac68_6313,12209.019999994449
00bbac68_6314,12209.039999994447
00bbac68_6315,12209.049999994446
00bbac68_6316,12209.059999994446
00bbac68_6317,12209.079999994445
00bbac68_6318,12209.089999994443
00bbac68_6319,12209.109999994442
00bbac68_6320,12209.11999999444
00bbac68_6321,12209.139999994439
00bbac68_6322,12209.149999994439
00bbac68_6323,12209.169999994438
00bbac68_6324,12209.179999994436
00bbac68_6325,12209.199999994435
00bbac68_6326,12209.209999994433
00bbac68_6327,12209.229999994433
00bbac68_6328,12209.239999994432
00bbac68_6329,12209.25999999443
00bbac68_6330,12209.269999994429
00bbac68_6331,12209.279999994427
00bbac68_6332,12209.299999994426
00bbac68_6333,12209.309999994426
00bbac68_6334,12209.329999994425
00bbac68_6335,12209.339999994423
00bbac68_6336,12209.349999994422
00bbac68_6337,12209.36999999442
00bbac68_6338,12209.37999999442
00bbac68_6339,12209.389999994419
00bbac68_6340,12209.399999994417
00bbac68_6341,12209.419999994416
00bbac68_6342,12209.429999994416
00bbac68_6343,12209.439999994414
00bbac68_6344,12209.449999994413
00bbac68_6345,12209.469999994411
00bbac68_6346,12209.47999999441
00bbac68_6347,12209.48999999441
00bbac68_6348,12209.499999994408
00bbac68_6349,12209.509999994407
00bbac68_6350,12209.529999994405
00bbac68_6351,12209.539999994404
00bbac68_6352,12209.549999994404
00bbac68_6353,12209.559999994402
00bbac68_6354,12209.5699999944
00bbac68_6355,12209.5799999944
00bbac68_6356,12209.5899999944
00bbac68_6357,12209.599999994398
00bbac68_6358,12209.609999994396
00bbac68_6359,12209.619999994395
00bbac68_6360,12209.629999994395
00bbac68_6361,12209.639999994393
00bbac68_6362,12209.649999994392
00bbac68_6363,12209.65999999439
00bbac68_6364,12209.66999999439
00bbac68_6365,12209.679999994389
00bbac68_6366,12209.689999994387
00bbac68_6367,12209.699999994386
00bbac68_6368,12209.709999994386
00bbac68_6369,12209.719999994384
00bbac68_6370,12209.729999994383
00bbac68_6371,12209.739999994381
00bbac68_6372,12209.74999999438
00bbac68_6373,12209.75999999438
00bbac68_6374,12209.759999994378
00bbac68_6375,12209.769999994376
00bbac68_6376,12209.779999994376
00bbac68_6377,12209.789999994375
00bbac68_6378,12209.799999994373
00bbac68_6379,12209.799999994371
00bbac68_6380,12209.809999994372
00bbac68_6381,12209.81999999437
00bbac68_6382,12209.829999994368
00bbac68_6383,12209.829999994367
00bbac68_6384,12209.839999994367
00bbac68_6385,12209.849999994365
00bbac68_6386,12209.859999994364
00bbac68_6387,12209.859999994364
00bbac68_6388,12209.869999994362
00bbac68_6389,12209.87999999436
00bbac68_6390,12209.879999994359
00bbac68_6391,12209.889999994359
00bbac68_6392,12209.889999994357
00bbac68_6393,12209.899999994355
00bbac68_6394,12209.909999994354
00bbac68_6395,12209.909999994354
00bbac68_6396,12209.919999994352
00bbac68_6397,12209.91999999435
00bbac68_6398,12209.92999999435
00bbac68_6399,12209.929999994349
00bbac68_6400,12209.939999994347
00bbac68_6401,12209.939999994347
00bbac68_6402,12209.949999994345
00bbac68_6403,12209.949999994344
00bbac68_6404,12209.959999994342
00bbac68_6405,12209.959999994342
00bbac68_6406,12209.96999999434
00bbac68_6407,12209.969999994339
00bbac68_6408,12209.969999994339
00bbac68_6409,12209.979999994337
00bbac68_6410,12209.979999994335
00bbac68_6411,12209.989999994335
00bbac68_6412,12209.989999994334
00bbac68_6413,12209.989999994332
00bbac68_6414,12209.999999994332
00bbac68_6415,12209.99999999433
00bbac68_6416,12209.999999994328
00bbac68_6417,12210.009999994329
00bbac68_6418,12210.009999994327
00bbac68_6419,12210.009999994325
00bbac68_6420,12210.019999994325
00bbac68_6421,12210.019999994323
00bbac68_6422,12210.019999994322
00bbac68_6423,12210.02999999432
00bbac68_6424,12210.02999999432
00bbac68_6425,12210.029999994318
00bbac68_6426,12210.039999994317
00bbac68_6427,12210.039999994317
00bbac68_6428,12210.039999994315
00bbac68_6429,12210.049999994313
00bbac68_6430,12210.049999994313
00bbac68_6431,12210.049999994311
00bbac68_6432,12210.05999999431
00bbac68_6433,12210.05999999431
00bbac68_6434,12210.069999994308
00bbac68_6435,12210.069999994306
00bbac68_6436,12210.069999994306
00bbac68_6437,12210.079999994305
00bbac68_6438,12210.079999994303
00bbac68_6439,12210.079999994303
00bbac68_6440,12210.089999994301
00bbac68_6441,12210.0899999943
00bbac68_6442,12210.099999994298
00bbac68_6443,12210.099999994298
00bbac68_6444,12210.099999994296
00bbac68_6445,12210.109999994294
00bbac68_6446,12210.109999994294
00bbac68_6447,12210.119999994293
00bbac68_6448,12210.119999994291
00bbac68_6449,12210.129999994291
00bbac68_6450,12210.12999999429
00bbac68_6451,12210.129999994288
00bbac68_6452,12210.139999994288
00bbac68_6453,12210.139999994286
00bbac68_6454,12210.149999994284
00bbac68_6455,12210.149999994284
00bbac68_6456,12210.159999994283
00bbac68_6457,12210.159999994281
00bbac68_6458,12210.159999994281
00bbac68_6459,12210.16999999428
00bbac68_6460,12210.169999994278
00bbac68_6461,12210.179999994276
00bbac68_6462,12210.179999994276
00bbac68_6463,12210.189999994274
00bbac68_6464,12210.189999994273
00bbac68_6465,12210.199999994273
00bbac68_6466,12210.199999994271
00bbac68_6467,12210.20999999427
00bbac68_6468,12210.20999999427
00bbac68_6469,12210.219999994268
00bbac68_6470,12210.219999994266
00bbac68_6471,12210.229999994264
00bbac68_6472,12210.229999994264
00bbac68_6473,12210.239999994263
00bbac68_6474,12210.23999999426
00bbac68_6475,12210.249999994261
00bbac68_6476,12210.24999999426
00bbac68_6477,12210.259999994258
00bbac68_6478,12210.259999994258
00bbac68_6479,12210.269999994256
00bbac68_6480,12210.269999994254
00bbac68_6481,12210.279999994253
00bbac68_6482,12210.279999994253
00bbac68_6483,12210.289999994251
00bbac68_6484,12210.28999999425
00bbac68_6485,12210.29999999425
00bbac68_6486,12210.299999994248
00bbac68_6487,12210.309999994246
00bbac68_6488,12210.319999994244
00bbac68_6489,12210.319999994244
00bbac68_6490,12210.329999994243
00bbac68_6491,12210.329999994241
00bbac68_6492,12210.339999994241
00bbac68_6493,12210.33999999424
00bbac68_6494,12210.349999994238
00bbac68_6495,12210.359999994236
00bbac68_6496,12210.359999994236
00bbac68_6497,12210.369999994235
00bbac68_6498,12210.369999994233
00bbac68_6499,12210.379999994233
00bbac68_6500,12210.379999994231
00bbac68_6501,12210.38999999423
00bbac68_6502,12210.399999994228
00bbac68_6503,12210.399999994228
00bbac68_6504,12210.409999994226
00bbac68_6505,12210.409999994225
00bbac68_6506,12210.419999994225
00bbac68_6507,12210.429999994223
00bbac68_6508,12210.429999994221
00bbac68_6509,12210.439999994222
00bbac68_6510,12210.44999999422
00bbac68_6511,12210.449999994218
00bbac68_6512,12210.459999994217
00bbac68_6513,12210.459999994217
00bbac68_6514,12210.469999994215
00bbac68_6515,12210.479999994213
00bbac68_6516,12210.479999994213
00bbac68_6517,12210.489999994212
00bbac68_6518,12210.49999999421
00bbac68_6519,12210.499999994208
00bbac68_6520,12210.509999994209
00bbac68_6521,12210.519999994207
00bbac68_6522,12210.519999994205
00bbac68_6523,12210.529999994204
00bbac68_6524,12210.539999994204
00bbac68_6525,12210.549999994202
00bbac68_6526,12210.5499999942
00bbac68_6527,12210.5599999942
00bbac68_6528,12210.569999994199
00bbac68_6529,12210.569999994197
00bbac68_6530,12210.579999994196
00bbac68_6531,12210.589999994196
00bbac68_6532,12210.599999994194
00bbac68_6533,12210.599999994192
00bbac68_6534,12210.60999999419
00bbac68_6535,12210.619999994191
00bbac68_6536,12210.61999999419
00bbac68_6537,12210.629999994188
00bbac68_6538,12210.639999994188
00bbac68_6539,12210.649999994186
00bbac68_6540,12210.659999994185
00bbac68_6541,12210.659999994183
00bbac68_6542,12210.669999994183
00bbac68_6543,12210.679999994181
00bbac68_6544,12210.68999999418
00bbac68_6545,12210.689999994178
00bbac68_6546,12210.699999994178
00bbac68_6547,12210.709999994177
00bbac68_6548,12210.719999994175
00bbac68_6549,12210.729999994173
00bbac68_6550,12210.729999994173
00bbac68_6551,12210.739999994172
00bbac68_6552,12210.74999999417
00bbac68_6553,12210.75999999417
00bbac68_6554,12210.769999994169
00bbac68_6555,12210.779999994167
00bbac68_6556,12210.779999994165
00bbac68_6557,12210.789999994166
00bbac68_6558,12210.799999994164
00bbac68_6559,12210.809999994162
00bbac68_6560,12210.81999999416
00bbac68_6561,12210.829999994161
00bbac68_6562,12210.83999999416
00bbac68_6563,12210.849999994158
00bbac68_6564,12210.849999994156
00bbac68_6565,12210.859999994156
00bbac68_6566,12210.869999994155
00bbac68_6567,12210.879999994153
00bbac68_6568,12210.889999994151
00bbac68_6569,12210.899999994152
00bbac68_6570,12210.90999999415
00bbac68_6571,12210.919999994148
00bbac68_6572,12210.929999994147
00bbac68_6573,12210.939999994147
00bbac68_6574,12210.949999994145
00bbac68_6575,12210.949999994144
00bbac68_6576,12210.959999994142
00bbac68_6577,12210.969999994142
00bbac68_6578,12210.97999999414
00bbac68_6579,12210.989999994139
00bbac68_6580,12210.999999994137
00bbac68_6581,12211.009999994138
00bbac68_6582,12211.019999994136
00bbac68_6583,12211.029999994134
00bbac68_6584,12211.039999994133
00bbac68_6585,12211.049999994133
00bbac68_6586,12211.059999994131
00bbac68_6587,12211.06999999413
00bbac68_6588,12211.079999994128
00bbac68_6589,12211.089999994128
00bbac68_6590,12211.099999994127
00bbac68_6591,12211.109999994125
00bbac68_6592,12211.119999994124
00bbac68_6593,12211.129999994122
00bbac68_6594,12211.139999994122
00bbac68_6595,12211.14999999412
00bbac68_6596,12211.159999994119
00bbac68_6597,12211.169999994117
00bbac68_6598,12211.179999994118
00bbac68_6599,12211.189999994116
00bbac68_6600,12211.209999994115
00bbac68_6601,12211.219999994113
00bbac68_6602,12211.229999994113
00bbac68_6603,12211.239999994112
00bbac68_6604,12211.24999999411
00bbac68_6605,12211.259999994109
00bbac68_6606,12211.269999994107
00bbac68_6607,12211.279999994107
00bbac68_6608,12211.289999994106
00bbac68_6609,12211.299999994104
00bbac68_6610,12211.309999994102
00bbac68_6611,12211.319999994103
00bbac68_6612,12211.339999994101
00bbac68_6613,12211.3499999941
00bbac68_6614,12211.359999994098
00bbac68_6615,12211.369999994098
00bbac68_6616,12211.379999994097
00bbac68_6617,12211.389999994095
00bbac68_6618,12211.399999994093
00bbac68_6619,12211.419999994092
00bbac68_6620,12211.429999994092
00bbac68_6621,12211.43999999409
00bbac68_6622,12211.449999994089
00bbac68_6623,12211.459999994087
00bbac68_6624,12211.469999994088
00bbac68_6625,12211.489999994086
00bbac68_6626,12211.499999994085
00bbac68_6627,12211.509999994083
00bbac68_6628,12211.519999994081
00bbac68_6629,12211.529999994082
00bbac68_6630,12211.53999999408
00bbac68_6631,12211.559999994079
00bbac68_6632,12211.569999994077
00bbac68_6633,12211.579999994075
00bbac68_6634,12211.589999994076
00bbac68_6635,12211.609999994074
00bbac68_6636,12211.619999994073
00bbac68_6637,12211.629999994071
00bbac68_6638,12211.639999994071
00bbac68_6639,12211.65999999407
00bbac68_6640,12211.669999994068
00bbac68_6641,12211.679999994067
00bbac68_6642,12211.689999994065
00bbac68_6643,12211.709999994066
00bbac68_6644,12211.719999994064
00bbac68_6645,12211.729999994062
00bbac68_6646,12211.73999999406
00bbac68_6647,12211.75999999406
00bbac68_6648,12211.76999999406
00bbac68_6649,12211.779999994058
00bbac68_6650,12211.799999994057
00bbac68_6651,12211.809999994055
00bbac68_6652,12211.819999994053
00bbac68_6653,12211.829999994054
00bbac68_6654,12211.849999994052
00bbac68_6655,12211.85999999405
00bbac68_6656,12211.869999994049
00bbac68_6657,12211.889999994048
00bbac68_6658,12211.899999994048
00bbac68_6659,12211.909999994046
00bbac68_6660,12211.929999994045
00bbac68_6661,12211.939999994043
00bbac68_6662,12211.949999994042
00bbac68_6663,12211.969999994042
00bbac68_6664,12211.97999999404
00bbac68_6665,12211.99999999404
00bbac68_6666,12212.009999994038
00bbac68_6667,12212.019999994036
00bbac68_6668,12212.039999994036
00bbac68_6669,12212.049999994035
00bbac68_6670,12212.059999994033
00bbac68_6671,12212.079999994032
00bbac68_6672,12212.08999999403
00bbac68_6673,12212.10999999403
00bbac68_6674,12212.119999994029
00bbac68_6675,12212.139999994028
00bbac68_6676,12212.149999994026
00bbac68_6677,12212.159999994024
00bbac68_6678,12212.179999994023
00bbac68_6679,12212.189999994023
00bbac68_6680,12212.209999994022
00bbac68_6681,12212.21999999402
00bbac68_6682,12212.239999994019
00bbac68_6683,12212.249999994017
00bbac68_6684,12212.259999994018
00bbac68_6685,12212.279999994016
00bbac68_6686,12212.289999994015
00bbac68_6687,12212.309999994013
00bbac68_6688,12212.319999994012
00bbac68_6689,12212.339999994012
00bbac68_6690,12212.34999999401
00bbac68_6691,12212.369999994009
00bbac68_6692,12212.379999994007
00bbac68_6693,12212.399999994006
00bbac68_6694,12212.409999994004
00bbac68_6695,12212.429999994005
00bbac68_6696,12212.439999994003
00bbac68_6697,12212.459999994002
00bbac68_6698,12212.469999994
00bbac68_6699,12212.489999993999
00bbac68_6700,12212.509999993998
00bbac68_6701,12212.519999993998
00bbac68_6702,12212.539999993996
00bbac68_6703,12212.549999993995
00bbac68_6704,12212.569999993993
00bbac68_6705,12212.579999993992
00bbac68_6706,12212.599999993992
00bbac68_6707,12212.60999999399
00bbac68_6708,12212.62999999399
00bbac68_6709,12212.649999993988
00bbac68_6710,12212.659999993986
00bbac68_6711,12212.679999993985
00bbac68_6712,12212.689999993985
00bbac68_6713,12212.709999993984
00bbac68_6714,12212.729999993982
00bbac68_6715,12212.73999999398
00bbac68_6716,12212.75999999398
00bbac68_6717,12212.779999993978
00bbac68_6718,12212.789999993978
00bbac68_6719,12212.809999993977
00bbac68_6720,12212.829999993975
00bbac68_6721,12212.839999993974
00bbac68_6722,12212.859999993972
00bbac68_6723,12212.879999993971
00bbac68_6724,12212.889999993971
00bbac68_6725,12212.90999999397
00bbac68_6726,12212.929999993969
00bbac68_6727,12212.949999993967
00bbac68_6728,12212.959999993966
00bbac68_6729,12212.979999993964
00bbac68_6730,12212.999999993963
00bbac68_6731,12213.009999993963
00bbac68_6732,12213.029999993962
00bbac68_6733,12213.04999999396
00bbac68_6734,12213.069999993959
00bbac68_6735,12213.079999993957
00bbac68_6736,12213.099999993956
00bbac68_6737,12213.119999993954
00bbac68_6738,12213.139999993955
00bbac68_6739,12213.159999993954
00bbac68_6740,12213.169999993952
00bbac68_6741,12213.18999999395
00bbac68_6742,12213.20999999395
00bbac68_6743,12213.229999993948
00bbac68_6744,12213.249999993946
00bbac68_6745,12213.269999993947
00bbac68_6746,12213.279999993945
00bbac68_6747,12213.299999993944
00bbac68_6748,12213.319999993942
00bbac68_6749,12213.339999993941
00bbac68_6750,12213.35999999394
00bbac68_6751,12213.379999993938
00bbac68_6752,12213.399999993937
00bbac68_6753,12213.409999993937
00bbac68_6754,12213.429999993936
00bbac68_6755,12213.449999993934
00bbac68_6756,12213.469999993933
00bbac68_6757,12213.489999993932
00bbac68_6758,12213.50999999393
00bbac68_6759,12213.529999993929
00bbac68_6760,12213.54999999393
00bbac68_6761,12213.569999993928
00bbac68_6762,12213.589999993927
00bbac68_6763,12213.609999993925
00bbac68_6764,12213.629999993924
00bbac68_6765,12213.649999993922
00bbac68_6766,12213.669999993921
00bbac68_6767,12213.68999999392
00bbac68_6768,12213.70999999392
00bbac68_6769,12213.729999993919
00bbac68_6770,12213.749999993917
00bbac68_6771,12213.769999993916
00bbac68_6772,12213.789999993915
00bbac68_6773,12213.809999993913
00bbac68_6774,12213.829999993912
00bbac68_6775,12213.84999999391
00bbac68_6776,12213.869999993909
00bbac68_6777,12213.88999999391
00bbac68_6778,12213.909999993908
00bbac68_6779,12213.929999993907
00bbac68_6780,12213.949999993905
00bbac68_6781,12213.969999993904
00bbac68_6782,12213.989999993903
00bbac68_6783,12214.009999993901
00bbac68_6784,12214.0299999939
00bbac68_6785,12214.0499999939
00bbac68_6786,12214.069999993899
00bbac68_6787,12214.099999993898
00bbac68_6788,12214.119999993896
00bbac68_6789,12214.139999993895
00bbac68_6790,12214.159999993894
00bbac68_6791,12214.179999993892
00bbac68_6792,12214.19999999389
00bbac68_6793,12214.21999999389
00bbac68_6794,12214.249999993888
00bbac68_6795,12214.269999993889
00bbac68_6796,12214.289999993887
00bbac68_6797,12214.309999993886
00bbac68_6798,12214.329999993884
00bbac68_6799,12214.349999993883
00bbac68_6800,12214.379999993882
00bbac68_6801,12214.39999999388
00bbac68_6802,12214.41999999388
00bbac68_6803,12214.439999993878
00bbac68_6804,12214.459999993876
00bbac68_6805,12214.479999993877
00bbac68_6806,12214.499999993875
00bbac68_6807,12214.529999993874
00bbac68_6808,12214.549999993873
00bbac68_6809,12214.569999993872
00bbac68_6810,12214.58999999387
00bbac68_6811,12214.609999993869
00bbac68_6812,12214.629999993867
00bbac68_6813,12214.659999993866
00bbac68_6814,12214.679999993865
00bbac68_6815,12214.699999993865
00bbac68_6816,12214.719999993864
00bbac68_6817,12214.739999993863
00bbac68_6818,12214.759999993861
00bbac68_6819,12214.78999999386
00bbac68_6820,12214.809999993859
00bbac68_6821,12214.829999993857
00bbac68_6822,12214.849999993856
00bbac68_6823,12214.869999993854
00bbac68_6824,12214.889999993855
00bbac68_6825,12214.919999993854
00bbac68_6826,12214.939999993852
00bbac68_6827,12214.959999993851
00bbac68_6828,12214.97999999385
00bbac68_6829,12214.999999993848
00bbac68_6830,12215.019999993847
00bbac68_6831,12215.049999993846
00bbac68_6832,12215.069999993844
00bbac68_6833,12215.089999993843
00bbac68_6834,12215.109999993841
00bbac68_6835,12215.129999993842
00bbac68_6836,12215.14999999384
00bbac68_6837,12215.17999999384
00bbac68_6838,12215.199999993838
00bbac68_6839,12215.219999993837
00bbac68_6840,12215.239999993835
00bbac68_6841,12215.259999993834
00bbac68_6842,12215.279999993832
00bbac68_6843,12215.299999993831
00bbac68_6844,12215.32999999383
00bbac68_6845,12215.34999999383
00bbac68_6846,12215.369999993829
00bbac68_6847,12215.389999993828
00bbac68_6848,12215.409999993826
00bbac68_6849,12215.429999993825
00bbac68_6850,12215.459999993824
00bbac68_6851,12215.479999993822
00bbac68_6852,12215.49999999382
00bbac68_6853,12215.51999999382
00bbac68_6854,12215.53999999382
00bbac68_6855,12215.559999993819
00bbac68_6856,12215.589999993817
00bbac68_6857,12215.609999993816
00bbac68_6858,12215.629999993815
00bbac68_6859,12215.649999993813
00bbac68_6860,12215.669999993812
00bbac68_6861,12215.68999999381
00bbac68_6862,12215.71999999381
00bbac68_6863,12215.739999993808
00bbac68_6864,12215.759999993807
00bbac68_6865,12215.779999993807
00bbac68_6866,12215.799999993806
00bbac68_6867,12215.819999993804
00bbac68_6868,12215.849999993803
00bbac68_6869,12215.869999993802
00bbac68_6870,12215.8899999938
00bbac68_6871,12215.909999993799
00bbac68_6872,12215.929999993798
00bbac68_6873,12215.949999993796
00bbac68_6874,12215.979999993795
00bbac68_6875,12215.999999993795
00bbac68_6876,12216.019999993794
00bbac68_6877,12216.039999993793
00bbac68_6878,12216.059999993791
00bbac68_6879,12216.07999999379
00bbac68_6880,12216.099999993789
00bbac68_6881,12216.129999993787
00bbac68_6882,12216.149999993786
00bbac68_6883,12216.169999993785
00bbac68_6884,12216.189999993785
00bbac68_6885,12216.209999993784
00bbac68_6886,12216.229999993782
00bbac68_6887,12216.259999993781
00bbac68_6888,12216.27999999378
00bbac68_6889,12216.299999993778
00bbac68_6890,12216.319999993777
00bbac68_6891,12216.339999993776
00bbac68_6892,12216.359999993774
00bbac68_6893,12216.379999993773
00bbac68_6894,12216.409999993772
00bbac68_6895,12216.429999993772
00bbac68_6896,12216.44999999377
00bbac68_6897,12216.46999999377
00bbac68_6898,12216.489999993768
00bbac68_6899,12216.509999993767
00bbac68_6900,12216.529999993765
00bbac68_6901,12216.549999993764
00bbac68_6902,12216.569999993762
00bbac68_6903,12216.589999993763
00bbac68_6904,12216.609999993761
00bbac68_6905,12216.62999999376
00bbac68_6906,12216.649999993759
00bbac68_6907,12216.669999993757
00bbac68_6908,12216.689999993756
00bbac68_6909,12216.709999993755
00bbac68_6910,12216.729999993753
00bbac68_6911,12216.749999993754
00bbac68_6912,12216.769999993752
00bbac68_6913,12216.78999999375
00bbac68_6914,12216.80999999375
00bbac68_6915,12216.829999993748
00bbac68_6916,12216.849999993747
00bbac68_6917,12216.869999993745
00bbac68_6918,12216.889999993744
00bbac68_6919,12216.909999993743
00bbac68_6920,12216.929999993743
00bbac68_6921,12216.949999993742
00bbac68_6922,12216.96999999374
00bbac68_6923,12216.989999993739
00bbac68_6924,12216.999999993737
00bbac68_6925,12217.019999993736
00bbac68_6926,12217.039999993734
00bbac68_6927,12217.059999993735
00bbac68_6928,12217.079999993734
00bbac68_6929,12217.099999993732
00bbac68_6930,12217.10999999373
00bbac68_6931,12217.12999999373
00bbac68_6932,12217.149999993728
00bbac68_6933,12217.169999993726
00bbac68_6934,12217.189999993727
00bbac68_6935,12217.199999993725
00bbac68_6936,12217.219999993724
00bbac68_6937,12217.239999993722
00bbac68_6938,12217.259999993721
00bbac68_6939,12217.27999999372
00bbac68_6940,12217.289999993718
00bbac68_6941,12217.309999993719
00bbac68_6942,12217.329999993717
00bbac68_6943,12217.339999993716
00bbac68_6944,12217.359999993714
00bbac68_6945,12217.379999993713
00bbac68_6946,12217.399999993711
00bbac68_6947,12217.409999993712
00bbac68_6948,12217.42999999371
00bbac68_6949,12217.449999993709
00bbac68_6950,12217.459999993707
00bbac68_6951,12217.479999993706
00bbac68_6952,12217.499999993704
00bbac68_6953,12217.509999993705
00bbac68_6954,12217.529999993703
00bbac68_6955,12217.549999993702
00bbac68_6956,12217.5599999937
00bbac68_6957,12217.579999993699
00bbac68_6958,12217.589999993697
00bbac68_6959,12217.609999993696
00bbac68_6960,12217.629999993696
00bbac68_6961,12217.639999993695
00bbac68_6962,12217.659999993693
00bbac68_6963,12217.669999993692
00bbac68_6964,12217.68999999369
00bbac68_6965,12217.69999999369
00bbac68_6966,12217.71999999369
00bbac68_6967,12217.729999993688
00bbac68_6968,12217.749999993686
00bbac68_6969,12217.759999993685
00bbac68_6970,12217.779999993683
00bbac68_6971,12217.789999993684
00bbac68_6972,12217.809999993682
00bbac68_6973,12217.81999999368
00bbac68_6974,12217.83999999368
00bbac68_6975,12217.849999993678
00bbac68_6976,12217.869999993676
00bbac68_6977,12217.879999993676
00bbac68_6978,12217.899999993675
00bbac68_6979,12217.909999993673
00bbac68_6980,12217.929999993672
00bbac68_6981,12217.93999999367
00bbac68_6982,12217.94999999367
00bbac68_6983,12217.96999999367
00bbac68_6984,12217.979999993668
00bbac68_6985,12217.999999993666
00bbac68_6986,12218.009999993665
00bbac68_6987,12218.019999993665
00bbac68_6988,12218.039999993664
00bbac68_6989,12218.049999993662
00bbac68_6990,12218.05999999366
00bbac68_6991,12218.079999993659
00bbac68_6992,12218.08999999366
00bbac68_6993,12218.099999993658
00bbac68_6994,12218.119999993656
00bbac68_6995,12218.129999993655
00bbac68_6996,12218.139999993653
00bbac68_6997,12218.159999993653
00bbac68_6998,12218.169999993652
00bbac68_6999,12218.17999999365
00bbac68_7000,12218.199999993649
00bbac68_7001,12218.209999993647
00bbac68_7002,12218.219999993647
00bbac68_7003,12218.239999993646
00bbac68_7004,12218.249999993644
00bbac68_7005,12218.259999993643
00bbac68_7006,12218.269999993641
00bbac68_7007,12218.289999993642
00bbac68_7008,12218.29999999364
00bbac68_7009,12218.309999993638
00bbac68_7010,12218.329999993637
00bbac68_7011,12218.339999993636
00bbac68_7012,12218.349999993636
00bbac68_7013,12218.359999993634
00bbac68_7014,12218.379999993633
00bbac68_7015,12218.389999993631
00bbac68_7016,12218.399999993631
00bbac68_7017,12218.40999999363
00bbac68_7018,12218.419999993628
00bbac68_7019,12218.439999993627
00bbac68_7020,12218.449999993625
00bbac68_7021,12218.459999993625
00bbac68_7022,12218.469999993624
00bbac68_7023,12218.479999993622
00bbac68_7024,12218.49999999362
00bbac68_7025,12218.50999999362
00bbac68_7026,12218.51999999362
00bbac68_7027,12218.529999993618
00bbac68_7028,12218.539999993616
00bbac68_7029,12218.559999993615
00bbac68_7030,12218.569999993615
00bbac68_7031,12218.579999993613
00bbac68_7032,12218.589999993612
00bbac68_7033,12218.59999999361
00bbac68_7034,12218.609999993609
00bbac68_7035,12218.619999993609
00bbac68_7036,12218.639999993607
00bbac68_7037,12218.649999993606
00bbac68_7038,12218.659999993604
00bbac68_7039,12218.669999993605
00bbac68_7040,12218.679999993603
00bbac68_7041,12218.689999993601
00bbac68_7042,12218.6999999936
00bbac68_7043,12218.7099999936
00bbac68_7044,12218.719999993598
00bbac68_7045,12218.739999993597
00bbac68_7046,12218.749999993595
00bbac68_7047,12218.759999993594
00bbac68_7048,12218.769999993594
00bbac68_7049,12218.779999993592
00bbac68_7050,12218.78999999359
00bbac68_7051,12218.79999999359
00bbac68_7052,12218.80999999359
00bbac68_7053,12218.819999993588
00bbac68_7054,12218.829999993586
00bbac68_7055,12218.839999993585
00bbac68_7056,12218.849999993585
00bbac68_7057,12218.859999993583
00bbac68_7058,12218.869999993582
00bbac68_7059,12218.87999999358
00bbac68_7060,12218.889999993578
00bbac68_7061,12218.899999993579
00bbac68_7062,12218.909999993577
00bbac68_7063,12218.919999993575
00bbac68_7064,12218.929999993574
00bbac68_7065,12218.939999993574
00bbac68_7066,12218.949999993572
00bbac68_7067,12218.95999999357
00bbac68_7068,12218.96999999357
00bbac68_7069,12218.97999999357
00bbac68_7070,12218.989999993568
00bbac68_7071,12218.999999993566
00bbac68_7072,12219.009999993565
00bbac68_7073,12219.019999993565
00bbac68_7074,12219.029999993563
00bbac68_7075,12219.039999993562
00bbac68_7076,12219.04999999356
00bbac68_7077,12219.05999999356
00bbac68_7078,12219.069999993559
00bbac68_7079,12219.079999993557
00bbac68_7080,12219.079999993555
00bbac68_7081,12219.089999993555
00bbac68_7082,12219.099999993554
00bbac68_7083,12219.109999993552
00bbac68_7084,12219.11999999355
00bbac68_7085,12219.12999999355
00bbac68_7086,12219.13999999355
00bbac68_7087,12219.149999993548
00bbac68_7088,12219.159999993546
00bbac68_7089,12219.169999993546
00bbac68_7090,12219.179999993545
00bbac68_7091,12219.189999993543
00bbac68_7092,12219.199999993541
00bbac68_7093,12219.209999993542
00bbac68_7094,12219.21999999354
00bbac68_7095,12219.229999993539
00bbac68_7096,12219.239999993537
00bbac68_7097,12219.249999993535
00bbac68_7098,12219.259999993536
00bbac68_7099,12219.269999993534
00bbac68_7100,12219.279999993532
00bbac68_7101,12219.28999999353
00bbac68_7102,12219.299999993531
00bbac68_7103,12219.30999999353
00bbac68_7104,12219.319999993528
00bbac68_7105,12219.329999993526
00bbac68_7106,12219.339999993526
00bbac68_7107,12219.349999993525
00bbac68_7108,12219.359999993523
00bbac68_7109,12219.369999993522
00bbac68_7110,12219.379999993522
00bbac68_7111,12219.38999999352
00bbac68_7112,12219.399999993519
00bbac68_7113,12219.409999993517
00bbac68_7114,12219.419999993517
00bbac68_7115,12219.429999993516
00bbac68_7116,12219.439999993514
00bbac68_7117,12219.449999993512
00bbac68_7118,12219.459999993513
00bbac68_7119,12219.469999993511
00bbac68_7120,12219.47999999351
00bbac68_7121,12219.499999993508
00bbac68_7122,12219.509999993506
00bbac68_7123,12219.519999993507
00bbac68_7124,12219.529999993505
00bbac68_7125,12219.539999993503
00bbac68_7126,12219.549999993502
00bbac68_7127,12219.559999993502
00bbac68_7128,12219.5699999935
00bbac68_7129,12219.579999993499
00bbac68_7130,12219.589999993497
00bbac68_7131,12219.599999993497
00bbac68_7132,12219.609999993496
00bbac68_7133,12219.629999993494
00bbac68_7134,12219.639999993493
00bbac68_7135,12219.649999993491
00bbac68_7136,12219.659999993492
00bbac68_7137,12219.66999999349
00bbac68_7138,12219.679999993488
00bbac68_7139,12219.689999993487
00bbac68_7140,12219.699999993487
00bbac68_7141,12219.719999993486
00bbac68_7142,12219.729999993484
00bbac68_7143,12219.739999993482
00bbac68_7144,12219.74999999348
00bbac68_7145,12219.759999993481
00bbac68_7146,12219.76999999348
00bbac68_7147,12219.779999993478
00bbac68_7148,12219.799999993476
00bbac68_7149,12219.809999993475
00bbac68_7150,12219.819999993475
00bbac68_7151,12219.829999993473
00bbac68_7152,12219.839999993472
00bbac68_7153,12219.84999999347
00bbac68_7154,12219.86999999347
00bbac68_7155,12219.879999993469
00bbac68_7156,12219.889999993467
00bbac68_7157,12219.899999993466
00bbac68_7158,12219.909999993466
00bbac68_7159,12219.929999993465
00bbac68_7160,12219.939999993463
00bbac68_7161,12219.949999993461
00bbac68_7162,12219.95999999346
00bbac68_7163,12219.96999999346
00bbac68_7164,12219.989999993459
00bbac68_7165,12219.999999993457
00bbac68_7166,12220.009999993455
00bbac68_7167,12220.019999993454
00bbac68_7168,12220.029999993454
00bbac68_7169,12220.049999993453
00bbac68_7170,12220.059999993451
00bbac68_7171,12220.06999999345
00bbac68_7172,12220.07999999345
00bbac68_7173,12220.099999993448
00bbac68_7174,12220.109999993447
00bbac68_7175,12220.119999993445
00bbac68_7176,12220.129999993444
00bbac68_7177,12220.149999993442
00bbac68_7178,12220.159999993442
00bbac68_7179,12220.16999999344
00bbac68_7180,12220.18999999344
00bbac68_7181,12220.199999993438
00bbac68_7182,12220.209999993438
00bbac68_7183,12220.219999993436
00bbac68_7184,12220.239999993435
00bbac68_7185,12220.249999993433
00bbac68_7186,12220.259999993432
00bbac68_7187,12220.279999993432
00bbac68_7188,12220.28999999343
00bbac68_7189,12220.299999993429
00bbac68_7190,12220.319999993428
00bbac68_7191,12220.329999993426
00bbac68_7192,12220.339999993426
00bbac68_7193,12220.359999993425
00bbac68_7194,12220.369999993423
00bbac68_7195,12220.379999993422
00bbac68_7196,12220.39999999342
00bbac68_7197,12220.40999999342
00bbac68_7198,12220.419999993419
00bbac68_7199,12220.439999993418
00bbac68_7200,12220.449999993416
00bbac68_7201,12220.459999993414
00bbac68_7202,12220.479999993415
00bbac68_7203,12220.489999993413
00bbac68_7204,12220.509999993412
00bbac68_7205,12220.51999999341
00bbac68_7206,12220.529999993409
00bbac68_7207,12220.549999993407
00bbac68_7208,12220.559999993407
00bbac68_7209,12220.579999993406
00bbac68_7210,12220.589999993404
00bbac68_7211,12220.609999993403
00bbac68_7212,12220.619999993402
00bbac68_7213,12220.629999993402
00bbac68_7214,12220.6499999934
00bbac68_7215,12220.659999993399
00bbac68_7216,12220.679999993397
00bbac68_7217,12220.689999993396
00bbac68_7218,12220.709999993396
00bbac68_7219,12220.719999993395
00bbac68_7220,12220.739999993393
00bbac68_7221,12220.749999993392
00bbac68_7222,12220.76999999339
00bbac68_7223,12220.779999993389
00bbac68_7224,12220.789999993389
00bbac68_7225,12220.809999993387
00bbac68_7226,12220.819999993386
00bbac68_7227,12220.839999993384
00bbac68_7228,12220.849999993383
00bbac68_7229,12220.869999993383
00bbac68_7230,12220.889999993382
00bbac68_7231,12220.89999999338
00bbac68_7232,12220.919999993379
00bbac68_7233,12220.929999993377
00bbac68_7234,12220.949999993376
00bbac68_7235,12220.959999993376
00bbac68_7236,12220.979999993375
00bbac68_7237,12220.989999993373
00bbac68_7238,12221.009999993372
00bbac68_7239,12221.01999999337
00bbac68_7240,12221.039999993369
00bbac68_7241,12221.05999999337
00bbac68_7242,12221.069999993368
00bbac68_7243,12221.089999993366
00bbac68_7244,12221.099999993365
00bbac68_7245,12221.119999993363
00bbac68_7246,12221.129999993364
00bbac68_7247,12221.149999993362
00bbac68_7248,12221.16999999336
00bbac68_7249,12221.17999999336
00bbac68_7250,12221.199999993358
00bbac68_7251,12221.209999993356
00bbac68_7252,12221.229999993357
00bbac68_7253,12221.249999993355
00bbac68_7254,12221.259999993354
00bbac68_7255,12221.279999993352
00bbac68_7256,12221.29999999335
00bbac68_7257,12221.30999999335
00bbac68_7258,12221.329999993348
00bbac68_7259,12221.349999993348
00bbac68_7260,12221.359999993347
00bbac68_7261,12221.379999993345
00bbac68_7262,12221.399999993344
00bbac68_7263,12221.409999993342
00bbac68_7264,12221.429999993341
00bbac68_7265,12221.449999993341
00bbac68_7266,12221.45999999334
00bbac68_7267,12221.479999993338
00bbac68_7268,12221.499999993337
00bbac68_7269,12221.509999993335
00bbac68_7270,12221.529999993334
00bbac68_7271,12221.549999993334
00bbac68_7272,12221.559999993333
00bbac68_7273,12221.579999993332
00bbac68_7274,12221.59999999333
00bbac68_7275,12221.619999993329
00bbac68_7276,12221.629999993327
00bbac68_7277,12221.649999993326
00bbac68_7278,12221.669999993326
00bbac68_7279,12221.679999993325
00bbac68_7280,12221.699999993323
00bbac68_7281,12221.719999993322
00bbac68_7282,12221.72999999332
00bbac68_7283,12221.749999993319
00bbac68_7284,12221.76999999332
00bbac68_7285,12221.779999993318
00bbac68_7286,12221.799999993316
00bbac68_7287,12221.819999993315
00bbac68_7288,12221.829999993313
00bbac68_7289,12221.849999993312
00bbac68_7290,12221.869999993312
00bbac68_7291,12221.889999993311
00bbac68_7292,12221.89999999331
00bbac68_7293,12221.919999993308
00bbac68_7294,12221.939999993307
00bbac68_7295,12221.949999993305
00bbac68_7296,12221.969999993304
00bbac68_7297,12221.989999993304
00bbac68_7298,12221.999999993302
00bbac68_7299,12222.019999993301
00bbac68_7300,12222.0399999933
00bbac68_7301,12222.049999993298
00bbac68_7302,12222.069999993297
00bbac68_7303,12222.089999993297
00bbac68_7304,12222.109999993296
00bbac68_7305,12222.119999993294
00bbac68_7306,12222.139999993293
00bbac68_7307,12222.159999993291
00bbac68_7308,12222.16999999329
00bbac68_7309,12222.18999999329
00bbac68_7310,12222.209999993289
00bbac68_7311,12222.219999993287
00bbac68_7312,12222.239999993286
00bbac68_7313,12222.259999993285
00bbac68_7314,12222.269999993283
00bbac68_7315,12222.289999993282
00bbac68_7316,12222.309999993282
00bbac68_7317,12222.32999999328
00bbac68_7318,12222.339999993279
00bbac68_7319,12222.359999993278
00bbac68_7320,12222.379999993276
00bbac68_7321,12222.389999993275
00bbac68_7322,12222.409999993275
00bbac68_7323,12222.429999993274
00bbac68_7324,12222.439999993272
00bbac68_7325,12222.45999999327
00bbac68_7326,12222.47999999327
00bbac68_7327,12222.489999993268
00bbac68_7328,12222.509999993268
00bbac68_7329,12222.529999993267
00bbac68_7330,12222.549999993265
00bbac68_7331,12222.559999993264
00bbac68_7332,12222.579999993262
00bbac68_7333,12222.599999993261
00bbac68_7334,12222.60999999326
00bbac68_7335,12222.62999999326
00bbac68_7336,12222.649999993258
00bbac68_7337,12222.659999993257
00bbac68_7338,12222.679999993255
00bbac68_7339,12222.699999993254
00bbac68_7340,12222.709999993252
00bbac68_7341,12222.729999993253
00bbac68_7342,12222.749999993252
00bbac68_7343,12222.75999999325
00bbac68_7344,12222.779999993249
00bbac68_7345,12222.799999993247
00bbac68_7346,12222.819999993246
00bbac68_7347,12222.829999993246
00bbac68_7348,12222.849999993245
00bbac68_7349,12222.869999993243
00bbac68_7350,12222.879999993242
00bbac68_7351,12222.89999999324
00bbac68_7352,12222.919999993239
00bbac68_7353,12222.929999993237
00bbac68_7354,12222.949999993238
00bbac68_7355,12222.969999993236
00bbac68_7356,12222.979999993235
00bbac68_7357,12222.999999993233
00bbac68_7358,12223.019999993232
00bbac68_7359,12223.03999999323
00bbac68_7360,12223.04999999323
00bbac68_7361,12223.06999999323
00bbac68_7362,12223.089999993228
00bbac68_7363,12223.099999993226
00bbac68_7364,12223.119999993225
00bbac68_7365,12223.139999993224
00bbac68_7366,12223.149999993224
00bbac68_7367,12223.169999993223
00bbac68_7368,12223.189999993221
00bbac68_7369,12223.20999999322
00bbac68_7370,12223.219999993218
00bbac68_7371,12223.239999993217
00bbac68_7372,12223.259999993215
00bbac68_7373,12223.269999993216
00bbac68_7374,12223.289999993214
00bbac68_7375,12223.309999993213
00bbac68_7376,12223.329999993211
00bbac68_7377,12223.33999999321
00bbac68_7378,12223.359999993208
00bbac68_7379,12223.379999993207
00bbac68_7380,12223.399999993208
00bbac68_7381,12223.409999993206
00bbac68_7382,12223.429999993205
00bbac68_7383,12223.449999993203
00bbac68_7384,12223.469999993202
00bbac68_7385,12223.4799999932
00bbac68_7386,12223.4999999932
00bbac68_7387,12223.5199999932
00bbac68_7388,12223.539999993198
00bbac68_7389,12223.559999993196
00bbac68_7390,12223.569999993195
00bbac68_7391,12223.589999993193
00bbac68_7392,12223.609999993192
00bbac68_7393,12223.62999999319
00bbac68_7394,12223.649999993191
00bbac68_7395,12223.65999999319
00bbac68_7396,12223.679999993188
00bbac68_7397,12223.699999993187
00bbac68_7398,12223.719999993185
00bbac68_7399,12223.739999993184
00bbac68_7400,12223.749999993184
00bbac68_7401,12223.769999993183
00bbac68_7402,12223.789999993181
00bbac68_7403,12223.80999999318
00bbac68_7404,12223.829999993179
00bbac68_7405,12223.849999993177
00bbac68_7406,12223.859999993176
00bbac68_7407,12223.879999993176
00bbac68_7408,12223.899999993175
00bbac68_7409,12223.919999993173
00bbac68_7410,12223.939999993172
00bbac68_7411,12223.95999999317
00bbac68_7412,12223.97999999317
00bbac68_7413,12223.989999993168
00bbac68_7414,12224.009999993166
00bbac68_7415,12224.029999993167
00bbac68_7416,12224.049999993165
00bbac68_7417,12224.069999993164
00bbac68_7418,12224.089999993163
00bbac68_7419,12224.109999993161
00bbac68_7420,12224.12999999316
00bbac68_7421,12224.139999993158
00bbac68_7422,12224.159999993159
00bbac68_7423,12224.179999993157
00bbac68_7424,12224.199999993156
00bbac68_7425,12224.219999993154
00bbac68_7426,12224.239999993153
00bbac68_7427,12224.259999993152
00bbac68_7428,12224.27999999315
00bbac68_7429,12224.299999993149
00bbac68_7430,12224.31999999315
00bbac68_7431,12224.329999993148
00bbac68_7432,12224.349999993146
00bbac68_7433,12224.369999993145
00bbac68_7434,12224.389999993144
00bbac68_7435,12224.409999993142
00bbac68_7436,12224.42999999314
00bbac68_7437,12224.44999999314
00bbac68_7438,12224.46999999314
00bbac68_7439,12224.489999993139
00bbac68_7440,12224.509999993137
00bbac68_7441,12224.529999993136
00bbac68_7442,12224.549999993134
00bbac68_7443,12224.569999993133
00bbac68_7444,12224.589999993132
00bbac68_7445,12224.60999999313
00bbac68_7446,12224.62999999313
00bbac68_7447,12224.64999999313
00bbac68_7448,12224.669999993128
00bbac68_7449,12224.689999993127
00bbac68_7450,12224.709999993125
00bbac68_7451,12224.729999993124
00bbac68_7452,12224.749999993122
00bbac68_7453,12224.769999993121
00bbac68_7454,12224.789999993121
00bbac68_7455,12224.80999999312
00bbac68_7456,12224.829999993119
00bbac68_7457,12224.849999993117
00bbac68_7458,12224.869999993116
00bbac68_7459,12224.889999993115
00bbac68_7460,12224.909999993113
00bbac68_7461,12224.929999993112
00bbac68_7462,12224.94999999311
00bbac68_7463,12224.96999999311
00bbac68_7464,12224.98999999311
00bbac68_7465,12225.009999993108
00bbac68_7466,12225.029999993107
00bbac68_7467,12225.059999993106
00bbac68_7468,12225.079999993104
00bbac68_7469,12225.099999993103
00bbac68_7470,12225.119999993101
00bbac68_7471,12225.1399999931
00bbac68_7472,12225.1599999931
00bbac68_7473,12225.1899999931
00bbac68_7474,12225.209999993098
00bbac68_7475,12225.229999993096
00bbac68_7476,12225.249999993095
00bbac68_7477,12225.269999993094
00bbac68_7478,12225.299999993093
00bbac68_7479,12225.319999993091
00bbac68_7480,12225.33999999309
00bbac68_7481,12225.369999993089
00bbac68_7482,12225.389999993087
00bbac68_7483,12225.409999993088
00bbac68_7484,12225.439999993087
00bbac68_7485,12225.459999993085
00bbac68_7486,12225.479999993084
00bbac68_7487,12225.509999993083
00bbac68_7488,12225.529999993081
00bbac68_7489,12225.54999999308
00bbac68_7490,12225.579999993079
00bbac68_7491,12225.599999993077
00bbac68_7492,12225.629999993076
00bbac68_7493,12225.649999993075
00bbac68_7494,12225.669999993073
00bbac68_7495,12225.699999993072
00bbac68_7496,12225.71999999307
00bbac68_7497,12225.74999999307
00bbac68_7498,12225.76999999307
00bbac68_7499,12225.799999993069
00bbac68_7500,12225.819999993068
00bbac68_7501,12225.849999993066
00bbac68_7502,12225.869999993065
00bbac68_7503,12225.899999993064
00bbac68_7504,12225.919999993062
00bbac68_7505,12225.949999993061
00bbac68_7506,12225.96999999306
00bbac68_7507,12225.999999993059
00bbac68_7508,12226.029999993058
00bbac68_7509,12226.049999993056
00bbac68_7510,12226.079999993055
00bbac68_7511,12226.109999993054
00bbac68_7512,12226.129999993052
00bbac68_7513,12226.159999993051
00bbac68_7514,12226.17999999305
00bbac68_7515,12226.209999993049
00bbac68_7516,12226.239999993048
00bbac68_7517,12226.269999993046
00bbac68_7518,12226.289999993047
00bbac68_7519,12226.319999993046
00bbac68_7520,12226.349999993045
00bbac68_7521,12226.369999993043
00bbac68_7522,12226.399999993042
00bbac68_7523,12226.42999999304
00bbac68_7524,12226.45999999304
00bbac68_7525,12226.479999993038
00bbac68_7526,12226.509999993037
00bbac68_7527,12226.539999993036
00bbac68_7528,12226.569999993035
00bbac68_7529,12226.599999993034
00bbac68_7530,12226.629999993032
00bbac68_7531,12226.649999993031
00bbac68_7532,12226.67999999303
00bbac68_7533,12226.709999993029
00bbac68_7534,12226.739999993028
00bbac68_7535,12226.769999993026
00bbac68_7536,12226.799999993025
00bbac68_7537,12226.829999993024
00bbac68_7538,12226.859999993023
00bbac68_7539,12226.889999993022
00bbac68_7540,12226.91999999302
00bbac68_7541,12226.94999999302
00bbac68_7542,12226.979999993018
00bbac68_7543,12227.009999993017
00bbac68_7544,12227.039999993016
00bbac68_7545,12227.069999993015
00bbac68_7546,12227.099999993014
00bbac68_7547,12227.129999993012
00bbac68_7548,12227.159999993011
00bbac68_7549,12227.18999999301
00bbac68_7550,12227.219999993009
00bbac68_7551,12227.249999993008
00bbac68_7552,12227.279999993007
00bbac68_7553,12227.309999993005
00bbac68_7554,12227.339999993004
00bbac68_7555,12227.369999993003
00bbac68_7556,12227.399999993002
00bbac68_7557,12227.429999993
00bbac68_7558,12227.459999993
00e12e8b_2083,11604.850000000002
00e12e8b_2084,11604.890000000005
00e12e8b_2085,11604.930000000008
00e12e8b_2086,11604.960000000008
00e12e8b_2087,11605.000000000011
00e12e8b_2088,11605.040000000012
00e12e8b_2089,11605.070000000014
00e12e8b_2090,11605.110000000015
00e12e8b_2091,11605.150000000016
00e12e8b_2092,11605.180000000018
00e12e8b_2093,11605.22000000002
00e12e8b_2094,11605.260000000022
00e12e8b_2095,11605.290000000023
00e12e8b_2096,11605.330000000025
00e12e8b_2097,11605.360000000026
00e12e8b_2098,11605.400000000029
00e12e8b_2099,11605.440000000031
00e12e8b_2100,11605.470000000034
00e12e8b_2101,11605.510000000035
00e12e8b_2102,11605.540000000037
00e12e8b_2103,11605.580000000038
00e12e8b_2104,11605.62000000004
00e12e8b_2105,11605.650000000041
00e12e8b_2106,11605.690000000044
00e12e8b_2107,11605.720000000045
00e12e8b_2108,11605.760000000048
00e12e8b_2109,11605.790000000048
00e12e8b_2110,11605.83000000005
00e12e8b_2111,11605.870000000054
00e12e8b_2112,11605.900000000054
00e12e8b_2113,11605.940000000057
00e12e8b_2114,11605.970000000058
00e12e8b_2115,11606.01000000006
00e12e8b_2116,11606.04000000006
00e12e8b_2117,11606.080000000064
00e12e8b_2118,11606.110000000066
00e12e8b_2119,11606.150000000067
00e12e8b_2120,11606.18000000007
00e12e8b_2121,11606.22000000007
00e12e8b_2122,11606.250000000073
00e12e8b_2123,11606.290000000074
00e12e8b_2124,11606.320000000076
00e12e8b_2125,11606.360000000077
00e12e8b_2126,11606.39000000008
00e12e8b_2127,11606.43000000008
00e12e8b_2128,11606.460000000083
00e12e8b_2129,11606.490000000085
00e12e8b_2130,11606.530000000086
00e12e8b_2131,11606.560000000089
00e12e8b_2132,11606.60000000009
00e12e8b_2133,11606.630000000092
00e12e8b_2134,11606.670000000093
00e12e8b_2135,11606.700000000095
00e12e8b_2136,11606.730000000098
00e12e8b_2137,11606.770000000099
00e12e8b_2138,11606.800000000101
00e12e8b_2139,11606.840000000102
00e12e8b_2140,11606.870000000104
00e12e8b_2141,11606.900000000107
00e12e8b_2142,11606.940000000108
00e12e8b_2143,11606.97000000011
00e12e8b_2144,11607.010000000111
00e12e8b_2145,11607.040000000114
00e12e8b_2146,11607.070000000114
00e12e8b_2147,11607.110000000117
00e12e8b_2148,11607.14000000012
00e12e8b_2149,11607.170000000122
00e12e8b_2150,11607.210000000123
00e12e8b_2151,11607.240000000125
00e12e8b_2152,11607.270000000126
00e12e8b_2153,11607.310000000129
00e12e8b_2154,11607.34000000013
00e12e8b_2155,11607.37000000013
00e12e8b_2156,11607.400000000132
00e12e8b_2157,11607.440000000133
00e12e8b_2158,11607.470000000136
00e12e8b_2159,11607.500000000138
00e12e8b_2160,11607.53000000014
00e12e8b_2161,11607.570000000142
00e12e8b_2162,11607.600000000144
00e12e8b_2163,11607.630000000147
00e12e8b_2164,11607.660000000147
00e12e8b_2165,11607.690000000148
00e12e8b_2166,11607.73000000015
00e12e8b_2167,11607.760000000151
00e12e8b_2168,11607.790000000154
00e12e8b_2169,11607.820000000156
00e12e8b_2170,11607.850000000159
00e12e8b_2171,11607.880000000161
00e12e8b_2172,11607.910000000162
00e12e8b_2173,11607.940000000162
00e12e8b_2174,11607.980000000165
00e12e8b_2175,11608.010000000166
00e12e8b_2176,11608.040000000168
00e12e8b_2177,11608.07000000017
00e12e8b_2178,11608.100000000171
00e12e8b_2179,11608.130000000176
00e12e8b_2180,11608.160000000176
00e12e8b_2181,11608.190000000177
00e12e8b_2182,11608.22000000018
00e12e8b_2183,11608.250000000182
00e12e8b_2184,11608.280000000183
00e12e8b_2185,11608.310000000183
00e12e8b_2186,11608.340000000186
00e12e8b_2187,11608.370000000188
00e12e8b_2188,11608.40000000019
00e12e8b_2189,11608.430000000193
00e12e8b_2190,11608.460000000194
00e12e8b_2191,11608.480000000196
00e12e8b_2192,11608.510000000197
00e12e8b_2193,11608.540000000197
00e12e8b_2194,11608.5700000002
00e12e8b_2195,11608.600000000202
00e12e8b_2196,11608.630000000205
00e12e8b_2197,11608.660000000207
00e12e8b_2198,11608.690000000208
00e12e8b_2199,11608.71000000021
00e12e8b_2200,11608.74000000021
00e12e8b_2201,11608.770000000211
00e12e8b_2202,11608.800000000216
00e12e8b_2203,11608.830000000216
00e12e8b_2204,11608.850000000219
00e12e8b_2205,11608.88000000022
00e12e8b_2206,11608.910000000222
00e12e8b_2207,11608.940000000224
00e12e8b_2208,11608.960000000227
00e12e8b_2209,11608.990000000227
00e12e8b_2210,11609.02000000023
00e12e8b_2211,11609.050000000232
00e12e8b_2212,11609.070000000233
00e12e8b_2213,11609.100000000235
00e12e8b_2214,11609.130000000236
00e12e8b_2215,11609.150000000238
00e12e8b_2216,11609.18000000024
00e12e8b_2217,11609.210000000243
00e12e8b_2218,11609.230000000243
00e12e8b_2219,11609.260000000246
00e12e8b_2220,11609.290000000246
00e12e8b_2221,11609.310000000249
00e12e8b_2222,11609.340000000251
00e12e8b_2223,11609.360000000252
00e12e8b_2224,11609.390000000254
00e12e8b_2225,11609.420000000257
00e12e8b_2226,11609.440000000257
00e12e8b_2227,11609.47000000026
00e12e8b_2228,11609.490000000262
00e12e8b_2229,11609.520000000262
00e12e8b_2230,11609.540000000265
00e12e8b_2231,11609.570000000265
00e12e8b_2232,11609.590000000268
00e12e8b_2233,11609.620000000272
00e12e8b_2234,11609.640000000272
00e12e8b_2235,11609.670000000275
00e12e8b_2236,11609.690000000275
00e12e8b_2237,11609.720000000278
00e12e8b_2238,11609.74000000028
00e12e8b_2239,11609.760000000282
00e12e8b_2240,11609.790000000283
00e12e8b_2241,11609.810000000285
00e12e8b_2242,11609.840000000286
00e12e8b_2243,11609.860000000288
00e12e8b_2244,11609.88000000029
00e12e8b_2245,11609.91000000029
00e12e8b_2246,11609.930000000293
00e12e8b_2247,11609.960000000294
00e12e8b_2248,11609.980000000296
00e12e8b_2249,11610.000000000298
00e12e8b_2250,11610.0300000003
00e12e8b_2251,11610.050000000301
00e12e8b_2252,11610.070000000303
00e12e8b_2253,11610.100000000304
00e12e8b_2254,11610.120000000308
00e12e8b_2255,11610.140000000309
00e12e8b_2256,11610.170000000311
00e12e8b_2257,11610.190000000312
00e12e8b_2258,11610.210000000316
00e12e8b_2259,11610.240000000318
00e12e8b_2260,11610.260000000319
00e12e8b_2261,11610.280000000319
00e12e8b_2262,11610.300000000321
00e12e8b_2263,11610.330000000322
00e12e8b_2264,11610.350000000326
00e12e8b_2265,11610.370000000326
00e12e8b_2266,11610.390000000329
00e12e8b_2267,11610.42000000033
00e12e8b_2268,11610.440000000333
00e12e8b_2269,11610.460000000334
00e12e8b_2270,11610.480000000336
00e12e8b_2271,11610.510000000337
00e12e8b_2272,11610.530000000339
00e12e8b_2273,11610.550000000341
00e12e8b_2274,11610.570000000343
00e12e8b_2275,11610.600000000344
00e12e8b_2276,11610.620000000346
00e12e8b_2277,11610.640000000349
00e12e8b_2278,11610.660000000351
00e12e8b_2279,11610.680000000353
00e12e8b_2280,11610.710000000354
00e12e8b_2281,11610.730000000356
00e12e8b_2282,11610.750000000358
00e12e8b_2283,11610.77000000036
00e12e8b_2284,11610.790000000361
00e12e8b_2285,11610.810000000361
00e12e8b_2286,11610.830000000366
00e12e8b_2287,11610.860000000368
00e12e8b_2288,11610.880000000368
00e12e8b_2289,11610.900000000369
00e12e8b_2290,11610.920000000371
00e12e8b_2291,11610.940000000373
00e12e8b_2292,11610.960000000376
00e12e8b_2293,11610.980000000378
00e12e8b_2294,11611.000000000378
00e12e8b_2295,11611.03000000038
00e12e8b_2296,11611.050000000383
00e12e8b_2297,11611.070000000385
00e12e8b_2298,11611.090000000386
00e12e8b_2299,11611.110000000386
00e12e8b_2300,11611.13000000039
00e12e8b_2301,11611.15000000039
00e12e8b_2302,11611.170000000393
00e12e8b_2303,11611.190000000395
00e12e8b_2304,11611.210000000397
00e12e8b_2305,11611.2300000004
00e12e8b_2306,11611.2500000004
00e12e8b_2307,11611.2700000004
00e12e8b_2308,11611.290000000405
00e12e8b_2309,11611.310000000405
00e12e8b_2310,11611.330000000407
00e12e8b_2311,11611.35000000041
00e12e8b_2312,11611.370000000412
00e12e8b_2313,11611.390000000414
00e12e8b_2314,11611.410000000415
00e12e8b_2315,11611.430000000415
00e12e8b_2316,11611.450000000417
00e12e8b_2317,11611.47000000042
00e12e8b_2318,11611.490000000422
00e12e8b_2319,11611.510000000424
00e12e8b_2320,11611.530000000424
00e12e8b_2321,11611.550000000429
00e12e8b_2322,11611.570000000429
00e12e8b_2323,11611.59000000043
00e12e8b_2324,11611.610000000432
00e12e8b_2325,11611.630000000434
00e12e8b_2326,11611.650000000436
00e12e8b_2327,11611.660000000436
00e12e8b_2328,11611.680000000439
00e12e8b_2329,11611.700000000441
00e12e8b_2330,11611.720000000443
00e12e8b_2331,11611.740000000445
00e12e8b_2332,11611.760000000446
00e12e8b_2333,11611.78000000045
00e12e8b_2334,11611.80000000045
00e12e8b_2335,11611.810000000452
00e12e8b_2336,11611.830000000455
00e12e8b_2337,11611.850000000457
00e12e8b_2338,11611.870000000457
00e12e8b_2339,11611.890000000458
00e12e8b_2340,11611.91000000046
00e12e8b_2341,11611.920000000464
00e12e8b_2342,11611.940000000464
00e12e8b_2343,11611.960000000465
00e12e8b_2344,11611.980000000469
00e12e8b_2345,11612.00000000047
00e12e8b_2346,11612.010000000471
00e12e8b_2347,11612.030000000472
00e12e8b_2348,11612.050000000476
00e12e8b_2349,11612.060000000478
00e12e8b_2350,11612.080000000478
00e12e8b_2351,11612.100000000479
00e12e8b_2352,11612.120000000483
00e12e8b_2353,11612.130000000485
00e12e8b_2354,11612.150000000485
00e12e8b_2355,11612.160000000487
00e12e8b_2356,11612.18000000049
00e12e8b_2357,11612.200000000492
00e12e8b_2358,11612.210000000494
00e12e8b_2359,11612.230000000494
00e12e8b_2360,11612.250000000497
00e12e8b_2361,11612.260000000497
00e12e8b_2362,11612.2800000005
00e12e8b_2363,11612.290000000503
00e12e8b_2364,11612.310000000503
00e12e8b_2365,11612.320000000505
00e12e8b_2366,11612.340000000508
00e12e8b_2367,11612.350000000508
00e12e8b_2368,11612.37000000051
00e12e8b_2369,11612.380000000514
00e12e8b_2370,11612.400000000514
00e12e8b_2371,11612.410000000516
00e12e8b_2372,11612.430000000519
00e12e8b_2373,11612.440000000519
00e12e8b_2374,11612.460000000521
00e12e8b_2375,11612.470000000525
00e12e8b_2376,11612.480000000525
00e12e8b_2377,11612.500000000528
00e12e8b_2378,11612.51000000053
00e12e8b_2379,11612.520000000532
00e12e8b_2380,11612.540000000532
00e12e8b_2381,11612.550000000534
00e12e8b_2382,11612.570000000536
00e12e8b_2383,11612.580000000537
00e12e8b_2384,11612.590000000539
00e12e8b_2385,11612.60000000054
00e12e8b_2386,11612.620000000543
00e12e8b_2387,11612.630000000543
00e12e8b_2388,11612.640000000547
00e12e8b_2389,11612.66000000055
00e12e8b_2390,11612.67000000055
00e12e8b_2391,11612.680000000553
00e12e8b_2392,11612.690000000553
00e12e8b_2393,11612.700000000554
00e12e8b_2394,11612.720000000558
00e12e8b_2395,11612.73000000056
00e12e8b_2396,11612.74000000056
00e12e8b_2397,11612.750000000564
00e12e8b_2398,11612.760000000564
00e12e8b_2399,11612.770000000564
00e12e8b_2400,11612.790000000568
00e12e8b_2401,11612.80000000057
00e12e8b_2402,11612.81000000057
00e12e8b_2403,11612.820000000575
00e12e8b_2404,11612.830000000575
00e12e8b_2405,11612.840000000579
00e12e8b_2406,11612.850000000579
00e12e8b_2407,11612.860000000579
00e12e8b_2408,11612.870000000583
00e12e8b_2409,11612.880000000583
00e12e8b_2410,11612.890000000585
00e12e8b_2411,11612.900000000587
00e12e8b_2412,11612.91000000059
00e12e8b_2413,11612.920000000591
00e12e8b_2414,11612.930000000593
00e12e8b_2415,11612.940000000595
00e12e8b_2416,11612.950000000596
00e12e8b_2417,11612.9600000006
00e12e8b_2418,11612.9700000006
00e12e8b_2419,11612.980000000603
00e12e8b_2420,11612.990000000604
00e12e8b_2421,11613.000000000604
00e12e8b_2422,11613.010000000608
00e12e8b_2423,11613.01000000061
00e12e8b_2424,11613.02000000061
00e12e8b_2425,11613.030000000614
00e12e8b_2426,11613.040000000614
00e12e8b_2427,11613.050000000618
00e12e8b_2428,11613.060000000618
00e12e8b_2429,11613.06000000062
00e12e8b_2430,11613.070000000622
00e12e8b_2431,11613.080000000624
00e12e8b_2432,11613.090000000624
00e12e8b_2433,11613.100000000628
00e12e8b_2434,11613.100000000628
00e12e8b_2435,11613.11000000063
00e12e8b_2436,11613.120000000632
00e12e8b_2437,11613.120000000636
00e12e8b_2438,11613.130000000636
00e12e8b_2439,11613.140000000636
00e12e8b_2440,11613.15000000064
00e12e8b_2441,11613.150000000642
00e12e8b_2442,11613.160000000642
00e12e8b_2443,11613.160000000644
00e12e8b_2444,11613.170000000646
00e12e8b_2445,11613.180000000648
00e12e8b_2446,11613.18000000065
00e12e8b_2447,11613.19000000065
00e12e8b_2448,11613.200000000654
00e12e8b_2449,11613.200000000656
00e12e8b_2450,11613.210000000658
00e12e8b_2451,11613.210000000658
00e12e8b_2452,11613.220000000661
00e12e8b_2453,11613.220000000663
00e12e8b_2454,11613.230000000663
00e12e8b_2455,11613.230000000665
00e12e8b_2456,11613.240000000667
00e12e8b_2457,11613.240000000671
00e12e8b_2458,11613.250000000671
00e12e8b_2459,11613.250000000673
00e12e8b_2460,11613.260000000675
00e12e8b_2461,11613.260000000675
00e12e8b_2462,11613.270000000679
00e12e8b_2463,11613.27000000068
00e12e8b_2464,11613.280000000683
00e12e8b_2465,11613.280000000683
00e12e8b_2466,11613.280000000686
00e12e8b_2467,11613.290000000688
00e12e8b_2468,11613.290000000688
00e12e8b_2469,11613.30000000069
00e12e8b_2470,11613.300000000692
00e12e8b_2471,11613.300000000694
00e12e8b_2472,11613.310000000696
00e12e8b_2473,11613.3100000007
00e12e8b_2474,11613.3100000007
00e12e8b_2475,11613.3100000007
00e12e8b_2476,11613.320000000704
00e12e8b_2477,11613.320000000705
00e12e8b_2478,11613.320000000707
00e12e8b_2479,11613.330000000708
00e12e8b_2480,11613.330000000711
00e12e8b_2481,11613.330000000711
00e12e8b_2482,11613.330000000715
00e12e8b_2483,11613.330000000715
00e12e8b_2484,11613.340000000717
00e12e8b_2485,11613.34000000072
00e12e8b_2486,11613.34000000072
00e12e8b_2487,11613.340000000724
00e12e8b_2488,11613.340000000724
00e12e8b_2489,11613.350000000726
00e12e8b_2490,11613.350000000728
00e12e8b_2491,11613.35000000073
00e12e8b_2492,11613.350000000732
00e12e8b_2493,11613.350000000733
00e12e8b_2494,11613.350000000735
00e12e8b_2495,11613.350000000737
00e12e8b_2496,11613.350000000739
00e12e8b_2497,11613.35000000074
00e12e8b_2498,11613.350000000743
00e12e8b_2499,11613.350000000744
00e12e8b_2500,11613.350000000746
00e12e8b_2501,11613.350000000748
00e12e8b_2502,11613.36000000075
00e12e8b_2503,11613.36000000075
00e12e8b_2504,11613.350000000753
00e12e8b_2505,11613.350000000755
00e12e8b_2506,11613.350000000757
00e12e8b_2507,11613.350000000759
00e12e8b_2508,11613.35000000076
00e12e8b_2509,11613.350000000763
00e12e8b_2510,11613.350000000764
00e12e8b_2511,11613.350000000766
00e12e8b_2512,11613.350000000768
00e12e8b_2513,11613.35000000077
00e12e8b_2514,11613.350000000772
00e12e8b_2515,11613.350000000773
00e12e8b_2516,11613.340000000775
00e12e8b_2517,11613.340000000775
00e12e8b_2518,11613.340000000779
00e12e8b_2519,11613.340000000779
00e12e8b_2520,11613.340000000782
00e12e8b_2521,11613.340000000782
00e12e8b_2522,11613.330000000786
00e12e8b_2523,11613.330000000788
00e12e8b_2524,11613.33000000079
00e12e8b_2525,11613.330000000791
00e12e8b_2526,11613.320000000793
00e12e8b_2527,11613.320000000793
00e12e8b_2528,11613.320000000796
00e12e8b_2529,11613.320000000796
00e12e8b_2530,11613.3100000008
00e12e8b_2531,11613.310000000802
00e12e8b_2532,11613.310000000803
00e12e8b_2533,11613.310000000805
00e12e8b_2534,11613.310000000807
00e12e8b_2535,11613.300000000807
00e12e8b_2536,11613.30000000081
00e12e8b_2537,11613.30000000081
00e12e8b_2538,11613.300000000814
00e12e8b_2539,11613.300000000814
00e12e8b_2540,11613.290000000818
00e12e8b_2541,11613.29000000082
00e12e8b_2542,11613.290000000821
00e12e8b_2543,11613.290000000823
00e12e8b_2544,11613.290000000825
00e12e8b_2545,11613.290000000827
00e12e8b_2546,11613.290000000829
00e12e8b_2547,11613.280000000828
00e12e8b_2548,11613.280000000832
00e12e8b_2549,11613.280000000832
00e12e8b_2550,11613.280000000836
00e12e8b_2551,11613.280000000836
00e12e8b_2552,11613.28000000084
00e12e8b_2553,11613.28000000084
00e12e8b_2554,11613.280000000843
00e12e8b_2555,11613.280000000843
00e12e8b_2556,11613.280000000846
00e12e8b_2557,11613.270000000848
00e12e8b_2558,11613.27000000085
00e12e8b_2559,11613.270000000852
00e12e8b_2560,11613.270000000854
00e12e8b_2561,11613.270000000855
00e12e8b_2562,11613.270000000857
00e12e8b_2563,11613.270000000859
00e12e8b_2564,11613.27000000086
00e12e8b_2565,11613.270000000863
00e12e8b_2566,11613.270000000864
00e12e8b_2567,11613.270000000866
00e12e8b_2568,11613.270000000868
00e12e8b_2569,11613.27000000087
00e12e8b_2570,11613.270000000872
00e12e8b_2571,11613.270000000874
00e12e8b_2572,11613.270000000875
00e12e8b_2573,11613.270000000877
00e12e8b_2574,11613.270000000877
00e12e8b_2575,11613.27000000088
00e12e8b_2576,11613.27000000088
00e12e8b_2577,11613.270000000884
00e12e8b_2578,11613.270000000884
00e12e8b_2579,11613.280000000887
00e12e8b_2580,11613.280000000888
00e12e8b_2581,11613.28000000089
00e12e8b_2582,11613.280000000892
00e12e8b_2583,11613.280000000894
00e12e8b_2584,11613.280000000896
00e12e8b_2585,11613.280000000897
00e12e8b_2586,11613.2800000009
00e12e8b_2587,11613.280000000901
00e12e8b_2588,11613.280000000903
00e12e8b_2589,11613.290000000903
00e12e8b_2590,11613.290000000907
00e12e8b_2591,11613.290000000907
00e12e8b_2592,11613.29000000091
00e12e8b_2593,11613.29000000091
00e12e8b_2594,11613.290000000914
00e12e8b_2595,11613.300000000916
00e12e8b_2596,11613.300000000918
00e12e8b_2597,11613.30000000092
00e12e8b_2598,11613.300000000922
00e12e8b_2599,11613.300000000923
00e12e8b_2600,11613.300000000925
00e12e8b_2601,11613.310000000925
00e12e8b_2602,11613.310000000927
00e12e8b_2603,11613.310000000929
00e12e8b_2604,11613.31000000093
00e12e8b_2605,11613.320000000935
00e12e8b_2606,11613.320000000935
00e12e8b_2607,11613.320000000938
00e12e8b_2608,11613.320000000938
00e12e8b_2609,11613.33000000094
00e12e8b_2610,11613.330000000942
00e12e8b_2611,11613.330000000944
00e12e8b_2612,11613.330000000946
00e12e8b_2613,11613.340000000946
00e12e8b_2614,11613.34000000095
00e12e8b_2615,11613.34000000095
00e12e8b_2616,11613.350000000954
00e12e8b_2617,11613.350000000955
00e12e8b_2618,11613.350000000957
00e12e8b_2619,11613.350000000959
00e12e8b_2620,11613.36000000096
00e12e8b_2621,11613.360000000961
00e12e8b_2622,11613.360000000963
00e12e8b_2623,11613.370000000967
00e12e8b_2624,11613.370000000967
00e12e8b_2625,11613.37000000097
00e12e8b_2626,11613.38000000097
00e12e8b_2627,11613.380000000972
00e12e8b_2628,11613.380000000974
00e12e8b_2629,11613.380000000976
00e12e8b_2630,11613.390000000978
00e12e8b_2631,11613.390000000978
00e12e8b_2632,11613.390000000982
00e12e8b_2633,11613.390000000982
00e12e8b_2634,11613.400000000986
00e12e8b_2635,11613.400000000987
00e12e8b_2636,11613.40000000099
00e12e8b_2637,11613.400000000991
00e12e8b_2638,11613.400000000993
00e12e8b_2639,11613.400000000995
00e12e8b_2640,11613.400000000996
00e12e8b_2641,11613.410000000997
00e12e8b_2642,11613.410000000998
00e12e8b_2643,11613.410000001
00e12e8b_2644,11613.410000001002
00e12e8b_2645,11613.410000001004
00e12e8b_2646,11613.410000001006
00e12e8b_2647,11613.410000001008
00e12e8b_2648,11613.41000000101
00e12e8b_2649,11613.410000001011
00e12e8b_2650,11613.410000001013
00e12e8b_2651,11613.410000001015
00e12e8b_2652,11613.410000001017
00e12e8b_2653,11613.410000001018
00e12e8b_2654,11613.41000000102
00e12e8b_2655,11613.410000001022
00e12e8b_2656,11613.410000001024
00e12e8b_2657,11613.410000001026
00e12e8b_2658,11613.410000001028
00e12e8b_2659,11613.400000001031
00e12e8b_2660,11613.400000001031
00e12e8b_2661,11613.400000001035
00e12e8b_2662,11613.400000001035
00e12e8b_2663,11613.400000001038
00e12e8b_2664,11613.400000001038
00e12e8b_2665,11613.400000001042
00e12e8b_2666,11613.390000001042
00e12e8b_2667,11613.390000001044
00e12e8b_2668,11613.390000001045
00e12e8b_2669,11613.390000001047
00e12e8b_2670,11613.380000001049
00e12e8b_2671,11613.380000001052
00e12e8b_2672,11613.380000001052
00e12e8b_2673,11613.380000001056
00e12e8b_2674,11613.370000001056
00e12e8b_2675,11613.370000001058
00e12e8b_2676,11613.37000000106
00e12e8b_2677,11613.370000001061
00e12e8b_2678,11613.360000001063
00e12e8b_2679,11613.360000001067
00e12e8b_2680,11613.350000001066
00e12e8b_2681,11613.350000001068
00e12e8b_2682,11613.35000000107
00e12e8b_2683,11613.340000001073
00e12e8b_2684,11613.340000001073
00e12e8b_2685,11613.340000001077
00e12e8b_2686,11613.330000001079
00e12e8b_2687,11613.330000001079
00e12e8b_2688,11613.320000001082
00e12e8b_2689,11613.320000001084
00e12e8b_2690,11613.310000001085
00e12e8b_2691,11613.310000001085
00e12e8b_2692,11613.300000001089
00e12e8b_2693,11613.30000000109
00e12e8b_2694,11613.290000001092
00e12e8b_2695,11613.290000001092
00e12e8b_2696,11613.280000001096
00e12e8b_2697,11613.280000001098
00e12e8b_2698,11613.2700000011
00e12e8b_2699,11613.2700000011
00e12e8b_2700,11613.260000001103
00e12e8b_2701,11613.250000001106
00e12e8b_2702,11613.250000001106
00e12e8b_2703,11613.240000001108
00e12e8b_2704,11613.24000000111
00e12e8b_2705,11613.230000001113
00e12e8b_2706,11613.220000001113
00e12e8b_2707,11613.220000001114
00e12e8b_2708,11613.210000001118
00e12e8b_2709,11613.200000001118
00e12e8b_2710,11613.190000001121
00e12e8b_2711,11613.190000001123
00e12e8b_2712,11613.180000001124
00e12e8b_2713,11613.170000001126
00e12e8b_2714,11613.170000001128
00e12e8b_2715,11613.160000001128
00e12e8b_2716,11613.150000001131
00e12e8b_2717,11613.140000001134
00e12e8b_2718,11613.130000001134
00e12e8b_2719,11613.130000001136
00e12e8b_2720,11613.120000001138
00e12e8b_2721,11613.11000000114
00e12e8b_2722,11613.100000001143
00e12e8b_2723,11613.090000001142
00e12e8b_2724,11613.090000001146
00e12e8b_2725,11613.080000001148
00e12e8b_2726,11613.07000000115
00e12e8b_2727,11613.060000001151
00e12e8b_2728,11613.050000001153
00e12e8b_2729,11613.040000001154
00e12e8b_2730,11613.030000001156
00e12e8b_2731,11613.03000000116
00e12e8b_2732,11613.02000000116
00e12e8b_2733,11613.010000001163
00e12e8b_2734,11613.000000001164
00e12e8b_2735,11612.990000001166
00e12e8b_2736,11612.980000001167
00e12e8b_2737,11612.970000001169
00e12e8b_2738,11612.96000000117
00e12e8b_2739,11612.950000001172
00e12e8b_2740,11612.940000001174
00e12e8b_2741,11612.940000001177
00e12e8b_2742,11612.930000001177
00e12e8b_2743,11612.92000000118
00e12e8b_2744,11612.91000000118
00e12e8b_2745,11612.900000001184
00e12e8b_2746,11612.890000001185
00e12e8b_2747,11612.880000001187
00e12e8b_2748,11612.870000001189
00e12e8b_2749,11612.86000000119
00e12e8b_2750,11612.850000001192
00e12e8b_2751,11612.840000001193
00e12e8b_2752,11612.830000001195
00e12e8b_2753,11612.820000001197
00e12e8b_2754,11612.810000001198
00e12e8b_2755,11612.8000000012
00e12e8b_2756,11612.790000001203
00e12e8b_2757,11612.780000001203
00e12e8b_2758,11612.770000001206
00e12e8b_2759,11612.760000001206
00e12e8b_2760,11612.75000000121
00e12e8b_2761,11612.740000001213
00e12e8b_2762,11612.720000001213
00e12e8b_2763,11612.710000001214
00e12e8b_2764,11612.700000001218
00e12e8b_2765,11612.690000001217
00e12e8b_2766,11612.68000000122
00e12e8b_2767,11612.67000000122
00e12e8b_2768,11612.660000001224
00e12e8b_2769,11612.650000001227
00e12e8b_2770,11612.640000001227
00e12e8b_2771,11612.63000000123
00e12e8b_2772,11612.62000000123
00e12e8b_2773,11612.600000001232
00e12e8b_2774,11612.590000001235
00e12e8b_2775,11612.580000001235
00e12e8b_2776,11612.570000001238
00e12e8b_2777,11612.560000001238
00e12e8b_2778,11612.550000001242
00e12e8b_2779,11612.530000001243
00e12e8b_2780,11612.520000001245
00e12e8b_2781,11612.510000001246
00e12e8b_2782,11612.50000000125
00e12e8b_2783,11612.49000000125
00e12e8b_2784,11612.470000001253
00e12e8b_2785,11612.460000001254
00e12e8b_2786,11612.450000001256
00e12e8b_2787,11612.440000001257
00e12e8b_2788,11612.430000001259
00e12e8b_2789,11612.410000001262
00e12e8b_2790,11612.400000001264
00e12e8b_2791,11612.390000001265
00e12e8b_2792,11612.380000001267
00e12e8b_2793,11612.36000000127
00e12e8b_2794,11612.35000000127
00e12e8b_2795,11612.340000001273
00e12e8b_2796,11612.330000001273
00e12e8b_2797,11612.310000001275
00e12e8b_2798,11612.300000001278
00e12e8b_2799,11612.290000001278
00e12e8b_2800,11612.270000001281
00e12e8b_2801,11612.260000001283
00e12e8b_2802,11612.250000001284
00e12e8b_2803,11612.230000001287
00e12e8b_2804,11612.220000001287
00e12e8b_2805,11612.21000000129
00e12e8b_2806,11612.190000001292
00e12e8b_2807,11612.180000001292
00e12e8b_2808,11612.170000001295
00e12e8b_2809,11612.150000001297
00e12e8b_2810,11612.140000001298
00e12e8b_2811,11612.1300000013
00e12e8b_2812,11612.110000001303
00e12e8b_2813,11612.100000001305
00e12e8b_2814,11612.090000001306
00e12e8b_2815,11612.07000000131
00e12e8b_2816,11612.06000000131
00e12e8b_2817,11612.050000001313
00e12e8b_2818,11612.030000001312
00e12e8b_2819,11612.020000001314
00e12e8b_2820,11612.010000001317
00e12e8b_2821,11612.000000001317
00e12e8b_2822,11611.98000000132
00e12e8b_2823,11611.970000001322
00e12e8b_2824,11611.960000001323
00e12e8b_2825,11611.950000001325
00e12e8b_2826,11611.930000001328
00e12e8b_2827,11611.92000000133
00e12e8b_2828,11611.910000001331
00e12e8b_2829,11611.900000001333
00e12e8b_2830,11611.890000001335
00e12e8b_2831,11611.880000001336
00e12e8b_2832,11611.860000001338
00e12e8b_2833,11611.850000001341
00e12e8b_2834,11611.84000000134
00e12e8b_2835,11611.830000001344
00e12e8b_2836,11611.820000001346
00e12e8b_2837,11611.810000001347
00e12e8b_2838,11611.800000001349
00e12e8b_2839,11611.79000000135
00e12e8b_2840,11611.780000001352
00e12e8b_2841,11611.770000001354
00e12e8b_2842,11611.760000001355
00e12e8b_2843,11611.750000001357
00e12e8b_2844,11611.740000001359
00e12e8b_2845,11611.73000000136
00e12e8b_2846,11611.720000001364
00e12e8b_2847,11611.710000001363
00e12e8b_2848,11611.700000001367
00e12e8b_2849,11611.690000001367
00e12e8b_2850,11611.68000000137
00e12e8b_2851,11611.670000001373
00e12e8b_2852,11611.660000001373
00e12e8b_2853,11611.650000001377
00e12e8b_2854,11611.640000001376
00e12e8b_2855,11611.640000001378
00e12e8b_2856,11611.630000001382
00e12e8b_2857,11611.620000001381
00e12e8b_2858,11611.610000001385
00e12e8b_2859,11611.600000001385
00e12e8b_2860,11611.590000001388
00e12e8b_2861,11611.59000000139
00e12e8b_2862,11611.580000001391
00e12e8b_2863,11611.570000001393
00e12e8b_2864,11611.560000001395
00e12e8b_2865,11611.560000001398
00e12e8b_2866,11611.550000001398
00e12e8b_2867,11611.540000001401
00e12e8b_2868,11611.530000001401
00e12e8b_2869,11611.530000001403
00e12e8b_2870,11611.520000001407
00e12e8b_2871,11611.510000001406
00e12e8b_2872,11611.51000000141
00e12e8b_2873,11611.500000001412
00e12e8b_2874,11611.490000001413
00e12e8b_2875,11611.490000001413
00e12e8b_2876,11611.480000001417
00e12e8b_2877,11611.47000000142
00e12e8b_2878,11611.47000000142
00e12e8b_2879,11611.460000001422
00e12e8b_2880,11611.460000001423
00e12e8b_2881,11611.450000001427
00e12e8b_2882,11611.450000001427
00e12e8b_2883,11611.440000001428
00e12e8b_2884,11611.44000000143
00e12e8b_2885,11611.430000001434
00e12e8b_2886,11611.430000001434
00e12e8b_2887,11611.420000001435
00e12e8b_2888,11611.420000001437
00e12e8b_2889,11611.41000000144
00e12e8b_2890,11611.41000000144
00e12e8b_2891,11611.400000001442
00e12e8b_2892,11611.400000001446
00e12e8b_2893,11611.390000001447
00e12e8b_2894,11611.39000000145
00e12e8b_2895,11611.390000001451
00e12e8b_2896,11611.380000001453
00e12e8b_2897,11611.380000001453
00e12e8b_2898,11611.370000001456
00e12e8b_2899,11611.370000001458
00e12e8b_2900,11611.37000000146
00e12e8b_2901,11611.36000000146
00e12e8b_2902,11611.360000001463
00e12e8b_2903,11611.360000001463
00e12e8b_2904,11611.360000001467
00e12e8b_2905,11611.350000001468
00e12e8b_2906,11611.35000000147
00e12e8b_2907,11611.350000001472
00e12e8b_2908,11611.340000001474
00e12e8b_2909,11611.340000001474
00e12e8b_2910,11611.340000001477
00e12e8b_2911,11611.330000001479
00e12e8b_2912,11611.33000000148
00e12e8b_2913,11611.330000001482
00e12e8b_2914,11611.320000001484
00e12e8b_2915,11611.320000001488
00e12e8b_2916,11611.310000001487
00e12e8b_2917,11611.31000000149
00e12e8b_2918,11611.30000000149
00e12e8b_2919,11611.300000001494
00e12e8b_2920,11611.290000001494
00e12e8b_2921,11611.290000001496
00e12e8b_2922,11611.280000001498
00e12e8b_2923,11611.2700000015
00e12e8b_2924,11611.270000001501
00e12e8b_2925,11611.260000001505
00e12e8b_2926,11611.250000001506
00e12e8b_2927,11611.250000001506
00e12e8b_2928,11611.24000000151
00e12e8b_2929,11611.23000000151
00e12e8b_2930,11611.230000001513
00e12e8b_2931,11611.220000001515
00e12e8b_2932,11611.210000001516
00e12e8b_2933,11611.200000001518
00e12e8b_2934,11611.19000000152
00e12e8b_2935,11611.180000001521
00e12e8b_2936,11611.170000001523
00e12e8b_2937,11611.170000001526
00e12e8b_2938,11611.160000001528
00e12e8b_2939,11611.15000000153
00e12e8b_2940,11611.140000001531
00e12e8b_2941,11611.130000001533
00e12e8b_2942,11611.120000001534
00e12e8b_2943,11611.110000001536
00e12e8b_2944,11611.090000001537
00e12e8b_2945,11611.08000000154
00e12e8b_2946,11611.07000000154
00e12e8b_2947,11611.060000001544
00e12e8b_2948,11611.050000001545
00e12e8b_2949,11611.040000001547
00e12e8b_2950,11611.030000001549
00e12e8b_2951,11611.010000001552
00e12e8b_2952,11611.000000001552
00e12e8b_2953,11610.990000001555
00e12e8b_2954,11610.980000001555
00e12e8b_2955,11610.960000001556
00e12e8b_2956,11610.95000000156
00e12e8b_2957,11610.94000000156
00e12e8b_2958,11610.920000001563
00e12e8b_2959,11610.910000001564
00e12e8b_2960,11610.890000001566
00e12e8b_2961,11610.880000001569
00e12e8b_2962,11610.86000000157
00e12e8b_2963,11610.85000000157
00e12e8b_2964,11610.830000001573
00e12e8b_2965,11610.820000001575
00e12e8b_2966,11610.800000001576
00e12e8b_2967,11610.79000000158
00e12e8b_2968,11610.770000001581
00e12e8b_2969,11610.760000001581
00e12e8b_2970,11610.740000001584
00e12e8b_2971,11610.720000001587
00e12e8b_2972,11610.710000001587
00e12e8b_2973,11610.690000001588
00e12e8b_2974,11610.670000001592
00e12e8b_2975,11610.650000001591
00e12e8b_2976,11610.640000001595
00e12e8b_2977,11610.620000001596
00e12e8b_2978,11610.600000001597
00e12e8b_2979,11610.580000001599
00e12e8b_2980,11610.560000001602
00e12e8b_2981,11610.540000001605
00e12e8b_2982,11610.530000001605
00e12e8b_2983,11610.510000001606
00e12e8b_2984,11610.49000000161
00e12e8b_2985,11610.47000000161
00e12e8b_2986,11610.450000001612
00e12e8b_2987,11610.430000001616
00e12e8b_2988,11610.410000001617
00e12e8b_2989,11610.390000001618
00e12e8b_2990,11610.37000000162
00e12e8b_2991,11610.350000001621
00e12e8b_2992,11610.320000001624
00e12e8b_2993,11610.300000001625
00e12e8b_2994,11610.280000001627
00e12e8b_2995,11610.260000001628
00e12e8b_2996,11610.24000000163
00e12e8b_2997,11610.220000001631
00e12e8b_2998,11610.190000001634
00e12e8b_2999,11610.170000001635
00e12e8b_3000,11610.150000001637
00e12e8b_3001,11610.12000000164
00e12e8b_3002,11610.100000001641
00e12e8b_3003,11610.080000001642
00e12e8b_3004,11610.060000001644
00e12e8b_3005,11610.030000001647
00e12e8b_3006,11610.010000001648
00e12e8b_3007,11609.99000000165
00e12e8b_3008,11609.960000001653
00e12e8b_3009,11609.940000001654
00e12e8b_3010,11609.920000001655
00e12e8b_3011,11609.900000001657
00e12e8b_3012,11609.87000000166
00e12e8b_3013,11609.850000001661
00e12e8b_3014,11609.830000001662
00e12e8b_3015,11609.800000001665
00e12e8b_3016,11609.780000001667
00e12e8b_3017,11609.760000001668
00e12e8b_3018,11609.74000000167
00e12e8b_3019,11609.710000001673
00e12e8b_3020,11609.690000001674
00e12e8b_3021,11609.670000001675
00e12e8b_3022,11609.650000001677
00e12e8b_3023,11609.62000000168
00e12e8b_3024,11609.600000001681
00e12e8b_3025,11609.580000001682
00e12e8b_3026,11609.560000001684
00e12e8b_3027,11609.530000001687
00e12e8b_3028,11609.510000001688
00e12e8b_3029,11609.49000000169
00e12e8b_3030,11609.470000001691
00e12e8b_3031,11609.440000001694
00e12e8b_3032,11609.420000001695
00e12e8b_3033,11609.400000001697
00e12e8b_3034,11609.380000001698
00e12e8b_3035,11609.350000001701
00e12e8b_3036,11609.330000001703
00e12e8b_3037,11609.310000001704
00e12e8b_3038,11609.290000001705
00e12e8b_3039,11609.260000001708
00e12e8b_3040,11609.24000000171
00e12e8b_3041,11609.220000001711
00e12e8b_3042,11609.200000001712
00e12e8b_3043,11609.180000001714
00e12e8b_3044,11609.150000001717
00e12e8b_3045,11609.130000001718
00e12e8b_3046,11609.11000000172
00e12e8b_3047,11609.090000001721
00e12e8b_3048,11609.060000001724
00e12e8b_3049,11609.040000001725
00e12e8b_3050,11609.020000001727
00e12e8b_3051,11609.000000001728
00e12e8b_3052,11608.98000000173
00e12e8b_3053,11608.950000001732
00e12e8b_3054,11608.930000001734
00e12e8b_3055,11608.910000001735
00e12e8b_3056,11608.890000001737
00e12e8b_3057,11608.870000001738
00e12e8b_3058,11608.840000001741
00e12e8b_3059,11608.820000001742
00e12e8b_3060,11608.800000001744
00e12e8b_3061,11608.780000001745
00e12e8b_3062,11608.760000001748
00e12e8b_3063,11608.73000000175
00e12e8b_3064,11608.71000000175
00e12e8b_3065,11608.690000001752
00e12e8b_3066,11608.670000001755
00e12e8b_3067,11608.650000001759
00e12e8b_3068,11608.620000001758
00e12e8b_3069,11608.60000000176
00e12e8b_3070,11608.580000001763
00e12e8b_3071,11608.560000001766
00e12e8b_3072,11608.540000001765
00e12e8b_3073,11608.510000001766
00e12e8b_3074,11608.49000000177
00e12e8b_3075,11608.470000001773
00e12e8b_3076,11608.450000001772
00e12e8b_3077,11608.430000001776
00e12e8b_3078,11608.410000001777
00e12e8b_3079,11608.38000000178
00e12e8b_3080,11608.36000000178
00e12e8b_3081,11608.340000001783
00e12e8b_3082,11608.320000001784
00e12e8b_3083,11608.300000001786
00e12e8b_3084,11608.280000001787
00e12e8b_3085,11608.25000000179
00e12e8b_3086,11608.230000001791
00e12e8b_3087,11608.210000001793
00e12e8b_3088,11608.190000001794
00e12e8b_3089,11608.170000001795
00e12e8b_3090,11608.150000001799
00e12e8b_3091,11608.130000001798
00e12e8b_3092,11608.100000001801
00e12e8b_3093,11608.080000001803
00e12e8b_3094,11608.060000001806
00e12e8b_3095,11608.040000001805
00e12e8b_3096,11608.020000001809
00e12e8b_3097,11608.000000001812
00e12e8b_3098,11607.980000001811
00e12e8b_3099,11607.950000001812
00e12e8b_3100,11607.930000001816
00e12e8b_3101,11607.910000001819
00e12e8b_3102,11607.890000001818
00e12e8b_3103,11607.870000001822
00e12e8b_3104,11607.840000001823
00e12e8b_3105,11607.820000001826
00e12e8b_3106,11607.800000001826
00e12e8b_3107,11607.780000001829
00e12e8b_3108,11607.75000000183
00e12e8b_3109,11607.730000001833
00e12e8b_3110,11607.710000001833
00e12e8b_3111,11607.680000001834
00e12e8b_3112,11607.660000001837
00e12e8b_3113,11607.64000000184
00e12e8b_3114,11607.610000001841
00e12e8b_3115,11607.590000001841
00e12e8b_3116,11607.570000001844
00e12e8b_3117,11607.540000001845
00e12e8b_3118,11607.520000001849
00e12e8b_3119,11607.500000001848
00e12e8b_3120,11607.470000001851
00e12e8b_3121,11607.450000001852
00e12e8b_3122,11607.420000001855
00e12e8b_3123,11607.400000001857
00e12e8b_3124,11607.370000001858
00e12e8b_3125,11607.350000001861
00e12e8b_3126,11607.330000001863
00e12e8b_3127,11607.300000001866
00e12e8b_3128,11607.280000001865
00e12e8b_3129,11607.250000001866
00e12e8b_3130,11607.23000000187
00e12e8b_3131,11607.20000000187
00e12e8b_3132,11607.180000001872
00e12e8b_3133,11607.150000001875
00e12e8b_3134,11607.120000001876
00e12e8b_3135,11607.10000000188
00e12e8b_3136,11607.07000000188
00e12e8b_3137,11607.05000000188
00e12e8b_3138,11607.020000001883
00e12e8b_3139,11607.000000001884
00e12e8b_3140,11606.970000001887
00e12e8b_3141,11606.94000000189
00e12e8b_3142,11606.92000000189
00e12e8b_3143,11606.890000001891
00e12e8b_3144,11606.860000001894
00e12e8b_3145,11606.840000001896
00e12e8b_3146,11606.810000001899
00e12e8b_3147,11606.780000001898
00e12e8b_3148,11606.760000001901
00e12e8b_3149,11606.730000001902
00e12e8b_3150,11606.700000001905
00e12e8b_3151,11606.680000001907
00e12e8b_3152,11606.650000001908
00e12e8b_3153,11606.620000001909
00e12e8b_3154,11606.590000001912
00e12e8b_3155,11606.560000001915
00e12e8b_3156,11606.540000001916
00e12e8b_3157,11606.510000001916
00e12e8b_3158,11606.480000001919
00e12e8b_3159,11606.450000001922
00e12e8b_3160,11606.420000001923
00e12e8b_3161,11606.400000001926
00e12e8b_3162,11606.370000001927
00e12e8b_3163,11606.340000001928
00e12e8b_3164,11606.31000000193
00e12e8b_3165,11606.28000000193
00e12e8b_3166,11606.250000001934
00e12e8b_3167,11606.220000001937
00e12e8b_3168,11606.190000001938
00e12e8b_3169,11606.170000001937
00e12e8b_3170,11606.14000000194
00e12e8b_3171,11606.110000001943
00e12e8b_3172,11606.080000001944
00e12e8b_3173,11606.050000001946
00e12e8b_3174,11606.020000001947
00e12e8b_3175,11605.990000001948
00e12e8b_3176,11605.96000000195
00e12e8b_3177,11605.930000001954
00e12e8b_3178,11605.900000001955
00e12e8b_3179,11605.870000001956
00e12e8b_3180,11605.84000000196
00e12e8b_3181,11605.810000001959
00e12e8b_3182,11605.780000001962
00e12e8b_3183,11605.750000001965
00e12e8b_3184,11605.710000001965
00e12e8b_3185,11605.680000001968
00e12e8b_3186,11605.65000000197
00e12e8b_3187,11605.62000000197
00e12e8b_3188,11605.590000001972
00e12e8b_3189,11605.560000001973
00e12e8b_3190,11605.530000001976
00e12e8b_3191,11605.500000001979
00e12e8b_3192,11605.47000000198
00e12e8b_3193,11605.430000001983
00e12e8b_3194,11605.400000001984
00e12e8b_3195,11605.380000001984
00e12e8b_3196,11605.350000001987
00e12e8b_3197,11605.32000000199
00e12e8b_3198,11605.29000000199
00e12e8b_3199,11605.260000001992
00e12e8b_3200,11605.230000001993
00e12e8b_3201,11605.210000001996
00e12e8b_3202,11605.180000001998
00e12e8b_3203,11605.150000001999
00e12e8b_3204,11605.130000002002
00e12e8b_3205,11605.100000002003
00e12e8b_3206,11605.080000002004
00e12e8b_3207,11605.050000002007
00e12e8b_3208,11605.030000002009
00e12e8b_3209,11605.000000002012
00e12e8b_3210,11604.980000002011
00e12e8b_3211,11604.960000002015
00e12e8b_3212,11604.930000002016
00e12e8b_3213,11604.910000002019
00e12e8b_3214,11604.890000002018
00e12e8b_3215,11604.870000002022
00e12e8b_3216,11604.850000002023
00e12e8b_3217,11604.830000002024
00e12e8b_3218,11604.810000002026
00e12e8b_3219,11604.790000002027
00e12e8b_3220,11604.77000000203
00e12e8b_3221,11604.75000000203
00e12e8b_3222,11604.730000002033
00e12e8b_3223,11604.710000002036
00e12e8b_3224,11604.690000002036
00e12e8b_3225,11604.680000002038
00e12e8b_3226,11604.66000000204
00e12e8b_3227,11604.64000000204
00e12e8b_3228,11604.630000002044
00e12e8b_3229,11604.610000002045
00e12e8b_3230,11604.600000002047
00e12e8b_3231,11604.58000000205
00e12e8b_3232,11604.570000002052
00e12e8b_3233,11604.550000002051
00e12e8b_3234,11604.540000002055
00e12e8b_3235,11604.530000002058
00e12e8b_3236,11604.510000002057
00e12e8b_3237,11604.50000000206
00e12e8b_3238,11604.490000002063
00e12e8b_3239,11604.480000002062
00e12e8b_3240,11604.470000002066
00e12e8b_3241,11604.460000002065
00e12e8b_3242,11604.450000002069
00e12e8b_3243,11604.440000002072
00e12e8b_3244,11604.430000002072
00e12e8b_3245,11604.420000002076
00e12e8b_3246,11604.410000002075
00e12e8b_3247,11604.400000002079
00e12e8b_3248,11604.39000000208
00e12e8b_3249,11604.39000000208
00e12e8b_3250,11604.380000002084
00e12e8b_3251,11604.370000002084
00e12e8b_3252,11604.370000002087
00e12e8b_3253,11604.360000002089
00e12e8b_3254,11604.36000000209
00e12e8b_3255,11604.35000000209
00e12e8b_3256,11604.350000002094
00e12e8b_3257,11604.340000002096
00e12e8b_3258,11604.340000002097
00e12e8b_3259,11604.3400000021
00e12e8b_3260,11604.3300000021
00e12e8b_3261,11604.330000002104
00e12e8b_3262,11604.330000002104
00e12e8b_3263,11604.330000002104
00e12e8b_3264,11604.330000002108
00e12e8b_3265,11604.330000002108
00e12e8b_3266,11604.330000002112
00e12e8b_3267,11604.330000002112
00e12e8b_3268,11604.330000002115
00e12e8b_3269,11604.330000002115
00e12e8b_3270,11604.330000002119
00e12e8b_3271,11604.330000002119
00e12e8b_3272,11604.330000002123
00e12e8b_3273,11604.330000002123
00e12e8b_3274,11604.340000002127
00e12e8b_3275,11604.340000002128
00e12e8b_3276,11604.34000000213
00e12e8b_3277,11604.35000000213
00e12e8b_3278,11604.350000002132
00e12e8b_3279,11604.360000002136
00e12e8b_3280,11604.360000002136
00e12e8b_3281,11604.370000002138
00e12e8b_3282,11604.38000000214
00e12e8b_3283,11604.38000000214
00e12e8b_3284,11604.390000002144
00e12e8b_3285,11604.400000002144
00e12e8b_3286,11604.400000002148
00e12e8b_3287,11604.41000000215
00e12e8b_3288,11604.42000000215
00e12e8b_3289,11604.430000002154
00e12e8b_3290,11604.440000002154
00e12e8b_3291,11604.440000002156
00e12e8b_3292,11604.450000002158
00e12e8b_3293,11604.46000000216
00e12e8b_3294,11604.470000002162
00e12e8b_3295,11604.470000002162
00e12e8b_3296,11604.480000002166
00e12e8b_3297,11604.490000002166
00e12e8b_3298,11604.500000002168
00e12e8b_3299,11604.500000002172
00e12e8b_3300,11604.510000002172
00e12e8b_3301,11604.520000002172
00e12e8b_3302,11604.530000002176
00e12e8b_3303,11604.530000002178
00e12e8b_3304,11604.54000000218
00e12e8b_3305,11604.550000002182
00e12e8b_3306,11604.550000002182
00e12e8b_3307,11604.560000002184
00e12e8b_3308,11604.570000002186
00e12e8b_3309,11604.580000002188
00e12e8b_3310,11604.58000000219
00e12e8b_3311,11604.59000000219
00e12e8b_3312,11604.600000002194
00e12e8b_3313,11604.600000002196
00e12e8b_3314,11604.610000002198
00e12e8b_3315,11604.6200000022
00e12e8b_3316,11604.6300000022
00e12e8b_3317,11604.630000002202
00e12e8b_3318,11604.640000002204
00e12e8b_3319,11604.650000002206
00e12e8b_3320,11604.650000002208
00e12e8b_3321,11604.660000002208
00e12e8b_3322,11604.670000002212
00e12e8b_3323,11604.670000002214
00e12e8b_3324,11604.680000002216
00e12e8b_3325,11604.690000002218
00e12e8b_3326,11604.700000002218
00e12e8b_3327,11604.70000000222
00e12e8b_3328,11604.710000002222
00e12e8b_3329,11604.720000002224
00e12e8b_3330,11604.720000002226
00e12e8b_3331,11604.730000002226
00e12e8b_3332,11604.74000000223
00e12e8b_3333,11604.740000002232
00e12e8b_3334,11604.750000002234
00e12e8b_3335,11604.760000002236
00e12e8b_3336,11604.760000002236
00e12e8b_3337,11604.770000002238
00e12e8b_3338,11604.78000000224
00e12e8b_3339,11604.780000002243
00e12e8b_3340,11604.790000002244
00e12e8b_3341,11604.790000002246
00e12e8b_3342,11604.800000002248
00e12e8b_3343,11604.81000000225
00e12e8b_3344,11604.810000002251
00e12e8b_3345,11604.820000002252
00e12e8b_3346,11604.830000002254
00e12e8b_3347,11604.830000002257
00e12e8b_3348,11604.840000002258
00e12e8b_3349,11604.850000002261
00e12e8b_3350,11604.850000002261
00e12e8b_3351,11604.860000002263
00e12e8b_3352,11604.860000002265
00e12e8b_3353,11604.870000002265
00e12e8b_3354,11604.88000000227
00e12e8b_3355,11604.880000002271
00e12e8b_3356,11604.890000002271
00e12e8b_3357,11604.900000002275
00e12e8b_3358,11604.900000002275
00e12e8b_3359,11604.910000002277
00e12e8b_3360,11604.910000002279
00e12e8b_3361,11604.92000000228
00e12e8b_3362,11604.930000002283
00e12e8b_3363,11604.930000002285
00e12e8b_3364,11604.940000002287
00e12e8b_3365,11604.940000002287
00e12e8b_3366,11604.950000002289
00e12e8b_3367,11604.960000002291
00e12e8b_3368,11604.960000002293
00e12e8b_3369,11604.970000002297
00e12e8b_3370,11604.970000002297
00e12e8b_3371,11604.980000002299
00e12e8b_3372,11604.9900000023
00e12e8b_3373,11604.9900000023
00e12e8b_3374,11605.000000002305
00e12e8b_3375,11605.000000002306
00e12e8b_3376,11605.010000002309
00e12e8b_3377,11605.010000002309
00e12e8b_3378,11605.02000000231
00e12e8b_3379,11605.030000002313
00e12e8b_3380,11605.030000002314
00e12e8b_3381,11605.040000002318
00e12e8b_3382,11605.040000002318
00e12e8b_3383,11605.05000000232
00e12e8b_3384,11605.050000002322
00e12e8b_3385,11605.060000002322
00e12e8b_3386,11605.060000002326
00e12e8b_3387,11605.070000002328
00e12e8b_3388,11605.07000000233
00e12e8b_3389,11605.08000000233
00e12e8b_3390,11605.080000002332
00e12e8b_3391,11605.090000002336
00e12e8b_3392,11605.090000002336
00e12e8b_3393,11605.09000000234
00e12e8b_3394,11605.10000000234
00e12e8b_3395,11605.100000002341
00e12e8b_3396,11605.100000002343
00e12e8b_3397,11605.110000002343
00e12e8b_3398,11605.110000002347
00e12e8b_3399,11605.12000000235
00e12e8b_3400,11605.120000002351
00e12e8b_3401,11605.120000002353
00e12e8b_3402,11605.120000002355
00e12e8b_3403,11605.130000002355
00e12e8b_3404,11605.130000002358
00e12e8b_3405,11605.130000002358
00e12e8b_3406,11605.130000002362
00e12e8b_3407,11605.140000002364
00e12e8b_3408,11605.140000002364
00e12e8b_3409,11605.140000002368
00e12e8b_3410,11605.140000002368
00e12e8b_3411,11605.15000000237
00e12e8b_3412,11605.150000002372
00e12e8b_3413,11605.150000002373
00e12e8b_3414,11605.150000002375
00e12e8b_3415,11605.150000002377
00e12e8b_3416,11605.150000002379
00e12e8b_3417,11605.15000000238
00e12e8b_3418,11605.150000002383
00e12e8b_3419,11605.160000002383
00e12e8b_3420,11605.160000002386
00e12e8b_3421,11605.160000002386
00e12e8b_3422,11605.16000000239
00e12e8b_3423,11605.16000000239
00e12e8b_3424,11605.160000002394
00e12e8b_3425,11605.160000002394
00e12e8b_3426,11605.160000002397
00e12e8b_3427,11605.160000002397
00e12e8b_3428,11605.160000002401
00e12e8b_3429,11605.160000002401
00e12e8b_3430,11605.160000002405
00e12e8b_3431,11605.160000002405
00e12e8b_3432,11605.150000002408
00e12e8b_3433,11605.15000000241
00e12e8b_3434,11605.150000002412
00e12e8b_3435,11605.150000002413
00e12e8b_3436,11605.150000002415
00e12e8b_3437,11605.150000002417
00e12e8b_3438,11605.150000002419
00e12e8b_3439,11605.15000000242
00e12e8b_3440,11605.140000002422
00e12e8b_3441,11605.140000002422
00e12e8b_3442,11605.140000002426
00e12e8b_3443,11605.140000002426
00e12e8b_3444,11605.14000000243
00e12e8b_3445,11605.130000002431
00e12e8b_3446,11605.130000002433
00e12e8b_3447,11605.130000002435
00e12e8b_3448,11605.120000002436
00e12e8b_3449,11605.120000002436
00e12e8b_3450,11605.12000000244
00e12e8b_3451,11605.12000000244
00e12e8b_3452,11605.110000002443
00e12e8b_3453,11605.110000002445
00e12e8b_3454,11605.110000002447
00e12e8b_3455,11605.100000002447
00e12e8b_3456,11605.10000000245
00e12e8b_3457,11605.090000002452
00e12e8b_3458,11605.090000002454
00e12e8b_3459,11605.090000002456
00e12e8b_3460,11605.080000002457
00e12e8b_3461,11605.080000002461
00e12e8b_3462,11605.07000000246
00e12e8b_3463,11605.070000002463
00e12e8b_3464,11605.060000002464
00e12e8b_3465,11605.060000002468
00e12e8b_3466,11605.050000002468
00e12e8b_3467,11605.05000000247
00e12e8b_3468,11605.040000002471
00e12e8b_3469,11605.040000002475
00e12e8b_3470,11605.030000002474
00e12e8b_3471,11605.030000002476
00e12e8b_3472,11605.02000000248
00e12e8b_3473,11605.01000000248
00e12e8b_3474,11605.010000002483
00e12e8b_3475,11605.000000002485
00e12e8b_3476,11605.000000002487
00e12e8b_3477,11604.990000002486
00e12e8b_3478,11604.98000000249
00e12e8b_3479,11604.980000002492
00e12e8b_3480,11604.970000002493
00e12e8b_3481,11604.960000002495
00e12e8b_3482,11604.960000002497
00e12e8b_3483,11604.9500000025
00e12e8b_3484,11604.9400000025
00e12e8b_3485,11604.930000002503
00e12e8b_3486,11604.930000002503
00e12e8b_3487,11604.920000002505
00e12e8b_3488,11604.910000002508
00e12e8b_3489,11604.900000002508
00e12e8b_3490,11604.900000002512
00e12e8b_3491,11604.890000002513
00e12e8b_3492,11604.880000002515
00e12e8b_3493,11604.870000002516
00e12e8b_3494,11604.860000002518
00e12e8b_3495,11604.860000002518
00e12e8b_3496,11604.850000002521
00e12e8b_3497,11604.840000002525
00e12e8b_3498,11604.830000002525
00e12e8b_3499,11604.820000002528
00e12e8b_3500,11604.810000002528
00e12e8b_3501,11604.800000002531
00e12e8b_3502,11604.790000002533
00e12e8b_3503,11604.780000002535
00e12e8b_3504,11604.780000002536
00e12e8b_3505,11604.770000002536
00e12e8b_3506,11604.76000000254
00e12e8b_3507,11604.750000002543
00e12e8b_3508,11604.740000002543
00e12e8b_3509,11604.730000002546
00e12e8b_3510,11604.720000002546
00e12e8b_3511,11604.71000000255
00e12e8b_3512,11604.700000002551
00e12e8b_3513,11604.690000002553
00e12e8b_3514,11604.680000002554
00e12e8b_3515,11604.660000002554
00e12e8b_3516,11604.650000002557
00e12e8b_3517,11604.64000000256
00e12e8b_3518,11604.63000000256
00e12e8b_3519,11604.620000002564
00e12e8b_3520,11604.610000002564
00e12e8b_3521,11604.600000002567
00e12e8b_3522,11604.590000002569
00e12e8b_3523,11604.58000000257
00e12e8b_3524,11604.560000002572
00e12e8b_3525,11604.550000002575
00e12e8b_3526,11604.540000002575
00e12e8b_3527,11604.530000002578
00e12e8b_3528,11604.520000002578
00e12e8b_3529,11604.510000002581
00e12e8b_3530,11604.490000002583
00e12e8b_3531,11604.480000002583
00e12e8b_3532,11604.470000002586
00e12e8b_3533,11604.46000000259
00e12e8b_3534,11604.440000002589
00e12e8b_3535,11604.43000000259
00e12e8b_3536,11604.420000002592
00e12e8b_3537,11604.400000002595
00e12e8b_3538,11604.390000002597
00e12e8b_3539,11604.380000002599
00e12e8b_3540,11604.3700000026
00e12e8b_3541,11604.350000002603
00e12e8b_3542,11604.340000002603
00e12e8b_3543,11604.320000002605
00e12e8b_3544,11604.310000002608
00e12e8b_3545,11604.300000002608
00e12e8b_3546,11604.28000000261
00e12e8b_3547,11604.270000002613
00e12e8b_3548,11604.260000002614
00e12e8b_3549,11604.240000002617
00e12e8b_3550,11604.230000002617
00e12e8b_3551,11604.210000002618
00e12e8b_3552,11604.200000002622
00e12e8b_3553,11604.180000002623
00e12e8b_3554,11604.170000002625
00e12e8b_3555,11604.150000002628
00e12e8b_3556,11604.140000002628
00e12e8b_3557,11604.12000000263
00e12e8b_3558,11604.110000002633
00e12e8b_3559,11604.090000002634
00e12e8b_3560,11604.080000002636
00e12e8b_3561,11604.060000002639
00e12e8b_3562,11604.050000002639
00e12e8b_3563,11604.03000000264
00e12e8b_3564,11604.010000002643
00e12e8b_3565,11604.000000002645
00e12e8b_3566,11603.980000002646
00e12e8b_3567,11603.97000000265
00e12e8b_3568,11603.95000000265
00e12e8b_3569,11603.930000002652
00e12e8b_3570,11603.920000002654
00e12e8b_3571,11603.900000002654
00e12e8b_3572,11603.880000002657
00e12e8b_3573,11603.870000002658
00e12e8b_3574,11603.850000002662
00e12e8b_3575,11603.830000002661
00e12e8b_3576,11603.820000002665
00e12e8b_3577,11603.800000002666
00e12e8b_3578,11603.780000002667
00e12e8b_3579,11603.77000000267
00e12e8b_3580,11603.750000002672
00e12e8b_3581,11603.730000002673
00e12e8b_3582,11603.720000002675
00e12e8b_3583,11603.700000002678
00e12e8b_3584,11603.680000002678
00e12e8b_3585,11603.67000000268
00e12e8b_3586,11603.650000002683
00e12e8b_3587,11603.630000002682
00e12e8b_3588,11603.610000002685
00e12e8b_3589,11603.600000002687
00e12e8b_3590,11603.580000002688
00e12e8b_3591,11603.56000000269
00e12e8b_3592,11603.550000002693
00e12e8b_3593,11603.530000002695
00e12e8b_3594,11603.510000002696
00e12e8b_3595,11603.5000000027
00e12e8b_3596,11603.4800000027
00e12e8b_3597,11603.460000002702
00e12e8b_3598,11603.440000002704
00e12e8b_3599,11603.430000002707
00e12e8b_3600,11603.410000002707
00e12e8b_3601,11603.39000000271
00e12e8b_3602,11603.380000002711
00e12e8b_3603,11603.36000000271
00e12e8b_3604,11603.340000002714
00e12e8b_3605,11603.320000002717
00e12e8b_3606,11603.310000002717
00e12e8b_3607,11603.290000002718
00e12e8b_3608,11603.270000002722
00e12e8b_3609,11603.250000002725
00e12e8b_3610,11603.240000002725
00e12e8b_3611,11603.220000002726
00e12e8b_3612,11603.20000000273
00e12e8b_3613,11603.180000002729
00e12e8b_3614,11603.170000002732
00e12e8b_3615,11603.150000002734
00e12e8b_3616,11603.130000002735
00e12e8b_3617,11603.110000002736
00e12e8b_3618,11603.10000000274
00e12e8b_3619,11603.080000002741
00e12e8b_3620,11603.060000002743
00e12e8b_3621,11603.040000002744
00e12e8b_3622,11603.030000002746
00e12e8b_3623,11603.010000002749
00e12e8b_3624,11602.99000000275
00e12e8b_3625,11602.970000002751
00e12e8b_3626,11602.960000002753
00e12e8b_3627,11602.940000002756
00e12e8b_3628,11602.920000002758
00e12e8b_3629,11602.900000002759
00e12e8b_3630,11602.88000000276
00e12e8b_3631,11602.870000002764
00e12e8b_3632,11602.850000002763
00e12e8b_3633,11602.830000002767
00e12e8b_3634,11602.810000002768
00e12e8b_3635,11602.79000000277
00e12e8b_3636,11602.780000002771
00e12e8b_3637,11602.760000002774
00e12e8b_3638,11602.740000002776
00e12e8b_3639,11602.720000002777
00e12e8b_3640,11602.700000002778
00e12e8b_3641,11602.690000002782
00e12e8b_3642,11602.670000002781
00e12e8b_3643,11602.650000002785
00e12e8b_3644,11602.630000002786
00e12e8b_3645,11602.610000002787
00e12e8b_3646,11602.600000002789
00e12e8b_3647,11602.580000002792
00e12e8b_3648,11602.560000002793
00e12e8b_3649,11602.540000002795
00e12e8b_3650,11602.520000002796
00e12e8b_3651,11602.500000002798
00e12e8b_3652,11602.4900000028
00e12e8b_3653,11602.470000002802
00e12e8b_3654,11602.450000002804
00e12e8b_3655,11602.430000002805
00e12e8b_3656,11602.410000002807
00e12e8b_3657,11602.390000002808
00e12e8b_3658,11602.38000000281
00e12e8b_3659,11602.360000002813
00e12e8b_3660,11602.340000002814
00e12e8b_3661,11602.320000002816
00e12e8b_3662,11602.300000002817
00e12e8b_3663,11602.280000002818
00e12e8b_3664,11602.260000002821
00e12e8b_3665,11602.250000002823
00e12e8b_3666,11602.230000002824
00e12e8b_3667,11602.210000002826
00e12e8b_3668,11602.190000002829
00e12e8b_3669,11602.170000002829
00e12e8b_3670,11602.150000002832
00e12e8b_3671,11602.130000002835
00e12e8b_3672,11602.110000002835
00e12e8b_3673,11602.090000002838
00e12e8b_3674,11602.07000000284
00e12e8b_3675,11602.05000000284
00e12e8b_3676,11602.030000002842
00e12e8b_3677,11602.020000002845
00e12e8b_3678,11602.000000002847
00e12e8b_3679,11601.980000002848
00e12e8b_3680,11601.96000000285
00e12e8b_3681,11601.94000000285
00e12e8b_3682,11601.920000002854
00e12e8b_3683,11601.900000002854
00e12e8b_3684,11601.880000002857
00e12e8b_3685,11601.86000000286
00e12e8b_3686,11601.830000002861
00e12e8b_3687,11601.81000000286
00e12e8b_3688,11601.790000002864
00e12e8b_3689,11601.770000002867
00e12e8b_3690,11601.750000002867
00e12e8b_3691,11601.73000000287
00e12e8b_3692,11601.710000002871
00e12e8b_3693,11601.690000002873
00e12e8b_3694,11601.670000002874
00e12e8b_3695,11601.650000002875
00e12e8b_3696,11601.630000002879
00e12e8b_3697,11601.610000002878
00e12e8b_3698,11601.580000002881
00e12e8b_3699,11601.560000002883
00e12e8b_3700,11601.540000002886
00e12e8b_3701,11601.520000002885
00e12e8b_3702,11601.500000002889
00e12e8b_3703,11601.480000002892
00e12e8b_3704,11601.450000002893
00e12e8b_3705,11601.430000002892
00e12e8b_3706,11601.410000002896
00e12e8b_3707,11601.390000002899
00e12e8b_3708,11601.3700000029
00e12e8b_3709,11601.3400000029
00e12e8b_3710,11601.320000002903
00e12e8b_3711,11601.300000002906
00e12e8b_3712,11601.280000002907
00e12e8b_3713,11601.260000002909
00e12e8b_3714,11601.23000000291
00e12e8b_3715,11601.210000002913
00e12e8b_3716,11601.190000002915
00e12e8b_3717,11601.160000002914
00e12e8b_3718,11601.140000002917
00e12e8b_3719,11601.12000000292
00e12e8b_3720,11601.100000002922
00e12e8b_3721,11601.070000002921
00e12e8b_3722,11601.050000002924
00e12e8b_3723,11601.030000002927
00e12e8b_3724,11601.000000002929
00e12e8b_3725,11600.980000002928
00e12e8b_3726,11600.950000002931
00e12e8b_3727,11600.930000002933
00e12e8b_3728,11600.910000002936
00e12e8b_3729,11600.880000002937
00e12e8b_3730,11600.860000002938
00e12e8b_3731,11600.84000000294
00e12e8b_3732,11600.810000002943
00e12e8b_3733,11600.790000002944
00e12e8b_3734,11600.760000002945
00e12e8b_3735,11600.740000002948
00e12e8b_3736,11600.71000000295
00e12e8b_3737,11600.690000002953
00e12e8b_3738,11600.670000002952
00e12e8b_3739,11600.640000002953
00e12e8b_3740,11600.620000002957
00e12e8b_3741,11600.590000002958
00e12e8b_3742,11600.570000002961
00e12e8b_3743,11600.540000002962
00e12e8b_3744,11600.520000002964
00e12e8b_3745,11600.490000002967
00e12e8b_3746,11600.470000002968
00e12e8b_3747,11600.440000002967
00e12e8b_3748,11600.42000000297
00e12e8b_3749,11600.390000002972
00e12e8b_3750,11600.360000002975
00e12e8b_3751,11600.340000002976
00e12e8b_3752,11600.310000002977
00e12e8b_3753,11600.29000000298
00e12e8b_3754,11600.260000002982
00e12e8b_3755,11600.240000002985
00e12e8b_3756,11600.210000002986
00e12e8b_3757,11600.180000002987
00e12e8b_3758,11600.160000002988
00e12e8b_3759,11600.130000002991
00e12e8b_3760,11600.110000002993
00e12e8b_3761,11600.080000002996
00e12e8b_3762,11600.050000002995
00e12e8b_3763,11600.030000002997
00e12e8b_3764,11600.000000003
00e12e8b_3765,11599.970000003002
00e12e8b_3766,11599.950000003002
00e12e8b_3767,11599.920000003003
00e12e8b_3768,11599.900000003006
00e12e8b_3769,11599.870000003008
00e12e8b_3770,11599.85000000301
00e12e8b_3771,11599.820000003012
00e12e8b_3772,11599.790000003013
00e12e8b_3773,11599.770000003016
00e12e8b_3774,11599.740000003017
00e12e8b_3775,11599.72000000302
00e12e8b_3776,11599.69000000302
00e12e8b_3777,11599.670000003021
00e12e8b_3778,11599.640000003024
00e12e8b_3779,11599.610000003027
00e12e8b_3780,11599.590000003029
00e12e8b_3781,11599.560000003028
00e12e8b_3782,11599.540000003031
00e12e8b_3783,11599.510000003032
00e12e8b_3784,11599.490000003036
00e12e8b_3785,11599.460000003037
00e12e8b_3786,11599.440000003038
00e12e8b_3787,11599.410000003041
00e12e8b_3788,11599.390000003043
00e12e8b_3789,11599.360000003046
00e12e8b_3790,11599.340000003045
00e12e8b_3791,11599.310000003046
00e12e8b_3792,11599.29000000305
00e12e8b_3793,11599.26000000305
00e12e8b_3794,11599.240000003052
00e12e8b_3795,11599.210000003055
00e12e8b_3796,11599.190000003056
00e12e8b_3797,11599.16000000306
00e12e8b_3798,11599.14000000306
00e12e8b_3799,11599.11000000306
00e12e8b_3800,11599.090000003063
00e12e8b_3801,11599.070000003067
00e12e8b_3802,11599.040000003068
00e12e8b_3803,11599.020000003067
00e12e8b_3804,11598.99000000307
00e12e8b_3805,11598.970000003072
00e12e8b_3806,11598.940000003075
00e12e8b_3807,11598.920000003076
00e12e8b_3808,11598.890000003077
00e12e8b_3809,11598.87000000308
00e12e8b_3810,11598.850000003082
00e12e8b_3811,11598.820000003085
00e12e8b_3812,11598.800000003084
00e12e8b_3813,11598.770000003085
00e12e8b_3814,11598.750000003089
00e12e8b_3815,11598.730000003092
00e12e8b_3816,11598.700000003091
00e12e8b_3817,11598.680000003093
00e12e8b_3818,11598.650000003096
00e12e8b_3819,11598.630000003097
00e12e8b_3820,11598.610000003098
00e12e8b_3821,11598.580000003101
00e12e8b_3822,11598.560000003103
00e12e8b_3823,11598.540000003104
00e12e8b_3824,11598.510000003107
00e12e8b_3825,11598.490000003108
00e12e8b_3826,11598.47000000311
00e12e8b_3827,11598.440000003113
00e12e8b_3828,11598.420000003114
00e12e8b_3829,11598.400000003116
00e12e8b_3830,11598.370000003117
00e12e8b_3831,11598.35000000312
00e12e8b_3832,11598.330000003121
00e12e8b_3833,11598.30000000312
00e12e8b_3834,11598.280000003124
00e12e8b_3835,11598.260000003127
00e12e8b_3836,11598.230000003128
00e12e8b_3837,11598.210000003128
00e12e8b_3838,11598.190000003131
00e12e8b_3839,11598.160000003132
00e12e8b_3840,11598.140000003135
00e12e8b_3841,11598.120000003135
00e12e8b_3842,11598.100000003138
00e12e8b_3843,11598.07000000314
00e12e8b_3844,11598.050000003142
00e12e8b_3845,11598.030000003142
00e12e8b_3846,11598.000000003145
00e12e8b_3847,11597.980000003146
00e12e8b_3848,11597.96000000315
00e12e8b_3849,11597.94000000315
00e12e8b_3850,11597.910000003152
00e12e8b_3851,11597.890000003154
00e12e8b_3852,11597.870000003157
00e12e8b_3853,11597.850000003156
00e12e8b_3854,11597.83000000316
00e12e8b_3855,11597.80000000316
00e12e8b_3856,11597.780000003164
00e12e8b_3857,11597.760000003163
00e12e8b_3858,11597.740000003167
00e12e8b_3859,11597.710000003168
00e12e8b_3860,11597.690000003171
00e12e8b_3861,11597.67000000317
00e12e8b_3862,11597.650000003174
00e12e8b_3863,11597.620000003175
00e12e8b_3864,11597.600000003178
00e12e8b_3865,11597.580000003178
00e12e8b_3866,11597.56000000318
00e12e8b_3867,11597.530000003182
00e12e8b_3868,11597.510000003185
00e12e8b_3869,11597.490000003185
00e12e8b_3870,11597.470000003188
00e12e8b_3871,11597.44000000319
00e12e8b_3872,11597.420000003192
00e12e8b_3873,11597.400000003192
00e12e8b_3874,11597.380000003195
00e12e8b_3875,11597.350000003196
00e12e8b_3876,11597.3300000032
00e12e8b_3877,11597.3100000032
00e12e8b_3878,11597.280000003202
00e12e8b_3879,11597.260000003203
00e12e8b_3880,11597.240000003207
00e12e8b_3881,11597.220000003206
00e12e8b_3882,11597.19000000321
00e12e8b_3883,11597.17000000321
00e12e8b_3884,11597.150000003214
00e12e8b_3885,11597.120000003215
00e12e8b_3886,11597.100000003216
00e12e8b_3887,11597.080000003218
00e12e8b_3888,11597.05000000322
00e12e8b_3889,11597.030000003222
00e12e8b_3890,11597.010000003223
00e12e8b_3891,11596.990000003225
00e12e8b_3892,11596.960000003228
00e12e8b_3893,11596.94000000323
00e12e8b_3894,11596.92000000323
00e12e8b_3895,11596.890000003234
00e12e8b_3896,11596.870000003235
00e12e8b_3897,11596.850000003236
00e12e8b_3898,11596.820000003238
00e12e8b_3899,11596.80000000324
00e12e8b_3900,11596.780000003242
00e12e8b_3901,11596.750000003245
00e12e8b_3902,11596.730000003245
00e12e8b_3903,11596.710000003248
00e12e8b_3904,11596.680000003249
00e12e8b_3905,11596.660000003252
00e12e8b_3906,11596.640000003252
00e12e8b_3907,11596.610000003253
00e12e8b_3908,11596.590000003256
00e12e8b_3909,11596.560000003257
00e12e8b_3910,11596.54000000326
00e12e8b_3911,11596.52000000326
00e12e8b_3912,11596.490000003263
00e12e8b_3913,11596.470000003264
00e12e8b_3914,11596.450000003268
00e12e8b_3915,11596.420000003269
00e12e8b_3916,11596.40000000327
00e12e8b_3917,11596.380000003272
00e12e8b_3918,11596.350000003275
00e12e8b_3919,11596.330000003276
00e12e8b_3920,11596.300000003277
00e12e8b_3921,11596.28000000328
00e12e8b_3922,11596.260000003282
00e12e8b_3923,11596.230000003281
00e12e8b_3924,11596.210000003284
00e12e8b_3925,11596.180000003285
00e12e8b_3926,11596.160000003289
00e12e8b_3927,11596.140000003288
00e12e8b_3928,11596.110000003291
00e12e8b_3929,11596.090000003293
00e12e8b_3930,11596.060000003295
00e12e8b_3931,11596.040000003297
00e12e8b_3932,11596.020000003298
00e12e8b_3933,11595.990000003301
00e12e8b_3934,11595.970000003303
00e12e8b_3935,11595.940000003306
00e12e8b_3936,11595.920000003305
00e12e8b_3937,11595.900000003308
00e12e8b_3938,11595.87000000331
00e12e8b_3939,11595.850000003313
00e12e8b_3940,11595.820000003314
00e12e8b_3941,11595.800000003313
00e12e8b_3942,11595.770000003316
00e12e8b_3943,11595.750000003318
00e12e8b_3944,11595.72000000332
00e12e8b_3945,11595.700000003322
00e12e8b_3946,11595.680000003324
00e12e8b_3947,11595.650000003327
00e12e8b_3948,11595.630000003328
00e12e8b_3949,11595.600000003331
00e12e8b_3950,11595.58000000333
00e12e8b_3951,11595.550000003332
00e12e8b_3952,11595.530000003335
00e12e8b_3953,11595.500000003336
00e12e8b_3954,11595.480000003337
00e12e8b_3955,11595.45000000334
00e12e8b_3956,11595.430000003342
00e12e8b_3957,11595.400000003345
00e12e8b_3958,11595.380000003344
00e12e8b_3959,11595.350000003345
00e12e8b_3960,11595.330000003349
00e12e8b_3961,11595.30000000335
00e12e8b_3962,11595.280000003353
00e12e8b_3963,11595.250000003354
00e12e8b_3964,11595.220000003355
00e12e8b_3965,11595.200000003359
00e12e8b_3966,11595.17000000336
00e12e8b_3967,11595.140000003361
00e12e8b_3968,11595.120000003362
00e12e8b_3969,11595.090000003365
00e12e8b_3970,11595.070000003367
00e12e8b_3971,11595.04000000337
00e12e8b_3972,11595.01000000337
00e12e8b_3973,11594.980000003372
00e12e8b_3974,11594.960000003373
00e12e8b_3975,11594.930000003376
00e12e8b_3976,11594.900000003377
00e12e8b_3977,11594.88000000338
00e12e8b_3978,11594.85000000338
00e12e8b_3979,11594.820000003383
00e12e8b_3980,11594.790000003384
00e12e8b_3981,11594.770000003387
00e12e8b_3982,11594.740000003389
00e12e8b_3983,11594.71000000339
00e12e8b_3984,11594.68000000339
00e12e8b_3985,11594.650000003392
00e12e8b_3986,11594.630000003395
00e12e8b_3987,11594.600000003396
00e12e8b_3988,11594.5700000034
00e12e8b_3989,11594.540000003399
00e12e8b_3990,11594.510000003402
00e12e8b_3991,11594.480000003405
00e12e8b_3992,11594.450000003406
00e12e8b_3993,11594.430000003409
00e12e8b_3994,11594.40000000341
00e12e8b_3995,11594.370000003411
00e12e8b_3996,11594.340000003413
00e12e8b_3997,11594.310000003414
00e12e8b_3998,11594.280000003417
00e12e8b_3999,11594.25000000342
00e12e8b_4000,11594.22000000342
00e12e8b_4001,11594.190000003422
00e12e8b_4002,11594.160000003423
00e12e8b_4003,11594.130000003424
00e12e8b_4004,11594.100000003427
00e12e8b_4005,11594.07000000343
00e12e8b_4006,11594.040000003431
00e12e8b_4007,11594.010000003433
00e12e8b_4008,11593.980000003434
00e12e8b_4009,11593.950000003435
00e12e8b_4010,11593.920000003438
00e12e8b_4011,11593.890000003441
00e12e8b_4012,11593.860000003442
00e12e8b_4013,11593.830000003443
00e12e8b_4014,11593.790000003444
00e12e8b_4015,11593.760000003447
00e12e8b_4016,11593.730000003448
00e12e8b_4017,11593.70000000345
00e12e8b_4018,11593.670000003453
00e12e8b_4019,11593.640000003455
00e12e8b_4020,11593.610000003455
00e12e8b_4021,11593.570000003456
00e12e8b_4022,11593.540000003459
00e12e8b_4023,11593.510000003462
00e12e8b_4024,11593.480000003463
00e12e8b_4025,11593.450000003464
00e12e8b_4026,11593.410000003467
00e12e8b_4027,11593.380000003468
00e12e8b_4028,11593.35000000347
00e12e8b_4029,11593.32000000347
00e12e8b_4030,11593.280000003473
00e12e8b_4031,11593.250000003474
00e12e8b_4032,11593.220000003477
00e12e8b_4033,11593.19000000348
00e12e8b_4034,11593.150000003481
00e12e8b_4035,11593.120000003484
00e12e8b_4036,11593.090000003484
00e12e8b_4037,11593.050000003484
00e12e8b_4038,11593.020000003487
00e12e8b_4039,11592.99000000349
00e12e8b_4040,11592.950000003491
00e12e8b_4041,11592.920000003494
00e12e8b_4042,11592.880000003495
00e12e8b_4043,11592.850000003498
00e12e8b_4044,11592.820000003498
00e12e8b_4045,11592.780000003499
00e12e8b_4046,11592.750000003502
00e12e8b_4047,11592.720000003505
00e12e8b_4048,11592.680000003505
00e12e8b_4049,11592.650000003508
00e12e8b_4050,11592.62000000351
00e12e8b_4051,11592.59000000351
00e12e8b_4052,11592.550000003514
00e12e8b_4053,11592.520000003515
00e12e8b_4054,11592.490000003516
00e12e8b_4055,11592.460000003517
00e12e8b_4056,11592.43000000352
00e12e8b_4057,11592.400000003523
00e12e8b_4058,11592.370000003524
00e12e8b_4059,11592.340000003525
00e12e8b_4060,11592.310000003527
00e12e8b_4061,11592.280000003528
00e12e8b_4062,11592.25000000353
00e12e8b_4063,11592.220000003534
00e12e8b_4064,11592.190000003535
00e12e8b_4065,11592.160000003536
00e12e8b_4066,11592.140000003537
00e12e8b_4067,11592.11000000354
00e12e8b_4068,11592.080000003541
00e12e8b_4069,11592.050000003543
00e12e8b_4070,11592.030000003544
00e12e8b_4071,11592.000000003547
00e12e8b_4072,11591.970000003548
00e12e8b_4073,11591.950000003551
00e12e8b_4074,11591.920000003553
00e12e8b_4075,11591.900000003552
00e12e8b_4076,11591.870000003555
00e12e8b_4077,11591.850000003556
00e12e8b_4078,11591.82000000356
00e12e8b_4079,11591.80000000356
00e12e8b_4080,11591.780000003562
00e12e8b_4081,11591.750000003565
00e12e8b_4082,11591.730000003567
00e12e8b_4083,11591.710000003568
00e12e8b_4084,11591.68000000357
00e12e8b_4085,11591.660000003572
00e12e8b_4086,11591.640000003574
00e12e8b_4087,11591.620000003575
00e12e8b_4088,11591.590000003576
00e12e8b_4089,11591.57000000358
00e12e8b_4090,11591.55000000358
00e12e8b_4091,11591.530000003582
00e12e8b_4092,11591.510000003584
00e12e8b_4093,11591.490000003585
00e12e8b_4094,11591.470000003588
00e12e8b_4095,11591.450000003588
00e12e8b_4096,11591.430000003591
00e12e8b_4097,11591.410000003594
00e12e8b_4098,11591.390000003596
00e12e8b_4099,11591.380000003595
00e12e8b_4100,11591.360000003599
00e12e8b_4101,11591.340000003602
00e12e8b_4102,11591.320000003601
00e12e8b_4103,11591.310000003603
00e12e8b_4104,11591.290000003606
00e12e8b_4105,11591.270000003606
00e12e8b_4106,11591.26000000361
00e12e8b_4107,11591.24000000361
00e12e8b_4108,11591.220000003612
00e12e8b_4109,11591.210000003615
00e12e8b_4110,11591.190000003617
00e12e8b_4111,11591.180000003616
00e12e8b_4112,11591.16000000362
00e12e8b_4113,11591.150000003621
00e12e8b_4114,11591.130000003623
00e12e8b_4115,11591.120000003626
00e12e8b_4116,11591.110000003628
00e12e8b_4117,11591.090000003627
00e12e8b_4118,11591.08000000363
00e12e8b_4119,11591.07000000363
00e12e8b_4120,11591.060000003634
00e12e8b_4121,11591.040000003635
00e12e8b_4122,11591.030000003637
00e12e8b_4123,11591.020000003638
00e12e8b_4124,11591.010000003642
00e12e8b_4125,11591.000000003642
00e12e8b_4126,11590.990000003645
00e12e8b_4127,11590.980000003645
00e12e8b_4128,11590.970000003648
00e12e8b_4129,11590.960000003652
00e12e8b_4130,11590.950000003651
00e12e8b_4131,11590.940000003655
00e12e8b_4132,11590.930000003655
00e12e8b_4133,11590.920000003658
00e12e8b_4134,11590.91000000366
00e12e8b_4135,11590.900000003661
00e12e8b_4136,11590.900000003663
00e12e8b_4137,11590.890000003663
00e12e8b_4138,11590.880000003666
00e12e8b_4139,11590.880000003668
00e12e8b_4140,11590.87000000367
00e12e8b_4141,11590.860000003671
00e12e8b_4142,11590.860000003673
00e12e8b_4143,11590.850000003677
00e12e8b_4144,11590.850000003677
00e12e8b_4145,11590.840000003678
00e12e8b_4146,11590.84000000368
00e12e8b_4147,11590.840000003682
00e12e8b_4148,11590.840000003684
00e12e8b_4149,11590.840000003685
00e12e8b_4150,11590.830000003687
00e12e8b_4151,11590.83000000369
00e12e8b_4152,11590.83000000369
00e12e8b_4153,11590.830000003694
00e12e8b_4154,11590.840000003695
00e12e8b_4155,11590.840000003696
00e12e8b_4156,11590.840000003698
00e12e8b_4157,11590.8400000037
00e12e8b_4158,11590.850000003702
00e12e8b_4159,11590.850000003702
00e12e8b_4160,11590.850000003706
00e12e8b_4161,11590.860000003708
00e12e8b_4162,11590.87000000371
00e12e8b_4163,11590.87000000371
00e12e8b_4164,11590.880000003712
00e12e8b_4165,11590.890000003714
00e12e8b_4166,11590.890000003716
00e12e8b_4167,11590.90000000372
00e12e8b_4168,11590.91000000372
00e12e8b_4169,11590.92000000372
00e12e8b_4170,11590.930000003724
00e12e8b_4171,11590.940000003724
00e12e8b_4172,11590.950000003726
00e12e8b_4173,11590.960000003728
00e12e8b_4174,11590.98000000373
00e12e8b_4175,11590.99000000373
00e12e8b_4176,11591.000000003734
00e12e8b_4177,11591.010000003735
00e12e8b_4178,11591.030000003737
00e12e8b_4179,11591.04000000374
00e12e8b_4180,11591.060000003741
00e12e8b_4181,11591.080000003742
00e12e8b_4182,11591.090000003744
00e12e8b_4183,11591.110000003748
00e12e8b_4184,11591.130000003748
00e12e8b_4185,11591.150000003749
00e12e8b_4186,11591.160000003752
00e12e8b_4187,11591.180000003755
00e12e8b_4188,11591.200000003755
00e12e8b_4189,11591.220000003756
00e12e8b_4190,11591.24000000376
00e12e8b_4191,11591.270000003762
00e12e8b_4192,11591.290000003763
00e12e8b_4193,11591.310000003763
00e12e8b_4194,11591.330000003765
00e12e8b_4195,11591.360000003766
00e12e8b_4196,11591.38000000377
00e12e8b_4197,11591.410000003772
00e12e8b_4198,11591.430000003773
00e12e8b_4199,11591.460000003775
00e12e8b_4200,11591.480000003776
00e12e8b_4201,11591.510000003778
00e12e8b_4202,11591.54000000378
00e12e8b_4203,11591.570000003783
00e12e8b_4204,11591.600000003784
00e12e8b_4205,11591.630000003785
00e12e8b_4206,11591.650000003787
00e12e8b_4207,11591.69000000379
00e12e8b_4208,11591.72000000379
00e12e8b_4209,11591.750000003794
00e12e8b_4210,11591.780000003795
00e12e8b_4211,11591.810000003796
00e12e8b_4212,11591.840000003798
00e12e8b_4213,11591.880000003799
00e12e8b_4214,11591.910000003802
00e12e8b_4215,11591.950000003802
00e12e8b_4216,11591.980000003805
00e12e8b_4217,11592.020000003806
00e12e8b_4218,11592.050000003808
00e12e8b_4219,11592.09000000381
00e12e8b_4220,11592.130000003812
00e12e8b_4221,11592.170000003814
00e12e8b_4222,11592.210000003815
00e12e8b_4223,11592.240000003818
00e12e8b_4224,11592.280000003819
00e12e8b_4225,11592.32000000382
00e12e8b_4226,11592.370000003822
00e12e8b_4227,11592.410000003823
00e12e8b_4228,11592.450000003826
00e12e8b_4229,11592.490000003829
00e12e8b_4230,11592.53000000383
00e12e8b_4231,11592.580000003833
00e12e8b_4232,11592.620000003833
00e12e8b_4233,11592.670000003836
00e12e8b_4234,11592.710000003837
00e12e8b_4235,11592.76000000384
00e12e8b_4236,11592.800000003841
00e12e8b_4237,11592.850000003844
00e12e8b_4238,11592.890000003845
00e12e8b_4239,11592.940000003848
00e12e8b_4240,11592.980000003849
00e12e8b_4241,11593.030000003851
00e12e8b_4242,11593.070000003852
00e12e8b_4243,11593.120000003852
00e12e8b_4244,11593.160000003854
00e12e8b_4245,11593.210000003855
00e12e8b_4246,11593.250000003858
00e12e8b_4247,11593.30000000386
00e12e8b_4248,11593.350000003862
00e12e8b_4249,11593.390000003863
00e12e8b_4250,11593.440000003866
00e12e8b_4251,11593.480000003867
00e12e8b_4252,11593.53000000387
00e12e8b_4253,11593.57000000387
00e12e8b_4254,11593.620000003873
00e12e8b_4255,11593.660000003874
00e12e8b_4256,11593.710000003877
00e12e8b_4257,11593.750000003878
00e12e8b_4258,11593.80000000388
00e12e8b_4259,11593.840000003882
00e12e8b_4260,11593.890000003883
00e12e8b_4261,11593.930000003886
00e12e8b_4262,11593.980000003887
00e12e8b_4263,11594.02000000389
00e12e8b_4264,11594.07000000389
00e12e8b_4265,11594.110000003893
00e12e8b_4266,11594.160000003894
00e12e8b_4267,11594.200000003897
00e12e8b_4268,11594.250000003898
00e12e8b_4269,11594.2900000039
00e12e8b_4270,11594.340000003902
00e12e8b_4271,11594.380000003905
00e12e8b_4272,11594.420000003905
00e12e8b_4273,11594.470000003908
00e12e8b_4274,11594.51000000391
00e12e8b_4275,11594.560000003908
00e12e8b_4276,11594.600000003911
00e12e8b_4277,11594.650000003912
00e12e8b_4278,11594.690000003915
00e12e8b_4279,11594.740000003916
00e12e8b_4280,11594.780000003919
00e12e8b_4281,11594.83000000392
00e12e8b_4282,11594.870000003923
00e12e8b_4283,11594.920000003924
00e12e8b_4284,11594.960000003926
00e12e8b_4285,11595.010000003927
00e12e8b_4286,11595.05000000393
00e12e8b_4287,11595.090000003933
00e12e8b_4288,11595.140000003934
00e12e8b_4289,11595.180000003937
00e12e8b_4290,11595.230000003938
00e12e8b_4291,11595.27000000394
00e12e8b_4292,11595.320000003941
00e12e8b_4293,11595.360000003944
00e12e8b_4294,11595.410000003943
00e12e8b_4295,11595.450000003944
00e12e8b_4296,11595.490000003947
00e12e8b_4297,11595.540000003948
00e12e8b_4298,11595.58000000395
00e12e8b_4299,11595.630000003952
00e12e8b_4300,11595.670000003955
00e12e8b_4301,11595.720000003956
00e12e8b_4302,11595.760000003958
00e12e8b_4303,11595.800000003961
00e12e8b_4304,11595.850000003962
00e12e8b_4305,11595.890000003965
00e12e8b_4306,11595.940000003966
00e12e8b_4307,11595.980000003969
00e12e8b_4308,11596.03000000397
00e12e8b_4309,11596.070000003972
00e12e8b_4310,11596.110000003973
00e12e8b_4311,11596.160000003976
00e12e8b_4312,11596.200000003977
00e12e8b_4313,11596.250000003976
00e12e8b_4314,11596.290000003979
00e12e8b_4315,11596.34000000398
00e12e8b_4316,11596.380000003983
00e12e8b_4317,11596.420000003985
00e12e8b_4318,11596.470000003987
00e12e8b_4319,11596.51000000399
00e12e8b_4320,11596.56000000399
00e12e8b_4321,11596.600000003993
00e12e8b_4322,11596.640000003994
00e12e8b_4323,11596.690000003997
00e12e8b_4324,11596.730000003998
00e12e8b_4325,11596.770000003999
00e12e8b_4326,11596.820000004001
00e12e8b_4327,11596.860000004002
00e12e8b_4328,11596.910000004005
00e12e8b_4329,11596.950000004006
00e12e8b_4330,11596.990000004009
00e12e8b_4331,11597.04000000401
00e12e8b_4332,11597.080000004013
00e12e8b_4333,11597.130000004014
00e12e8b_4334,11597.170000004015
00e12e8b_4335,11597.210000004015
00e12e8b_4336,11597.260000004018
00e12e8b_4337,11597.30000000402
00e12e8b_4338,11597.350000004022
00e12e8b_4339,11597.390000004023
00e12e8b_4340,11597.430000004026
00e12e8b_4341,11597.480000004027
00e12e8b_4342,11597.52000000403
00e12e8b_4343,11597.57000000403
00e12e8b_4344,11597.610000004033
00e12e8b_4345,11597.650000004036
00e12e8b_4346,11597.700000004037
00e12e8b_4347,11597.74000000404
00e12e8b_4348,11597.79000000404
00e12e8b_4349,11597.830000004044
00e12e8b_4350,11597.870000004044
00e12e8b_4351,11597.920000004047
00e12e8b_4352,11597.960000004048
00e12e8b_4353,11598.010000004051
00e12e8b_4354,11598.050000004052
00e12e8b_4355,11598.090000004053
00e12e8b_4356,11598.140000004054
00e12e8b_4357,11598.180000004057
00e12e8b_4358,11598.230000004058
00e12e8b_4359,11598.27000000406
00e12e8b_4360,11598.310000004061
00e12e8b_4361,11598.360000004064
00e12e8b_4362,11598.400000004065
00e12e8b_4363,11598.450000004068
00e12e8b_4364,11598.490000004069
00e12e8b_4365,11598.540000004072
00e12e8b_4366,11598.580000004073
00e12e8b_4367,11598.620000004074
00e12e8b_4368,11598.670000004076
00e12e8b_4369,11598.710000004077
00e12e8b_4370,11598.76000000408
00e12e8b_4371,11598.800000004081
00e12e8b_4372,11598.850000004084
00e12e8b_4373,11598.890000004085
00e12e8b_4374,11598.930000004088
00e12e8b_4375,11598.980000004089
00e12e8b_4376,11599.02000000409
00e12e8b_4377,11599.070000004092
00e12e8b_4378,11599.110000004093
00e12e8b_4379,11599.160000004096
00e12e8b_4380,11599.200000004097
00e12e8b_4381,11599.240000004098
00e12e8b_4382,11599.2900000041
00e12e8b_4383,11599.330000004102
00e12e8b_4384,11599.380000004105
00e12e8b_4385,11599.420000004106
00e12e8b_4386,11599.470000004108
00e12e8b_4387,11599.51000000411
00e12e8b_4388,11599.560000004112
00e12e8b_4389,11599.600000004113
00e12e8b_4390,11599.650000004116
00e12e8b_4391,11599.690000004117
00e12e8b_4392,11599.73000000412
00e12e8b_4393,11599.78000000412
00e12e8b_4394,11599.820000004122
00e12e8b_4395,11599.870000004124
00e12e8b_4396,11599.910000004125
00e12e8b_4397,11599.960000004128
00e12e8b_4398,11600.00000000413
00e12e8b_4399,11600.050000004132
00e12e8b_4400,11600.090000004133
00e12e8b_4401,11600.140000004136
00e12e8b_4402,11600.180000004137
00e12e8b_4403,11600.220000004138
00e12e8b_4404,11600.27000000414
00e12e8b_4405,11600.310000004141
00e12e8b_4406,11600.360000004144
00e12e8b_4407,11600.400000004145
00e12e8b_4408,11600.450000004148
00e12e8b_4409,11600.490000004149
00e12e8b_4410,11600.540000004152
00e12e8b_4411,11600.580000004153
00e12e8b_4412,11600.630000004154
00e12e8b_4413,11600.670000004156
00e12e8b_4414,11600.720000004158
00e12e8b_4415,11600.76000000416
00e12e8b_4416,11600.810000004161
00e12e8b_4417,11600.850000004164
00e12e8b_4418,11600.900000004165
00e12e8b_4419,11600.940000004168
00e12e8b_4420,11600.990000004169
00e12e8b_4421,11601.030000004172
00e12e8b_4422,11601.080000004173
00e12e8b_4423,11601.120000004175
00e12e8b_4424,11601.160000004176
00e12e8b_4425,11601.21000000418
00e12e8b_4426,11601.25000000418
00e12e8b_4427,11601.300000004183
00e12e8b_4428,11601.340000004184
00e12e8b_4429,11601.390000004183
00e12e8b_4430,11601.430000004186
00e12e8b_4431,11601.480000004187
00e12e8b_4432,11601.52000000419
00e12e8b_4433,11601.57000000419
00e12e8b_4434,11601.610000004193
00e12e8b_4435,11601.660000004194
00e12e8b_4436,11601.700000004197
00e12e8b_4437,11601.7400000042
00e12e8b_4438,11601.790000004201
00e12e8b_4439,11601.830000004204
00e12e8b_4440,11601.880000004205
00e12e8b_4441,11601.920000004207
00e12e8b_4442,11601.960000004208
00e12e8b_4443,11602.010000004211
00e12e8b_4444,11602.050000004212
00e12e8b_4445,11602.100000004215
00e12e8b_4446,11602.140000004216
00e12e8b_4447,11602.180000004217
00e12e8b_4448,11602.230000004218
00e12e8b_4449,11602.27000000422
00e12e8b_4450,11602.310000004221
00e12e8b_4451,11602.360000004224
00e12e8b_4452,11602.400000004225
00e12e8b_4453,11602.440000004226
00e12e8b_4454,11602.490000004229
00e12e8b_4455,11602.53000000423
00e12e8b_4456,11602.570000004232
00e12e8b_4457,11602.620000004234
00e12e8b_4458,11602.660000004236
00e12e8b_4459,11602.700000004239
00e12e8b_4460,11602.75000000424
00e12e8b_4461,11602.790000004243
00e12e8b_4462,11602.830000004244
00e12e8b_4463,11602.880000004247
00e12e8b_4464,11602.920000004247
00e12e8b_4465,11602.960000004248
00e12e8b_4466,11603.000000004251
00e12e8b_4467,11603.050000004252
00e12e8b_4468,11603.090000004255
00e12e8b_4469,11603.130000004257
00e12e8b_4470,11603.170000004258
00e12e8b_4471,11603.220000004261
00e12e8b_4472,11603.260000004262
00e12e8b_4473,11603.300000004263
00e12e8b_4474,11603.340000004266
00e12e8b_4475,11603.390000004267
00e12e8b_4476,11603.43000000427
00e12e8b_4477,11603.470000004272
00e12e8b_4478,11603.510000004273
00e12e8b_4479,11603.560000004272
00e12e8b_4480,11603.600000004275
00e12e8b_4481,11603.640000004278
00e12e8b_4482,11603.680000004279
00e12e8b_4483,11603.72000000428
00e12e8b_4484,11603.760000004282
00e12e8b_4485,11603.810000004283
00e12e8b_4486,11603.850000004286
00e12e8b_4487,11603.890000004289
00e12e8b_4488,11603.93000000429
00e12e8b_4489,11603.97000000429
00e12e8b_4490,11604.010000004293
00e12e8b_4491,11604.060000004294
00e12e8b_4492,11604.100000004297
00e12e8b_4493,11604.1400000043
00e12e8b_4494,11604.1800000043
00e12e8b_4495,11604.220000004301
00e12e8b_4496,11604.260000004304
00e12e8b_4497,11604.300000004307
00e12e8b_4498,11604.340000004308
00e12e8b_4499,11604.39000000431
00e12e8b_4500,11604.430000004311
00e12e8b_4501,11604.470000004312
00e12e8b_4502,11604.510000004315
00e12e8b_4503,11604.550000004318
00e12e8b_4504,11604.590000004318
00e12e8b_4505,11604.63000000432
00e12e8b_4506,11604.670000004322
00e12e8b_4507,11604.710000004325
00e12e8b_4508,11604.750000004326
00e12e8b_4509,11604.790000004326
00e12e8b_4510,11604.83000000433
00e12e8b_4511,11604.870000004332
00e12e8b_4512,11604.910000004333
00e12e8b_4513,11604.950000004334
00e12e8b_4514,11604.990000004336
00e12e8b_4515,11605.030000004339
00e12e8b_4516,11605.07000000434
00e12e8b_4517,11605.11000000434
00e12e8b_4518,11605.150000004343
00e12e8b_4519,11605.190000004346
00e12e8b_4520,11605.230000004347
00e12e8b_4521,11605.270000004348
00e12e8b_4522,11605.31000000435
00e12e8b_4523,11605.350000004353
00e12e8b_4524,11605.390000004354
00e12e8b_4525,11605.430000004355
00e12e8b_4526,11605.470000004358
00e12e8b_4527,11605.51000000436
00e12e8b_4528,11605.550000004361
00e12e8b_4529,11605.590000004362
00e12e8b_4530,11605.630000004365
00e12e8b_4531,11605.660000004365
00e12e8b_4532,11605.700000004368
00e12e8b_4533,11605.74000000437
00e12e8b_4534,11605.780000004372
00e12e8b_4535,11605.820000004373
00e12e8b_4536,11605.860000004375
00e12e8b_4537,11605.890000004376
00e12e8b_4538,11605.930000004379
00e12e8b_4539,11605.970000004381
00e12e8b_4540,11606.010000004382
00e12e8b_4541,11606.040000004385
00e12e8b_4542,11606.080000004386
00e12e8b_4543,11606.120000004386
00e12e8b_4544,11606.160000004389
00e12e8b_4545,11606.190000004393
00e12e8b_4546,11606.230000004394
00e12e8b_4547,11606.270000004395
00e12e8b_4548,11606.300000004398
00e12e8b_4549,11606.340000004398
00e12e8b_4550,11606.380000004401
00e12e8b_4551,11606.410000004402
00e12e8b_4552,11606.450000004405
00e12e8b_4553,11606.480000004405
00e12e8b_4554,11606.520000004408
00e12e8b_4555,11606.56000000441
00e12e8b_4556,11606.590000004411
00e12e8b_4557,11606.630000004414
00e12e8b_4558,11606.660000004415
00e12e8b_4559,11606.700000004417
00e12e8b_4560,11606.730000004418
00e12e8b_4561,11606.77000000442
00e12e8b_4562,11606.800000004421
00e12e8b_4563,11606.840000004424
00e12e8b_4564,11606.870000004425
00e12e8b_4565,11606.910000004427
00e12e8b_4566,11606.94000000443
00e12e8b_4567,11606.98000000443
00e12e8b_4568,11607.010000004433
00e12e8b_4569,11607.050000004434
00e12e8b_4570,11607.080000004436
00e12e8b_4571,11607.110000004439
00e12e8b_4572,11607.15000000444
00e12e8b_4573,11607.180000004442
00e12e8b_4574,11607.220000004443
00e12e8b_4575,11607.250000004446
00e12e8b_4576,11607.280000004446
00e12e8b_4577,11607.320000004449
00e12e8b_4578,11607.35000000445
00e12e8b_4579,11607.380000004454
00e12e8b_4580,11607.420000004455
00e12e8b_4581,11607.450000004457
00e12e8b_4582,11607.480000004458
00e12e8b_4583,11607.510000004459
00e12e8b_4584,11607.550000004461
00e12e8b_4585,11607.580000004462
00e12e8b_4586,11607.610000004464
00e12e8b_4587,11607.640000004467
00e12e8b_4588,11607.680000004468
00e12e8b_4589,11607.71000000447
00e12e8b_4590,11607.740000004473
00e12e8b_4591,11607.770000004475
00e12e8b_4592,11607.800000004476
00e12e8b_4593,11607.830000004476
00e12e8b_4594,11607.87000000448
00e12e8b_4595,11607.90000000448
00e12e8b_4596,11607.930000004482
00e12e8b_4597,11607.960000004485
00e12e8b_4598,11607.990000004485
00e12e8b_4599,11608.020000004486
00e12e8b_4600,11608.05000000449
00e12e8b_4601,11608.080000004491
00e12e8b_4602,11608.110000004493
00e12e8b_4603,11608.140000004496
00e12e8b_4604,11608.170000004497
00e12e8b_4605,11608.200000004497
00e12e8b_4606,11608.2300000045
00e12e8b_4607,11608.260000004502
00e12e8b_4608,11608.290000004505
00e12e8b_4609,11608.320000004507
00e12e8b_4610,11608.350000004508
00e12e8b_4611,11608.380000004508
00e12e8b_4612,11608.410000004511
00e12e8b_4613,11608.440000004513
00e12e8b_4614,11608.470000004514
00e12e8b_4615,11608.500000004515
00e12e8b_4616,11608.530000004519
00e12e8b_4617,11608.56000000452
00e12e8b_4618,11608.590000004522
00e12e8b_4619,11608.620000004525
00e12e8b_4620,11608.640000004525
00e12e8b_4621,11608.670000004528
00e12e8b_4622,11608.700000004528
00e12e8b_4623,11608.730000004529
00e12e8b_4624,11608.760000004533
00e12e8b_4625,11608.790000004534
00e12e8b_4626,11608.820000004536
00e12e8b_4627,11608.850000004539
00e12e8b_4628,11608.88000000454
00e12e8b_4629,11608.91000000454
00e12e8b_4630,11608.940000004543
00e12e8b_4631,11608.960000004547
00e12e8b_4632,11608.990000004547
00e12e8b_4633,11609.020000004548
00e12e8b_4634,11609.05000000455
00e12e8b_4635,11609.080000004553
00e12e8b_4636,11609.110000004554
00e12e8b_4637,11609.140000004554
00e12e8b_4638,11609.170000004557
00e12e8b_4639,11609.20000000456
00e12e8b_4640,11609.230000004562
00e12e8b_4641,11609.260000004564
00e12e8b_4642,11609.280000004564
00e12e8b_4643,11609.310000004567
00e12e8b_4644,11609.340000004568
00e12e8b_4645,11609.370000004568
00e12e8b_4646,11609.40000000457
00e12e8b_4647,11609.430000004573
00e12e8b_4648,11609.460000004576
00e12e8b_4649,11609.490000004578
00e12e8b_4650,11609.520000004579
00e12e8b_4651,11609.55000000458
00e12e8b_4652,11609.570000004582
00e12e8b_4653,11609.600000004582
00e12e8b_4654,11609.630000004587
00e12e8b_4655,11609.660000004587
00e12e8b_4656,11609.69000000459
00e12e8b_4657,11609.720000004592
00e12e8b_4658,11609.750000004593
00e12e8b_4659,11609.780000004594
00e12e8b_4660,11609.810000004596
00e12e8b_4661,11609.8300000046
00e12e8b_4662,11609.8600000046
00e12e8b_4663,11609.890000004601
00e12e8b_4664,11609.920000004604
00e12e8b_4665,11609.950000004606
00e12e8b_4666,11609.980000004607
00e12e8b_4667,11610.010000004608
00e12e8b_4668,11610.04000000461
00e12e8b_4669,11610.070000004613
00e12e8b_4670,11610.090000004615
00e12e8b_4671,11610.120000004616
00e12e8b_4672,11610.150000004618
00e12e8b_4673,11610.18000000462
00e12e8b_4674,11610.210000004621
00e12e8b_4675,11610.240000004622
00e12e8b_4676,11610.270000004624
00e12e8b_4677,11610.300000004627
00e12e8b_4678,11610.33000000463
00e12e8b_4679,11610.35000000463
00e12e8b_4680,11610.380000004632
00e12e8b_4681,11610.410000004635
00e12e8b_4682,11610.440000004635
00e12e8b_4683,11610.470000004636
00e12e8b_4684,11610.50000000464
00e12e8b_4685,11610.53000000464
00e12e8b_4686,11610.560000004643
00e12e8b_4687,11610.580000004644
00e12e8b_4688,11610.610000004646
00e12e8b_4689,11610.640000004649
00e12e8b_4690,11610.67000000465
00e12e8b_4691,11610.70000000465
00e12e8b_4692,11610.730000004654
00e12e8b_4693,11610.760000004655
00e12e8b_4694,11610.790000004657
00e12e8b_4695,11610.810000004658
00e12e8b_4696,11610.84000000466
00e12e8b_4697,11610.870000004663
00e12e8b_4698,11610.900000004664
00e12e8b_4699,11610.930000004668
00e12e8b_4700,11610.960000004668
00e12e8b_4701,11610.99000000467
00e12e8b_4702,11611.020000004672
00e12e8b_4703,11611.040000004672
00e12e8b_4704,11611.070000004675
00e12e8b_4705,11611.100000004677
00e12e8b_4706,11611.13000000468
00e12e8b_4707,11611.160000004682
00e12e8b_4708,11611.190000004683
00e12e8b_4709,11611.220000004683
00e12e8b_4710,11611.240000004685
00e12e8b_4711,11611.270000004686
00e12e8b_4712,11611.300000004689
00e12e8b_4713,11611.330000004691
00e12e8b_4714,11611.360000004694
00e12e8b_4715,11611.380000004694
00e12e8b_4716,11611.410000004696
00e12e8b_4717,11611.440000004699
00e12e8b_4718,11611.4600000047
00e12e8b_4719,11611.490000004702
00e12e8b_4720,11611.520000004704
00e12e8b_4721,11611.540000004705
00e12e8b_4722,11611.570000004707
00e12e8b_4723,11611.590000004708
00e12e8b_4724,11611.62000000471
00e12e8b_4725,11611.640000004714
00e12e8b_4726,11611.670000004715
00e12e8b_4727,11611.690000004717
00e12e8b_4728,11611.720000004718
00e12e8b_4729,11611.74000000472
00e12e8b_4730,11611.77000000472
00e12e8b_4731,11611.790000004723
00e12e8b_4732,11611.820000004725
00e12e8b_4733,11611.840000004726
00e12e8b_4734,11611.860000004728
00e12e8b_4735,11611.890000004729
00e12e8b_4736,11611.910000004733
00e12e8b_4737,11611.930000004733
00e12e8b_4738,11611.950000004736
00e12e8b_4739,11611.980000004736
00e12e8b_4740,11612.000000004738
00e12e8b_4741,11612.02000000474
00e12e8b_4742,11612.040000004743
00e12e8b_4743,11612.060000004745
00e12e8b_4744,11612.080000004746
00e12e8b_4745,11612.10000000475
00e12e8b_4746,11612.13000000475
00e12e8b_4747,11612.150000004753
00e12e8b_4748,11612.170000004753
00e12e8b_4749,11612.190000004754
00e12e8b_4750,11612.210000004758
00e12e8b_4751,11612.230000004758
00e12e8b_4752,11612.25000000476
00e12e8b_4753,11612.270000004763
00e12e8b_4754,11612.280000004765
00e12e8b_4755,11612.300000004765
00e12e8b_4756,11612.320000004767
00e12e8b_4757,11612.34000000477
00e12e8b_4758,11612.360000004772
00e12e8b_4759,11612.380000004774
00e12e8b_4760,11612.390000004774
00e12e8b_4761,11612.410000004777
00e12e8b_4762,11612.430000004779
00e12e8b_4763,11612.450000004781
00e12e8b_4764,11612.460000004781
00e12e8b_4765,11612.480000004784
00e12e8b_4766,11612.500000004786
00e12e8b_4767,11612.510000004786
00e12e8b_4768,11612.530000004788
00e12e8b_4769,11612.55000000479
00e12e8b_4770,11612.560000004793
00e12e8b_4771,11612.580000004793
00e12e8b_4772,11612.590000004797
00e12e8b_4773,11612.610000004799
00e12e8b_4774,11612.6200000048
00e12e8b_4775,11612.640000004802
00e12e8b_4776,11612.650000004804
00e12e8b_4777,11612.670000004804
00e12e8b_4778,11612.680000004806
00e12e8b_4779,11612.690000004808
00e12e8b_4780,11612.71000000481
00e12e8b_4781,11612.72000000481
00e12e8b_4782,11612.730000004814
00e12e8b_4783,11612.750000004817
00e12e8b_4784,11612.760000004817
00e12e8b_4785,11612.77000000482
00e12e8b_4786,11612.790000004821
00e12e8b_4787,11612.800000004823
00e12e8b_4788,11612.810000004825
00e12e8b_4789,11612.820000004827
00e12e8b_4790,11612.830000004828
00e12e8b_4791,11612.840000004831
00e12e8b_4792,11612.860000004832
00e12e8b_4793,11612.870000004834
00e12e8b_4794,11612.880000004836
00e12e8b_4795,11612.890000004838
00e12e8b_4796,11612.900000004838
00e12e8b_4797,11612.910000004842
00e12e8b_4798,11612.920000004842
00e12e8b_4799,11612.930000004846
00e12e8b_4800,11612.940000004846
00e12e8b_4801,11612.950000004847
00e12e8b_4802,11612.96000000485
00e12e8b_4803,11612.97000000485
00e12e8b_4804,11612.970000004852
00e12e8b_4805,11612.980000004856
00e12e8b_4806,11612.990000004856
00e12e8b_4807,11613.00000000486
00e12e8b_4808,11613.01000000486
00e12e8b_4809,11613.02000000486
00e12e8b_4810,11613.030000004865
00e12e8b_4811,11613.040000004865
00e12e8b_4812,11613.050000004867
00e12e8b_4813,11613.060000004869
00e12e8b_4814,11613.070000004871
00e12e8b_4815,11613.090000004871
00e12e8b_4816,11613.100000004875
00e12e8b_4817,11613.110000004875
00e12e8b_4818,11613.120000004878
00e12e8b_4819,11613.13000000488
00e12e8b_4820,11613.140000004882
00e12e8b_4821,11613.160000004882
00e12e8b_4822,11613.170000004886
00e12e8b_4823,11613.180000004886
00e12e8b_4824,11613.200000004888
00e12e8b_4825,11613.210000004892
00e12e8b_4826,11613.220000004892
00e12e8b_4827,11613.240000004895
00e12e8b_4828,11613.250000004897
00e12e8b_4829,11613.260000004899
00e12e8b_4830,11613.2800000049
00e12e8b_4831,11613.290000004901
00e12e8b_4832,11613.310000004903
00e12e8b_4833,11613.320000004904
00e12e8b_4834,11613.340000004906
00e12e8b_4835,11613.35000000491
00e12e8b_4836,11613.37000000491
00e12e8b_4837,11613.380000004912
00e12e8b_4838,11613.400000004915
00e12e8b_4839,11613.420000004917
00e12e8b_4840,11613.430000004917
00e12e8b_4841,11613.45000000492
00e12e8b_4842,11613.470000004922
00e12e8b_4843,11613.480000004922
00e12e8b_4844,11613.500000004924
00e12e8b_4845,11613.520000004926
00e12e8b_4846,11613.540000004929
00e12e8b_4847,11613.550000004929
00e12e8b_4848,11613.570000004931
00e12e8b_4849,11613.590000004933
00e12e8b_4850,11613.610000004936
00e12e8b_4851,11613.630000004938
00e12e8b_4852,11613.650000004938
00e12e8b_4853,11613.66000000494
00e12e8b_4854,11613.680000004942
00e12e8b_4855,11613.700000004945
00e12e8b_4856,11613.720000004945
00e12e8b_4857,11613.74000000495
00e12e8b_4858,11613.76000000495
00e12e8b_4859,11613.78000000495
00e12e8b_4860,11613.800000004952
00e12e8b_4861,11613.830000004957
00e12e8b_4862,11613.850000004957
00e12e8b_4863,11613.870000004958
00e12e8b_4864,11613.89000000496
00e12e8b_4865,11613.910000004962
00e12e8b_4866,11613.930000004964
00e12e8b_4867,11613.950000004967
00e12e8b_4868,11613.980000004967
00e12e8b_4869,11614.00000000497
00e12e8b_4870,11614.020000004972
00e12e8b_4871,11614.040000004974
00e12e8b_4872,11614.070000004975
00e12e8b_4873,11614.090000004977
00e12e8b_4874,11614.110000004977
00e12e8b_4875,11614.14000000498
00e12e8b_4876,11614.160000004982
00e12e8b_4877,11614.190000004983
00e12e8b_4878,11614.210000004985
00e12e8b_4879,11614.240000004986
00e12e8b_4880,11614.260000004988
00e12e8b_4881,11614.290000004992
00e12e8b_4882,11614.310000004993
00e12e8b_4883,11614.340000004995
00e12e8b_4884,11614.360000004996
00e12e8b_4885,11614.390000004998
00e12e8b_4886,11614.410000005
00e12e8b_4887,11614.440000005001
00e12e8b_4888,11614.470000005003
00e12e8b_4889,11614.490000005004
00e12e8b_4890,11614.520000005006
00e12e8b_4891,11614.550000005009
00e12e8b_4892,11614.570000005011
00e12e8b_4893,11614.600000005012
00e12e8b_4894,11614.630000005014
00e12e8b_4895,11614.660000005017
00e12e8b_4896,11614.690000005017
00e12e8b_4897,11614.71000000502
00e12e8b_4898,11614.74000000502
00e12e8b_4899,11614.77000000502
00e12e8b_4900,11614.800000005025
00e12e8b_4901,11614.830000005026
00e12e8b_4902,11614.850000005028
00e12e8b_4903,11614.880000005029
00e12e8b_4904,11614.910000005031
00e12e8b_4905,11614.940000005034
00e12e8b_4906,11614.960000005036
00e12e8b_4907,11614.990000005037
00e12e8b_4908,11615.010000005039
00e12e8b_4909,11615.04000000504
00e12e8b_4910,11615.070000005042
00e12e8b_4911,11615.090000005042
00e12e8b_4912,11615.110000005046
00e12e8b_4913,11615.140000005049
00e12e8b_4914,11615.16000000505
00e12e8b_4915,11615.190000005052
00e12e8b_4916,11615.210000005052
00e12e8b_4917,11615.230000005056
00e12e8b_4918,11615.260000005057
00e12e8b_4919,11615.28000000506
00e12e8b_4920,11615.30000000506
00e12e8b_4921,11615.32000000506
00e12e8b_4922,11615.350000005064
00e12e8b_4923,11615.370000005067
00e12e8b_4924,11615.390000005067
00e12e8b_4925,11615.410000005068
00e12e8b_4926,11615.430000005072
00e12e8b_4927,11615.450000005072
00e12e8b_4928,11615.470000005074
00e12e8b_4929,11615.490000005077
00e12e8b_4930,11615.510000005077
00e12e8b_4931,11615.530000005081
00e12e8b_4932,11615.550000005082
00e12e8b_4933,11615.570000005082
00e12e8b_4934,11615.590000005084
00e12e8b_4935,11615.600000005088
00e12e8b_4936,11615.620000005089
00e12e8b_4937,11615.640000005089
00e12e8b_4938,11615.660000005093
00e12e8b_4939,11615.670000005095
00e12e8b_4940,11615.690000005095
00e12e8b_4941,11615.710000005096
00e12e8b_4942,11615.7200000051
00e12e8b_4943,11615.740000005102
00e12e8b_4944,11615.750000005102
00e12e8b_4945,11615.770000005105
00e12e8b_4946,11615.780000005107
00e12e8b_4947,11615.800000005107
00e12e8b_4948,11615.81000000511
00e12e8b_4949,11615.820000005111
00e12e8b_4950,11615.840000005113
00e12e8b_4951,11615.850000005114
00e12e8b_4952,11615.860000005117
00e12e8b_4953,11615.88000000512
00e12e8b_4954,11615.89000000512
00e12e8b_4955,11615.900000005124
00e12e8b_4956,11615.910000005124
00e12e8b_4957,11615.930000005126
00e12e8b_4958,11615.940000005128
00e12e8b_4959,11615.95000000513
00e12e8b_4960,11615.96000000513
00e12e8b_4961,11615.970000005134
00e12e8b_4962,11615.980000005135
00e12e8b_4963,11615.990000005138
00e12e8b_4964,11616.000000005139
00e12e8b_4965,11616.010000005139
00e12e8b_4966,11616.020000005143
00e12e8b_4967,11616.030000005143
00e12e8b_4968,11616.030000005145
00e12e8b_4969,11616.040000005149
00e12e8b_4970,11616.050000005149
00e12e8b_4971,11616.060000005153
00e12e8b_4972,11616.060000005153
00e12e8b_4973,11616.070000005155
00e12e8b_4974,11616.080000005157
00e12e8b_4975,11616.080000005157
00e12e8b_4976,11616.09000000516
00e12e8b_4977,11616.10000000516
00e12e8b_4978,11616.100000005163
00e12e8b_4979,11616.110000005167
00e12e8b_4980,11616.110000005167
00e12e8b_4981,11616.120000005169
00e12e8b_4982,11616.12000000517
00e12e8b_4983,11616.13000000517
00e12e8b_4984,11616.130000005174
00e12e8b_4985,11616.130000005174
00e12e8b_4986,11616.140000005178
00e12e8b_4987,11616.14000000518
00e12e8b_4988,11616.140000005182
00e12e8b_4989,11616.140000005184
00e12e8b_4990,11616.150000005186
00e12e8b_4991,11616.150000005186
00e12e8b_4992,11616.15000000519
00e12e8b_4993,11616.15000000519
00e12e8b_4994,11616.150000005193
00e12e8b_4995,11616.150000005193
00e12e8b_4996,11616.150000005195
00e12e8b_4997,11616.150000005196
00e12e8b_4998,11616.160000005199
00e12e8b_4999,11616.160000005202
00e12e8b_5000,11616.160000005202
00e12e8b_5001,11616.160000005206
00e12e8b_5002,11616.160000005206
00e12e8b_5003,11616.16000000521
00e12e8b_5004,11616.16000000521
00e12e8b_5005,11616.160000005213
00e12e8b_5006,11616.160000005213
00e12e8b_5007,11616.170000005215
00e12e8b_5008,11616.170000005217
00e12e8b_5009,11616.170000005219
00e12e8b_5010,11616.17000000522
00e12e8b_5011,11616.170000005222
00e12e8b_5012,11616.170000005224
00e12e8b_5013,11616.170000005226
00e12e8b_5014,11616.170000005228
00e12e8b_5015,11616.17000000523
00e12e8b_5016,11616.170000005231
00e12e8b_5017,11616.170000005233
00e12e8b_5018,11616.180000005235
00e12e8b_5019,11616.180000005235
00e12e8b_5020,11616.180000005239
00e12e8b_5021,11616.180000005239
00e12e8b_5022,11616.180000005243
00e12e8b_5023,11616.180000005243
00e12e8b_5024,11616.180000005246
00e12e8b_5025,11616.180000005246
00e12e8b_5026,11616.18000000525
00e12e8b_5027,11616.18000000525
00e12e8b_5028,11616.180000005252
00e12e8b_5029,11616.180000005254
00e12e8b_5030,11616.180000005255
00e12e8b_5031,11616.180000005257
00e12e8b_5032,11616.19000000526
00e12e8b_5033,11616.190000005263
00e12e8b_5034,11616.190000005263
00e12e8b_5035,11616.190000005266
00e12e8b_5036,11616.190000005266
00e12e8b_5037,11616.19000000527
00e12e8b_5038,11616.19000000527
00e12e8b_5039,11616.190000005274
00e12e8b_5040,11616.190000005274
00e12e8b_5041,11616.190000005277
00e12e8b_5042,11616.190000005277
00e12e8b_5043,11616.190000005281
00e12e8b_5044,11616.190000005281
00e12e8b_5045,11616.190000005285
00e12e8b_5046,11616.190000005285
00e12e8b_5047,11616.190000005285
00e12e8b_5048,11616.190000005288
00e12e8b_5049,11616.190000005288
00e12e8b_5050,11616.190000005292
00e12e8b_5051,11616.190000005292
00e12e8b_5052,11616.190000005296
00e12e8b_5053,11616.190000005296
00e12e8b_5054,11616.1900000053
00e12e8b_5055,11616.200000005301
00e12e8b_5056,11616.200000005303
00e12e8b_5057,11616.200000005305
00e12e8b_5058,11616.200000005307
00e12e8b_5059,11616.200000005309
00e12e8b_5060,11616.20000000531
00e12e8b_5061,11616.200000005312
00e12e8b_5062,11616.200000005314
00e12e8b_5063,11616.200000005316
00e12e8b_5064,11616.200000005318
00e12e8b_5065,11616.20000000532
00e12e8b_5066,11616.20000000532
00e12e8b_5067,11616.200000005323
00e12e8b_5068,11616.200000005323
00e12e8b_5069,11616.200000005327
00e12e8b_5070,11616.200000005327
00e12e8b_5071,11616.20000000533
00e12e8b_5072,11616.20000000533
00e12e8b_5073,11616.200000005334
00e12e8b_5074,11616.200000005334
00e12e8b_5075,11616.200000005338
00e12e8b_5076,11616.200000005338
00e12e8b_5077,11616.200000005341
00e12e8b_5078,11616.200000005341
00e12e8b_5079,11616.200000005345
00e12e8b_5080,11616.200000005345
00e12e8b_5081,11616.200000005349
00e12e8b_5082,11616.190000005348
00e12e8b_5083,11616.19000000535
00e12e8b_5084,11616.190000005352
00e12e8b_5085,11616.190000005354
00e12e8b_5086,11616.190000005356
00e12e8b_5087,11616.190000005357
00e12e8b_5088,11616.19000000536
00e12e8b_5089,11616.190000005361
00e12e8b_5090,11616.190000005363
00e12e8b_5091,11616.190000005365
00e12e8b_5092,11616.190000005367
00e12e8b_5093,11616.190000005368
00e12e8b_5094,11616.19000000537
00e12e8b_5095,11616.190000005372
00e12e8b_5096,11616.190000005374
00e12e8b_5097,11616.180000005377
00e12e8b_5098,11616.180000005377
00e12e8b_5099,11616.18000000538
00e12e8b_5100,11616.18000000538
00e12e8b_5101,11616.180000005384
00e12e8b_5102,11616.170000005384
00e12e8b_5103,11616.170000005386
00e12e8b_5104,11616.170000005388
00e12e8b_5105,11616.17000000539
00e12e8b_5106,11616.160000005391
00e12e8b_5107,11616.160000005395
00e12e8b_5108,11616.160000005395
00e12e8b_5109,11616.150000005397
00e12e8b_5110,11616.150000005398
00e12e8b_5111,11616.1500000054
00e12e8b_5112,11616.140000005402
00e12e8b_5113,11616.140000005405
00e12e8b_5114,11616.130000005405
00e12e8b_5115,11616.130000005407
00e12e8b_5116,11616.130000005409
00e12e8b_5117,11616.120000005412
00e12e8b_5118,11616.120000005412
00e12e8b_5119,11616.110000005414
00e12e8b_5120,11616.110000005416
00e12e8b_5121,11616.10000000542
00e12e8b_5122,11616.100000005421
00e12e8b_5123,11616.09000000542
00e12e8b_5124,11616.090000005424
00e12e8b_5125,11616.080000005426
00e12e8b_5126,11616.070000005428
00e12e8b_5127,11616.070000005428
00e12e8b_5128,11616.060000005431
00e12e8b_5129,11616.060000005433
00e12e8b_5130,11616.050000005434
00e12e8b_5131,11616.040000005436
00e12e8b_5132,11616.040000005438
00e12e8b_5133,11616.030000005441
00e12e8b_5134,11616.020000005441
00e12e8b_5135,11616.020000005443
00e12e8b_5136,11616.010000005444
00e12e8b_5137,11616.000000005446
00e12e8b_5138,11615.99000000545
00e12e8b_5139,11615.990000005451
00e12e8b_5140,11615.980000005453
00e12e8b_5141,11615.970000005454
00e12e8b_5142,11615.960000005456
00e12e8b_5143,11615.950000005458
00e12e8b_5144,11615.95000000546
00e12e8b_5145,11615.940000005463
00e12e8b_5146,11615.930000005463
00e12e8b_5147,11615.920000005466
00e12e8b_5148,11615.910000005466
00e12e8b_5149,11615.90000000547
00e12e8b_5150,11615.890000005471
00e12e8b_5151,11615.880000005473
00e12e8b_5152,11615.880000005474
00e12e8b_5153,11615.870000005474
00e12e8b_5154,11615.860000005478
00e12e8b_5155,11615.850000005477
00e12e8b_5156,11615.84000000548
00e12e8b_5157,11615.830000005484
00e12e8b_5158,11615.820000005484
00e12e8b_5159,11615.810000005487
00e12e8b_5160,11615.790000005489
00e12e8b_5161,11615.780000005489
00e12e8b_5162,11615.770000005492
00e12e8b_5163,11615.760000005492
00e12e8b_5164,11615.750000005495
00e12e8b_5165,11615.740000005499
00e12e8b_5166,11615.730000005498
00e12e8b_5167,11615.720000005502
00e12e8b_5168,11615.710000005502
00e12e8b_5169,11615.690000005503
00e12e8b_5170,11615.680000005506
00e12e8b_5171,11615.670000005506
00e12e8b_5172,11615.66000000551
00e12e8b_5173,11615.640000005511
00e12e8b_5174,11615.630000005513
00e12e8b_5175,11615.620000005514
00e12e8b_5176,11615.610000005516
00e12e8b_5177,11615.590000005519
00e12e8b_5178,11615.58000000552
00e12e8b_5179,11615.570000005522
00e12e8b_5180,11615.550000005524
00e12e8b_5181,11615.540000005527
00e12e8b_5182,11615.530000005527
00e12e8b_5183,11615.510000005528
00e12e8b_5184,11615.500000005532
00e12e8b_5185,11615.490000005531
00e12e8b_5186,11615.470000005535
00e12e8b_5187,11615.460000005536
00e12e8b_5188,11615.450000005538
00e12e8b_5189,11615.44000000554
00e12e8b_5190,11615.430000005541
00e12e8b_5191,11615.420000005543
00e12e8b_5192,11615.410000005544
00e12e8b_5193,11615.400000005546
00e12e8b_5194,11615.39000000555
00e12e8b_5195,11615.380000005549
00e12e8b_5196,11615.370000005552
00e12e8b_5197,11615.360000005552
00e12e8b_5198,11615.350000005556
00e12e8b_5199,11615.340000005559
00e12e8b_5200,11615.330000005559
00e12e8b_5201,11615.33000000556
00e12e8b_5202,11615.320000005562
00e12e8b_5203,11615.310000005564
00e12e8b_5204,11615.310000005566
00e12e8b_5205,11615.300000005569
00e12e8b_5206,11615.300000005569
00e12e8b_5207,11615.29000000557
00e12e8b_5208,11615.280000005574
00e12e8b_5209,11615.280000005576
00e12e8b_5210,11615.280000005578
00e12e8b_5211,11615.270000005577
00e12e8b_5212,11615.270000005581
00e12e8b_5213,11615.260000005583
00e12e8b_5214,11615.260000005585
00e12e8b_5215,11615.260000005586
00e12e8b_5216,11615.260000005588
00e12e8b_5217,11615.250000005588
00e12e8b_5218,11615.250000005592
00e12e8b_5219,11615.250000005592
00e12e8b_5220,11615.250000005595
00e12e8b_5221,11615.250000005595
00e12e8b_5222,11615.250000005599
00e12e8b_5223,11615.250000005599
00e12e8b_5224,11615.250000005602
00e12e8b_5225,11615.250000005602
00e12e8b_5226,11615.250000005606
00e12e8b_5227,11615.250000005606
00e12e8b_5228,11615.25000000561
00e12e8b_5229,11615.260000005612
00e12e8b_5230,11615.260000005612
00e12e8b_5231,11615.260000005615
00e12e8b_5232,11615.260000005615
00e12e8b_5233,11615.270000005617
00e12e8b_5234,11615.27000000562
00e12e8b_5235,11615.280000005623
00e12e8b_5236,11615.280000005623
00e12e8b_5237,11615.290000005625
00e12e8b_5238,11615.290000005627
00e12e8b_5239,11615.300000005627
00e12e8b_5240,11615.30000000563
00e12e8b_5241,11615.310000005633
00e12e8b_5242,11615.310000005635
00e12e8b_5243,11615.320000005635
00e12e8b_5244,11615.330000005637
00e12e8b_5245,11615.340000005639
00e12e8b_5246,11615.34000000564
00e12e8b_5247,11615.350000005645
00e12e8b_5248,11615.360000005645
00e12e8b_5249,11615.370000005645
00e12e8b_5250,11615.380000005649
00e12e8b_5251,11615.39000000565
00e12e8b_5252,11615.400000005651
00e12e8b_5253,11615.410000005653
00e12e8b_5254,11615.420000005655
00e12e8b_5255,11615.430000005657
00e12e8b_5256,11615.44000000566
00e12e8b_5257,11615.450000005661
00e12e8b_5258,11615.460000005663
00e12e8b_5259,11615.480000005664
00e12e8b_5260,11615.490000005666
00e12e8b_5261,11615.500000005668
00e12e8b_5262,11615.51000000567
00e12e8b_5263,11615.53000000567
00e12e8b_5264,11615.540000005672
00e12e8b_5265,11615.560000005677
00e12e8b_5266,11615.570000005677
00e12e8b_5267,11615.590000005679
00e12e8b_5268,11615.600000005681
00e12e8b_5269,11615.620000005682
00e12e8b_5270,11615.630000005684
00e12e8b_5271,11615.650000005684
00e12e8b_5272,11615.670000005688
00e12e8b_5273,11615.68000000569
00e12e8b_5274,11615.70000000569
00e12e8b_5275,11615.720000005695
00e12e8b_5276,11615.740000005695
00e12e8b_5277,11615.750000005697
00e12e8b_5278,11615.770000005698
00e12e8b_5279,11615.790000005702
00e12e8b_5280,11615.810000005702
00e12e8b_5281,11615.830000005702
00e12e8b_5282,11615.850000005705
00e12e8b_5283,11615.860000005709
00e12e8b_5284,11615.880000005709
00e12e8b_5285,11615.90000000571
00e12e8b_5286,11615.920000005712
00e12e8b_5287,11615.940000005714
00e12e8b_5288,11615.950000005716
00e12e8b_5289,11615.970000005716
00e12e8b_5290,11615.99000000572
00e12e8b_5291,11616.010000005721
00e12e8b_5292,11616.020000005723
00e12e8b_5293,11616.040000005723
00e12e8b_5294,11616.060000005727
00e12e8b_5295,11616.080000005728
00e12e8b_5296,11616.09000000573
00e12e8b_5297,11616.11000000573
00e12e8b_5298,11616.130000005734
00e12e8b_5299,11616.140000005737
00e12e8b_5300,11616.160000005737
00e12e8b_5301,11616.180000005741
00e12e8b_5302,11616.190000005741
00e12e8b_5303,11616.210000005743
00e12e8b_5304,11616.230000005744
00e12e8b_5305,11616.240000005746
00e12e8b_5306,11616.260000005748
00e12e8b_5307,11616.28000000575
00e12e8b_5308,11616.290000005753
00e12e8b_5309,11616.310000005753
00e12e8b_5310,11616.330000005755
00e12e8b_5311,11616.340000005755
00e12e8b_5312,11616.36000000576
00e12e8b_5313,11616.370000005762
00e12e8b_5314,11616.390000005762
00e12e8b_5315,11616.410000005762
00e12e8b_5316,11616.420000005766
00e12e8b_5317,11616.440000005769
00e12e8b_5318,11616.450000005769
00e12e8b_5319,11616.470000005771
00e12e8b_5320,11616.480000005773
00e12e8b_5321,11616.500000005773
00e12e8b_5322,11616.510000005777
00e12e8b_5323,11616.53000000578
00e12e8b_5324,11616.54000000578
00e12e8b_5325,11616.560000005782
00e12e8b_5326,11616.570000005784
00e12e8b_5327,11616.590000005785
00e12e8b_5328,11616.600000005787
00e12e8b_5329,11616.62000000579
00e12e8b_5330,11616.63000000579
00e12e8b_5331,11616.650000005793
00e12e8b_5332,11616.660000005795
00e12e8b_5333,11616.680000005796
00e12e8b_5334,11616.690000005798
00e12e8b_5335,11616.7000000058
00e12e8b_5336,11616.720000005802
00e12e8b_5337,11616.730000005802
00e12e8b_5338,11616.750000005804
00e12e8b_5339,11616.760000005808
00e12e8b_5340,11616.770000005808
00e12e8b_5341,11616.79000000581
00e12e8b_5342,11616.800000005813
00e12e8b_5343,11616.820000005813
00e12e8b_5344,11616.830000005815
00e12e8b_5345,11616.840000005817
00e12e8b_5346,11616.86000000582
00e12e8b_5347,11616.87000000582
00e12e8b_5348,11616.880000005824
00e12e8b_5349,11616.900000005826
00e12e8b_5350,11616.910000005826
00e12e8b_5351,11616.92000000583
00e12e8b_5352,11616.94000000583
00e12e8b_5353,11616.950000005832
00e12e8b_5354,11616.960000005834
00e12e8b_5355,11616.970000005836
00e12e8b_5356,11616.990000005837
00e12e8b_5357,11617.000000005839
00e12e8b_5358,11617.010000005841
00e12e8b_5359,11617.020000005843
00e12e8b_5360,11617.040000005845
00e12e8b_5361,11617.050000005846
00e12e8b_5362,11617.060000005848
00e12e8b_5363,11617.07000000585
00e12e8b_5364,11617.090000005852
00e12e8b_5365,11617.100000005852
00e12e8b_5366,11617.110000005856
00e12e8b_5367,11617.120000005856
00e12e8b_5368,11617.130000005858
00e12e8b_5369,11617.150000005862
00e12e8b_5370,11617.160000005862
00e12e8b_5371,11617.170000005863
00e12e8b_5372,11617.180000005867
00e12e8b_5373,11617.190000005867
00e12e8b_5374,11617.200000005869
00e12e8b_5375,11617.220000005873
00e12e8b_5376,11617.230000005873
00e12e8b_5377,11617.240000005873
00e12e8b_5378,11617.250000005877
00e12e8b_5379,11617.260000005877
00e12e8b_5380,11617.28000000588
00e12e8b_5381,11617.290000005883
00e12e8b_5382,11617.300000005884
00e12e8b_5383,11617.310000005884
00e12e8b_5384,11617.330000005888
00e12e8b_5385,11617.34000000589
00e12e8b_5386,11617.35000000589
00e12e8b_5387,11617.360000005894
00e12e8b_5388,11617.380000005895
00e12e8b_5389,11617.390000005897
00e12e8b_5390,11617.400000005899
00e12e8b_5391,11617.420000005899
00e12e8b_5392,11617.430000005901
00e12e8b_5393,11617.440000005903
00e12e8b_5394,11617.460000005905
00e12e8b_5395,11617.470000005906
00e12e8b_5396,11617.48000000591
00e12e8b_5397,11617.500000005912
00e12e8b_5398,11617.510000005912
00e12e8b_5399,11617.530000005914
00e12e8b_5400,11617.540000005916
00e12e8b_5401,11617.550000005918
00e12e8b_5402,11617.570000005919
00e12e8b_5403,11617.58000000592
00e12e8b_5404,11617.600000005923
00e12e8b_5405,11617.610000005923
00e12e8b_5406,11617.630000005927
00e12e8b_5407,11617.64000000593
00e12e8b_5408,11617.65000000593
00e12e8b_5409,11617.670000005932
00e12e8b_5410,11617.680000005934
00e12e8b_5411,11617.700000005934
00e12e8b_5412,11617.710000005936
00e12e8b_5413,11617.73000000594
00e12e8b_5414,11617.74000000594
00e12e8b_5415,11617.760000005943
00e12e8b_5416,11617.770000005945
00e12e8b_5417,11617.790000005945
00e12e8b_5418,11617.810000005948
00e12e8b_5419,11617.820000005948
00e12e8b_5420,11617.840000005952
00e12e8b_5421,11617.850000005954
00e12e8b_5422,11617.870000005954
00e12e8b_5423,11617.880000005956
00e12e8b_5424,11617.900000005959
00e12e8b_5425,11617.92000000596
00e12e8b_5426,11617.930000005963
00e12e8b_5427,11617.950000005963
00e12e8b_5428,11617.960000005965
00e12e8b_5429,11617.980000005966
00e12e8b_5430,11618.00000000597
00e12e8b_5431,11618.010000005972
00e12e8b_5432,11618.030000005972
00e12e8b_5433,11618.050000005973
00e12e8b_5434,11618.060000005977
00e12e8b_5435,11618.080000005979
00e12e8b_5436,11618.10000000598
00e12e8b_5437,11618.120000005983
00e12e8b_5438,11618.130000005984
00e12e8b_5439,11618.150000005986
00e12e8b_5440,11618.170000005986
00e12e8b_5441,11618.180000005988
00e12e8b_5442,11618.20000000599
00e12e8b_5443,11618.220000005993
00e12e8b_5444,11618.240000005993
00e12e8b_5445,11618.260000005997
00e12e8b_5446,11618.270000005998
00e12e8b_5447,11618.290000006
00e12e8b_5448,11618.310000006002
00e12e8b_5449,11618.330000006004
00e12e8b_5450,11618.350000006005
00e12e8b_5451,11618.360000006007
00e12e8b_5452,11618.38000000601
00e12e8b_5453,11618.400000006011
00e12e8b_5454,11618.420000006012
00e12e8b_5455,11618.440000006012
00e12e8b_5456,11618.460000006016
00e12e8b_5457,11618.470000006018
00e12e8b_5458,11618.490000006019
00e12e8b_5459,11618.51000000602
00e12e8b_5460,11618.530000006023
00e12e8b_5461,11618.550000006024
00e12e8b_5462,11618.570000006026
00e12e8b_5463,11618.590000006028
00e12e8b_5464,11618.61000000603
00e12e8b_5465,11618.630000006033
00e12e8b_5466,11618.650000006033
00e12e8b_5467,11618.670000006034
00e12e8b_5468,11618.690000006038
00e12e8b_5469,11618.710000006038
00e12e8b_5470,11618.73000000604
00e12e8b_5471,11618.74000000604
00e12e8b_5472,11618.760000006045
00e12e8b_5473,11618.780000006045
00e12e8b_5474,11618.800000006047
00e12e8b_5475,11618.82000000605
00e12e8b_5476,11618.840000006052
00e12e8b_5477,11618.860000006054
00e12e8b_5478,11618.880000006055
00e12e8b_5479,11618.890000006057
00e12e8b_5480,11618.910000006059
00e12e8b_5481,11618.930000006061
00e12e8b_5482,11618.950000006062
00e12e8b_5483,11618.970000006062
00e12e8b_5484,11618.980000006066
00e12e8b_5485,11619.000000006068
00e12e8b_5486,11619.020000006069
00e12e8b_5487,11619.040000006069
00e12e8b_5488,11619.050000006073
00e12e8b_5489,11619.070000006075
00e12e8b_5490,11619.090000006076
00e12e8b_5491,11619.11000000608
00e12e8b_5492,11619.12000000608
00e12e8b_5493,11619.140000006082
00e12e8b_5494,11619.160000006083
00e12e8b_5495,11619.170000006085
00e12e8b_5496,11619.190000006087
00e12e8b_5497,11619.21000000609
00e12e8b_5498,11619.220000006091
00e12e8b_5499,11619.240000006092
00e12e8b_5500,11619.260000006094
00e12e8b_5501,11619.270000006094
00e12e8b_5502,11619.290000006098
00e12e8b_5503,11619.310000006099
00e12e8b_5504,11619.3200000061
00e12e8b_5505,11619.340000006105
00e12e8b_5506,11619.350000006105
00e12e8b_5507,11619.370000006107
00e12e8b_5508,11619.380000006107
00e12e8b_5509,11619.40000000611
00e12e8b_5510,11619.420000006112
00e12e8b_5511,11619.430000006112
00e12e8b_5512,11619.450000006116
00e12e8b_5513,11619.460000006118
00e12e8b_5514,11619.480000006119
00e12e8b_5515,11619.49000000612
00e12e8b_5516,11619.510000006123
00e12e8b_5517,11619.520000006123
00e12e8b_5518,11619.530000006125
00e12e8b_5519,11619.55000000613
00e12e8b_5520,11619.56000000613
00e12e8b_5521,11619.580000006132
00e12e8b_5522,11619.590000006134
00e12e8b_5523,11619.610000006134
00e12e8b_5524,11619.620000006136
00e12e8b_5525,11619.630000006138
00e12e8b_5526,11619.65000000614
00e12e8b_5527,11619.66000000614
00e12e8b_5528,11619.670000006145
00e12e8b_5529,11619.690000006147
00e12e8b_5530,11619.700000006147
00e12e8b_5531,11619.710000006151
00e12e8b_5532,11619.730000006151
00e12e8b_5533,11619.740000006153
00e12e8b_5534,11619.750000006155
00e12e8b_5535,11619.770000006156
00e12e8b_5536,11619.780000006158
00e12e8b_5537,11619.79000000616
00e12e8b_5538,11619.810000006162
00e12e8b_5539,11619.820000006162
00e12e8b_5540,11619.830000006164
00e12e8b_5541,11619.840000006167
00e12e8b_5542,11619.850000006169
00e12e8b_5543,11619.870000006169
00e12e8b_5544,11619.880000006173
00e12e8b_5545,11619.890000006173
00e12e8b_5546,11619.900000006175
00e12e8b_5547,11619.910000006177
00e12e8b_5548,11619.93000000618
00e12e8b_5549,11619.94000000618
00e12e8b_5550,11619.950000006183
00e12e8b_5551,11619.960000006184
00e12e8b_5552,11619.970000006188
00e12e8b_5553,11619.980000006188
00e12e8b_5554,11619.99000000619
00e12e8b_5555,11620.000000006192
00e12e8b_5556,11620.020000006194
00e12e8b_5557,11620.030000006194
00e12e8b_5558,11620.040000006198
00e12e8b_5559,11620.050000006198
00e12e8b_5560,11620.0600000062
00e12e8b_5561,11620.070000006202
00e12e8b_5562,11620.080000006205
00e12e8b_5563,11620.090000006207
00e12e8b_5564,11620.100000006209
00e12e8b_5565,11620.11000000621
00e12e8b_5566,11620.12000000621
00e12e8b_5567,11620.130000006215
00e12e8b_5568,11620.140000006215
00e12e8b_5569,11620.160000006217
00e12e8b_5570,11620.17000000622
00e12e8b_5571,11620.180000006221
00e12e8b_5572,11620.190000006221
00e12e8b_5573,11620.200000006225
00e12e8b_5574,11620.210000006226
00e12e8b_5575,11620.230000006228
00e12e8b_5576,11620.24000000623
00e12e8b_5577,11620.250000006232
00e12e8b_5578,11620.260000006234
00e12e8b_5579,11620.280000006234
00e12e8b_5580,11620.290000006236
00e12e8b_5581,11620.300000006238
00e12e8b_5582,11620.31000000624
00e12e8b_5583,11620.33000000624
00e12e8b_5584,11620.340000006243
00e12e8b_5585,11620.350000006245
00e12e8b_5586,11620.370000006247
00e12e8b_5587,11620.380000006247
00e12e8b_5588,11620.400000006252
00e12e8b_5589,11620.410000006254
00e12e8b_5590,11620.420000006254
00e12e8b_5591,11620.440000006256
00e12e8b_5592,11620.450000006258
00e12e8b_5593,11620.470000006258
00e12e8b_5594,11620.480000006262
00e12e8b_5595,11620.500000006265
00e12e8b_5596,11620.510000006265
00e12e8b_5597,11620.530000006267
00e12e8b_5598,11620.54000000627
00e12e8b_5599,11620.56000000627
00e12e8b_5600,11620.570000006272
00e12e8b_5601,11620.590000006276
00e12e8b_5602,11620.600000006276
00e12e8b_5603,11620.620000006278
00e12e8b_5604,11620.63000000628
00e12e8b_5605,11620.65000000628
00e12e8b_5606,11620.670000006283
00e12e8b_5607,11620.680000006283
00e12e8b_5608,11620.700000006287
00e12e8b_5609,11620.71000000629
00e12e8b_5610,11620.73000000629
00e12e8b_5611,11620.75000000629
00e12e8b_5612,11620.770000006294
00e12e8b_5613,11620.780000006296
00e12e8b_5614,11620.800000006297
00e12e8b_5615,11620.8200000063
00e12e8b_5616,11620.8300000063
00e12e8b_5617,11620.850000006303
00e12e8b_5618,11620.870000006304
00e12e8b_5619,11620.890000006308
00e12e8b_5620,11620.910000006308
00e12e8b_5621,11620.92000000631
00e12e8b_5622,11620.94000000631
00e12e8b_5623,11620.960000006315
00e12e8b_5624,11620.980000006315
00e12e8b_5625,11621.000000006316
00e12e8b_5626,11621.020000006318
00e12e8b_5627,11621.030000006322
00e12e8b_5628,11621.050000006322
00e12e8b_5629,11621.070000006323
00e12e8b_5630,11621.090000006327
00e12e8b_5631,11621.110000006327
00e12e8b_5632,11621.13000000633
00e12e8b_5633,11621.150000006332
00e12e8b_5634,11621.170000006332
00e12e8b_5635,11621.190000006336
00e12e8b_5636,11621.210000006336
00e12e8b_5637,11621.230000006337
00e12e8b_5638,11621.25000000634
00e12e8b_5639,11621.270000006341
00e12e8b_5640,11621.290000006344
00e12e8b_5641,11621.310000006346
00e12e8b_5642,11621.330000006346
00e12e8b_5643,11621.35000000635
00e12e8b_5644,11621.380000006351
00e12e8b_5645,11621.400000006353
00e12e8b_5646,11621.420000006354
00e12e8b_5647,11621.440000006354
00e12e8b_5648,11621.460000006358
00e12e8b_5649,11621.480000006359
00e12e8b_5650,11621.500000006361
00e12e8b_5651,11621.530000006362
00e12e8b_5652,11621.550000006366
00e12e8b_5653,11621.570000006366
00e12e8b_5654,11621.590000006368
00e12e8b_5655,11621.620000006369
00e12e8b_5656,11621.640000006371
00e12e8b_5657,11621.660000006374
00e12e8b_5658,11621.680000006376
00e12e8b_5659,11621.710000006377
00e12e8b_5660,11621.730000006379
00e12e8b_5661,11621.750000006381
00e12e8b_5662,11621.770000006383
00e12e8b_5663,11621.800000006384
00e12e8b_5664,11621.820000006386
00e12e8b_5665,11621.840000006388
00e12e8b_5666,11621.86000000639
00e12e8b_5667,11621.880000006393
00e12e8b_5668,11621.900000006393
00e12e8b_5669,11621.930000006396
00e12e8b_5670,11621.950000006396
00e12e8b_5671,11621.9700000064
00e12e8b_5672,11621.9900000064
00e12e8b_5673,11622.010000006401
00e12e8b_5674,11622.030000006403
00e12e8b_5675,11622.050000006406
00e12e8b_5676,11622.070000006408
00e12e8b_5677,11622.09000000641
00e12e8b_5678,11622.11000000641
00e12e8b_5679,11622.130000006415
00e12e8b_5680,11622.160000006415
00e12e8b_5681,11622.180000006418
00e12e8b_5682,11622.200000006418
00e12e8b_5683,11622.220000006419
00e12e8b_5684,11622.240000006423
00e12e8b_5685,11622.260000006423
00e12e8b_5686,11622.270000006425
00e12e8b_5687,11622.290000006426
00e12e8b_5688,11622.31000000643
00e12e8b_5689,11622.33000000643
00e12e8b_5690,11622.350000006432
00e12e8b_5691,11622.370000006435
00e12e8b_5692,11622.390000006437
00e12e8b_5693,11622.410000006439
00e12e8b_5694,11622.43000000644
00e12e8b_5695,11622.45000000644
00e12e8b_5696,11622.470000006444
00e12e8b_5697,11622.490000006444
00e12e8b_5698,11622.500000006446
00e12e8b_5699,11622.520000006447
00e12e8b_5700,11622.540000006451
00e12e8b_5701,11622.560000006451
00e12e8b_5702,11622.580000006454
00e12e8b_5703,11622.600000006456
00e12e8b_5704,11622.610000006458
00e12e8b_5705,11622.630000006458
00e12e8b_5706,11622.65000000646
00e12e8b_5707,11622.670000006463
00e12e8b_5708,11622.680000006465
00e12e8b_5709,11622.700000006465
00e12e8b_5710,11622.720000006468
00e12e8b_5711,11622.74000000647
00e12e8b_5712,11622.750000006472
00e12e8b_5713,11622.770000006472
00e12e8b_5714,11622.790000006475
00e12e8b_5715,11622.800000006479
00e12e8b_5716,11622.820000006479
00e12e8b_5717,11622.84000000648
00e12e8b_5718,11622.850000006483
00e12e8b_5719,11622.870000006485
00e12e8b_5720,11622.890000006486
00e12e8b_5721,11622.900000006488
00e12e8b_5722,11622.92000000649
00e12e8b_5723,11622.93000000649
00e12e8b_5724,11622.950000006493
00e12e8b_5725,11622.970000006495
00e12e8b_5726,11622.980000006497
00e12e8b_5727,11623.000000006497
00e12e8b_5728,11623.010000006501
00e12e8b_5729,11623.030000006504
00e12e8b_5730,11623.040000006504
00e12e8b_5731,11623.060000006506
00e12e8b_5732,11623.070000006508
00e12e8b_5733,11623.090000006508
00e12e8b_5734,11623.10000000651
00e12e8b_5735,11623.120000006515
00e12e8b_5736,11623.130000006515
00e12e8b_5737,11623.150000006517
00e12e8b_5738,11623.16000000652
00e12e8b_5739,11623.18000000652
00e12e8b_5740,11623.190000006522
00e12e8b_5741,11623.210000006522
00e12e8b_5742,11623.220000006526
00e12e8b_5743,11623.230000006526
00e12e8b_5744,11623.250000006528
00e12e8b_5745,11623.260000006532
00e12e8b_5746,11623.270000006532
00e12e8b_5747,11623.290000006535
00e12e8b_5748,11623.300000006537
00e12e8b_5749,11623.320000006537
00e12e8b_5750,11623.33000000654
00e12e8b_5751,11623.340000006541
00e12e8b_5752,11623.350000006543
00e12e8b_5753,11623.370000006544
00e12e8b_5754,11623.380000006548
00e12e8b_5755,11623.40000000655
00e12e8b_5756,11623.41000000655
00e12e8b_5757,11623.430000006552
00e12e8b_5758,11623.440000006554
00e12e8b_5759,11623.460000006555
00e12e8b_5760,11623.470000006557
00e12e8b_5761,11623.49000000656
00e12e8b_5762,11623.500000006561
00e12e8b_5763,11623.520000006563
00e12e8b_5764,11623.540000006564
00e12e8b_5765,11623.550000006566
00e12e8b_5766,11623.570000006568
00e12e8b_5767,11623.59000000657
00e12e8b_5768,11623.610000006573
00e12e8b_5769,11623.620000006573
00e12e8b_5770,11623.640000006575
00e12e8b_5771,11623.660000006577
00e12e8b_5772,11623.68000000658
00e12e8b_5773,11623.700000006582
00e12e8b_5774,11623.720000006582
00e12e8b_5775,11623.740000006583
00e12e8b_5776,11623.760000006587
00e12e8b_5777,11623.780000006587
00e12e8b_5778,11623.80000000659
00e12e8b_5779,11623.820000006592
00e12e8b_5780,11623.840000006594
00e12e8b_5781,11623.870000006595
00e12e8b_5782,11623.890000006597
00e12e8b_5783,11623.9100000066
00e12e8b_5784,11623.9300000066
00e12e8b_5785,11623.960000006602
00e12e8b_5786,11623.980000006604
00e12e8b_5787,11624.000000006607
00e12e8b_5788,11624.030000006607
00e12e8b_5789,11624.05000000661
00e12e8b_5790,11624.08000000661
00e12e8b_5791,11624.100000006612
00e12e8b_5792,11624.120000006615
00e12e8b_5793,11624.150000006615
00e12e8b_5794,11624.180000006618
00e12e8b_5795,11624.200000006618
00e12e8b_5796,11624.230000006623
00e12e8b_5797,11624.250000006625
00e12e8b_5798,11624.280000006625
00e12e8b_5799,11624.310000006626
00e12e8b_5800,11624.330000006628
00e12e8b_5801,11624.360000006629
00e12e8b_5802,11624.390000006631
00e12e8b_5803,11624.420000006634
00e12e8b_5804,11624.450000006636
00e12e8b_5805,11624.480000006639
00e12e8b_5806,11624.50000000664
00e12e8b_5807,11624.530000006642
00e12e8b_5808,11624.560000006642
00e12e8b_5809,11624.590000006643
00e12e8b_5810,11624.620000006647
00e12e8b_5811,11624.650000006648
00e12e8b_5812,11624.68000000665
00e12e8b_5813,11624.720000006651
00e12e8b_5814,11624.750000006654
00e12e8b_5815,11624.780000006656
00e12e8b_5816,11624.810000006657
00e12e8b_5817,11624.840000006658
00e12e8b_5818,11624.88000000666
00e12e8b_5819,11624.910000006661
00e12e8b_5820,11624.940000006665
00e12e8b_5821,11624.970000006666
00e12e8b_5822,11625.010000006669
00e12e8b_5823,11625.04000000667
00e12e8b_5824,11625.080000006672
00e12e8b_5825,11625.110000006673
00e12e8b_5826,11625.150000006675
00e12e8b_5827,11625.180000006676
00e12e8b_5828,11625.220000006679
00e12e8b_5829,11625.25000000668
00e12e8b_5830,11625.290000006682
00e12e8b_5831,11625.320000006683
00e12e8b_5832,11625.360000006685
00e12e8b_5833,11625.400000006688
00e12e8b_5834,11625.430000006689
00e12e8b_5835,11625.470000006691
00e12e8b_5836,11625.510000006692
00e12e8b_5837,11625.550000006693
00e12e8b_5838,11625.590000006696
00e12e8b_5839,11625.630000006699
00e12e8b_5840,11625.6600000067
00e12e8b_5841,11625.700000006702
00e12e8b_5842,11625.740000006703
00e12e8b_5843,11625.780000006704
00e12e8b_5844,11625.820000006706
00e12e8b_5845,11625.860000006709
00e12e8b_5846,11625.90000000671
00e12e8b_5847,11625.94000000671
00e12e8b_5848,11625.980000006713
00e12e8b_5849,11626.030000006715
00e12e8b_5850,11626.070000006717
00e12e8b_5851,11626.11000000672
00e12e8b_5852,11626.15000000672
00e12e8b_5853,11626.190000006722
00e12e8b_5854,11626.230000006724
00e12e8b_5855,11626.270000006727
00e12e8b_5856,11626.310000006728
00e12e8b_5857,11626.350000006729
00e12e8b_5858,11626.390000006731
00e12e8b_5859,11626.430000006734
00e12e8b_5860,11626.470000006735
00e12e8b_5861,11626.520000006738
00e12e8b_5862,11626.560000006739
00e12e8b_5863,11626.60000000674
00e12e8b_5864,11626.640000006742
00e12e8b_5865,11626.680000006745
00e12e8b_5866,11626.720000006746
00e12e8b_5867,11626.760000006747
00e12e8b_5868,11626.80000000675
00e12e8b_5869,11626.85000000675
00e12e8b_5870,11626.890000006753
00e12e8b_5871,11626.930000006756
00e12e8b_5872,11626.970000006757
00e12e8b_5873,11627.010000006758
00e12e8b_5874,11627.05000000676
00e12e8b_5875,11627.090000006763
00e12e8b_5876,11627.140000006764
00e12e8b_5877,11627.180000006767
00e12e8b_5878,11627.220000006768
00e12e8b_5879,11627.260000006769
00e12e8b_5880,11627.300000006771
00e12e8b_5881,11627.340000006774
00e12e8b_5882,11627.390000006775
00e12e8b_5883,11627.430000006778
00e12e8b_5884,11627.470000006779
00e12e8b_5885,11627.51000000678
00e12e8b_5886,11627.550000006782
00e12e8b_5887,11627.600000006783
00e12e8b_5888,11627.640000006786
00e12e8b_5889,11627.680000006789
00e12e8b_5890,11627.72000000679
00e12e8b_5891,11627.76000000679
00e12e8b_5892,11627.810000006793
00e12e8b_5893,11627.850000006794
00e12e8b_5894,11627.890000006797
00e12e8b_5895,11627.9300000068
00e12e8b_5896,11627.9800000068
00e12e8b_5897,11628.020000006803
00e12e8b_5898,11628.060000006804
00e12e8b_5899,11628.100000006805
00e12e8b_5900,11628.140000006808
00e12e8b_5901,11628.190000006809
00e12e8b_5902,11628.23000000681
00e12e8b_5903,11628.27000000681
00e12e8b_5904,11628.310000006813
00e12e8b_5905,11628.360000006815
00e12e8b_5906,11628.400000006817
00e12e8b_5907,11628.44000000682
00e12e8b_5908,11628.490000006821
00e12e8b_5909,11628.530000006824
00e12e8b_5910,11628.570000006825
00e12e8b_5911,11628.610000006825
00e12e8b_5912,11628.660000006828
00e12e8b_5913,11628.70000000683
00e12e8b_5914,11628.740000006832
00e12e8b_5915,11628.790000006833
00e12e8b_5916,11628.830000006836
00e12e8b_5917,11628.870000006838
00e12e8b_5918,11628.91000000684
00e12e8b_5919,11628.960000006842
00e12e8b_5920,11629.000000006843
00e12e8b_5921,11629.040000006844
00e12e8b_5922,11629.090000006847
00e12e8b_5923,11629.130000006848
00e12e8b_5924,11629.17000000685
00e12e8b_5925,11629.220000006851
00e12e8b_5926,11629.260000006854
00e12e8b_5927,11629.300000006857
00e12e8b_5928,11629.350000006856
00e12e8b_5929,11629.390000006857
00e12e8b_5930,11629.43000000686
00e12e8b_5931,11629.48000000686
00e12e8b_5932,11629.520000006863
00e12e8b_5933,11629.560000006866
00e12e8b_5934,11629.610000006867
00e12e8b_5935,11629.65000000687
00e12e8b_5936,11629.700000006871
00e12e8b_5937,11629.740000006874
00e12e8b_5938,11629.780000006875
00e12e8b_5939,11629.830000006878
00e12e8b_5940,11629.870000006878
00e12e8b_5941,11629.91000000688
00e12e8b_5942,11629.960000006882
00e12e8b_5943,11630.000000006883
00e12e8b_5944,11630.040000006886
00e12e8b_5945,11630.090000006887
00e12e8b_5946,11630.13000000689
00e12e8b_5947,11630.170000006892
00e12e8b_5948,11630.210000006893
00e12e8b_5949,11630.250000006894
00e12e8b_5950,11630.290000006897
00e12e8b_5951,11630.3300000069
00e12e8b_5952,11630.3700000069
00e12e8b_5953,11630.410000006901
00e12e8b_5954,11630.450000006904
00e12e8b_5955,11630.490000006906
00e12e8b_5956,11630.530000006907
00e12e8b_5957,11630.570000006908
00e12e8b_5958,11630.60000000691
00e12e8b_5959,11630.640000006912
00e12e8b_5960,11630.680000006914
00e12e8b_5961,11630.720000006917
00e12e8b_5962,11630.750000006918
00e12e8b_5963,11630.79000000692
00e12e8b_5964,11630.820000006921
00e12e8b_5965,11630.860000006924
00e12e8b_5966,11630.900000006925
00e12e8b_5967,11630.930000006927
00e12e8b_5968,11630.960000006928
00e12e8b_5969,11631.00000000693
00e12e8b_5970,11631.030000006931
00e12e8b_5971,11631.070000006934
00e12e8b_5972,11631.100000006936
00e12e8b_5973,11631.130000006939
00e12e8b_5974,11631.16000000694
00e12e8b_5975,11631.200000006942
00e12e8b_5976,11631.230000006943
00e12e8b_5977,11631.260000006943
00e12e8b_5978,11631.290000006946
00e12e8b_5979,11631.320000006948
00e12e8b_5980,11631.350000006949
00e12e8b_5981,11631.380000006953
00e12e8b_5982,11631.410000006954
00e12e8b_5983,11631.440000006955
00e12e8b_5984,11631.470000006957
00e12e8b_5985,11631.50000000696
00e12e8b_5986,11631.53000000696
00e12e8b_5987,11631.56000000696
00e12e8b_5988,11631.580000006963
00e12e8b_5989,11631.610000006967
00e12e8b_5990,11631.640000006968
00e12e8b_5991,11631.66000000697
00e12e8b_5992,11631.69000000697
00e12e8b_5993,11631.720000006972
00e12e8b_5994,11631.740000006974
00e12e8b_5995,11631.770000006978
00e12e8b_5996,11631.790000006979
00e12e8b_5997,11631.820000006981
00e12e8b_5998,11631.840000006981
00e12e8b_5999,11631.870000006984
00e12e8b_6000,11631.890000006986
00e12e8b_6001,11631.910000006988
00e12e8b_6002,11631.930000006989
00e12e8b_6003,11631.960000006991
00e12e8b_6004,11631.980000006992
00e12e8b_6005,11632.000000006996
00e12e8b_6006,11632.020000006996
00e12e8b_6007,11632.040000006997
00e12e8b_6008,11632.070000007
00e12e8b_6009,11632.090000007
00e12e8b_6010,11632.110000007004
00e12e8b_6011,11632.130000007004
00e12e8b_6012,11632.150000007006
00e12e8b_6013,11632.16000000701
00e12e8b_6014,11632.18000000701
00e12e8b_6015,11632.200000007011
00e12e8b_6016,11632.220000007013
00e12e8b_6017,11632.240000007016
00e12e8b_6018,11632.260000007018
00e12e8b_6019,11632.270000007018
00e12e8b_6020,11632.29000000702
00e12e8b_6021,11632.310000007023
00e12e8b_6022,11632.320000007025
00e12e8b_6023,11632.340000007025
00e12e8b_6024,11632.350000007029
00e12e8b_6025,11632.370000007031
00e12e8b_6026,11632.380000007031
00e12e8b_6027,11632.400000007034
00e12e8b_6028,11632.410000007036
00e12e8b_6029,11632.430000007036
00e12e8b_6030,11632.440000007038
00e12e8b_6031,11632.45000000704
00e12e8b_6032,11632.470000007042
00e12e8b_6033,11632.480000007043
00e12e8b_6034,11632.490000007047
00e12e8b_6035,11632.500000007047
00e12e8b_6036,11632.510000007049
00e12e8b_6037,11632.52000000705
00e12e8b_6038,11632.540000007053
00e12e8b_6039,11632.550000007053
00e12e8b_6040,11632.560000007057
00e12e8b_6041,11632.570000007057
00e12e8b_6042,11632.58000000706
00e12e8b_6043,11632.590000007061
00e12e8b_6044,11632.600000007063
00e12e8b_6045,11632.610000007066
00e12e8b_6046,11632.620000007068
00e12e8b_6047,11632.63000000707
00e12e8b_6048,11632.65000000707
00e12e8b_6049,11632.660000007072
00e12e8b_6050,11632.670000007074
00e12e8b_6051,11632.680000007076
00e12e8b_6052,11632.690000007078
00e12e8b_6053,11632.70000000708
00e12e8b_6054,11632.710000007082
00e12e8b_6055,11632.720000007084
00e12e8b_6056,11632.730000007085
00e12e8b_6057,11632.740000007088
00e12e8b_6058,11632.750000007089
00e12e8b_6059,11632.760000007089
00e12e8b_6060,11632.770000007093
00e12e8b_6061,11632.780000007093
00e12e8b_6062,11632.790000007095
00e12e8b_6063,11632.800000007097
00e12e8b_6064,11632.810000007099
00e12e8b_6065,11632.810000007103
00e12e8b_6066,11632.820000007103
00e12e8b_6067,11632.830000007103
00e12e8b_6068,11632.840000007107
00e12e8b_6069,11632.850000007107
00e12e8b_6070,11632.86000000711
00e12e8b_6071,11632.870000007111
00e12e8b_6072,11632.880000007113
00e12e8b_6073,11632.890000007115
00e12e8b_6074,11632.900000007117
00e12e8b_6075,11632.900000007117
00e12e8b_6076,11632.910000007121
00e12e8b_6077,11632.920000007121
00e12e8b_6078,11632.930000007123
00e12e8b_6079,11632.940000007125
00e12e8b_6080,11632.950000007128
00e12e8b_6081,11632.96000000713
00e12e8b_6082,11632.960000007131
00e12e8b_6083,11632.970000007132
00e12e8b_6084,11632.980000007135
00e12e8b_6085,11632.990000007136
00e12e8b_6086,11633.000000007138
00e12e8b_6087,11633.000000007141
00e12e8b_6088,11633.010000007142
00e12e8b_6089,11633.020000007145
00e12e8b_6090,11633.030000007146
00e12e8b_6091,11633.030000007147
00e12e8b_6092,11633.04000000715
00e12e8b_6093,11633.050000007152
00e12e8b_6094,11633.060000007154
00e12e8b_6095,11633.060000007154
00e12e8b_6096,11633.070000007156
00e12e8b_6097,11633.080000007158
00e12e8b_6098,11633.08000000716
00e12e8b_6099,11633.090000007163
00e12e8b_6100,11633.100000007164
00e12e8b_6101,11633.100000007165
00e12e8b_6102,11633.110000007167
00e12e8b_6103,11633.12000000717
00e12e8b_6104,11633.120000007171
00e12e8b_6105,11633.130000007171
00e12e8b_6106,11633.140000007174
00e12e8b_6107,11633.140000007177
00e12e8b_6108,11633.150000007177
00e12e8b_6109,11633.160000007181
00e12e8b_6110,11633.160000007181
00e12e8b_6111,11633.170000007183
00e12e8b_6112,11633.170000007185
00e12e8b_6113,11633.180000007185
00e12e8b_6114,11633.180000007189
00e12e8b_6115,11633.190000007191
00e12e8b_6116,11633.200000007191
00e12e8b_6117,11633.200000007193
00e12e8b_6118,11633.210000007195
00e12e8b_6119,11633.210000007199
00e12e8b_6120,11633.220000007199
00e12e8b_6121,11633.2200000072
00e12e8b_6122,11633.230000007203
00e12e8b_6123,11633.230000007203
00e12e8b_6124,11633.240000007207
00e12e8b_6125,11633.240000007208
00e12e8b_6126,11633.25000000721
00e12e8b_6127,11633.25000000721
00e12e8b_6128,11633.260000007214
00e12e8b_6129,11633.260000007216
00e12e8b_6130,11633.270000007216
00e12e8b_6131,11633.270000007218
00e12e8b_6132,11633.28000000722
00e12e8b_6133,11633.280000007224
00e12e8b_6134,11633.290000007224
00e12e8b_6135,11633.290000007226
00e12e8b_6136,11633.290000007228
00e12e8b_6137,11633.300000007228
00e12e8b_6138,11633.300000007232
00e12e8b_6139,11633.310000007234
00e12e8b_6140,11633.310000007235
00e12e8b_6141,11633.310000007237
00e12e8b_6142,11633.32000000724
00e12e8b_6143,11633.32000000724
00e12e8b_6144,11633.330000007241
00e12e8b_6145,11633.330000007245
00e12e8b_6146,11633.330000007245
00e12e8b_6147,11633.340000007247
00e12e8b_6148,11633.340000007249
00e12e8b_6149,11633.34000000725
00e12e8b_6150,11633.350000007253
00e12e8b_6151,11633.350000007253
00e12e8b_6152,11633.350000007256
00e12e8b_6153,11633.360000007258
00e12e8b_6154,11633.36000000726
00e12e8b_6155,11633.360000007262
00e12e8b_6156,11633.360000007264
00e12e8b_6157,11633.370000007264
00e12e8b_6158,11633.370000007268
00e12e8b_6159,11633.370000007268
00e12e8b_6160,11633.38000000727
00e12e8b_6161,11633.380000007273
00e12e8b_6162,11633.380000007273
00e12e8b_6163,11633.380000007277
00e12e8b_6164,11633.390000007277
00e12e8b_6165,11633.390000007279
00e12e8b_6166,11633.39000000728
00e12e8b_6167,11633.390000007283
00e12e8b_6168,11633.400000007285
00e12e8b_6169,11633.400000007288
00e12e8b_6170,11633.400000007288
00e12e8b_6171,11633.400000007288
00e12e8b_6172,11633.400000007292
00e12e8b_6173,11633.400000007292
00e12e8b_6174,11633.410000007296
00e12e8b_6175,11633.410000007298
00e12e8b_6176,11633.4100000073
00e12e8b_6177,11633.410000007301
00e12e8b_6178,11633.410000007303
00e12e8b_6179,11633.410000007305
00e12e8b_6180,11633.420000007307
00e12e8b_6181,11633.420000007307
00e12e8b_6182,11633.42000000731
00e12e8b_6183,11633.42000000731
00e12e8b_6184,11633.420000007312
00e12e8b_6185,11633.420000007314
00e12e8b_6186,11633.420000007316
00e12e8b_6187,11633.420000007318
00e12e8b_6188,11633.42000000732
00e12e8b_6189,11633.430000007324
00e12e8b_6190,11633.430000007324
00e12e8b_6191,11633.430000007327
00e12e8b_6192,11633.430000007327
00e12e8b_6193,11633.43000000733
00e12e8b_6194,11633.43000000733
00e12e8b_6195,11633.430000007334
00e12e8b_6196,11633.430000007334
00e12e8b_6197,11633.430000007338
00e12e8b_6198,11633.430000007338
00e12e8b_6199,11633.430000007342
00e12e8b_6200,11633.430000007342
00e12e8b_6201,11633.430000007345
00e12e8b_6202,11633.430000007345
00e12e8b_6203,11633.430000007345
00e12e8b_6204,11633.430000007349
00e12e8b_6205,11633.430000007349
00e12e8b_6206,11633.430000007353
00e12e8b_6207,11633.430000007353
00e12e8b_6208,11633.430000007356
00e12e8b_6209,11633.430000007356
00e12e8b_6210,11633.43000000736
00e12e8b_6211,11633.43000000736
00e12e8b_6212,11633.430000007364
00e12e8b_6213,11633.430000007364
00e12e8b_6214,11633.430000007367
00e12e8b_6215,11633.420000007369
00e12e8b_6216,11633.42000000737
00e12e8b_6217,11633.420000007372
00e12e8b_6218,11633.420000007374
00e12e8b_6219,11633.420000007376
00e12e8b_6220,11633.420000007378
00e12e8b_6221,11633.42000000738
00e12e8b_6222,11633.420000007382
00e12e8b_6223,11633.420000007383
00e12e8b_6224,11633.410000007385
00e12e8b_6225,11633.410000007385
00e12e8b_6226,11633.410000007389
00e12e8b_6227,11633.410000007389
00e12e8b_6228,11633.410000007392
00e12e8b_6229,11633.410000007392
00e12e8b_6230,11633.400000007396
00e12e8b_6231,11633.400000007397
00e12e8b_6232,11633.4000000074
00e12e8b_6233,11633.400000007401
00e12e8b_6234,11633.390000007403
00e12e8b_6235,11633.390000007403
00e12e8b_6236,11633.390000007406
00e12e8b_6237,11633.390000007406
00e12e8b_6238,11633.38000000741
00e12e8b_6239,11633.380000007412
00e12e8b_6240,11633.380000007413
00e12e8b_6241,11633.370000007413
00e12e8b_6242,11633.370000007417
00e12e8b_6243,11633.370000007417
00e12e8b_6244,11633.36000000742
00e12e8b_6245,11633.360000007422
00e12e8b_6246,11633.360000007424
00e12e8b_6247,11633.350000007427
00e12e8b_6248,11633.350000007427
00e12e8b_6249,11633.340000007429
00e12e8b_6250,11633.34000000743
00e12e8b_6251,11633.340000007433
00e12e8b_6252,11633.330000007434
00e12e8b_6253,11633.330000007438
00e12e8b_6254,11633.320000007438
00e12e8b_6255,11633.32000000744
00e12e8b_6256,11633.310000007441
00e12e8b_6257,11633.310000007445
00e12e8b_6258,11633.300000007444
00e12e8b_6259,11633.300000007446
00e12e8b_6260,11633.29000000745
00e12e8b_6261,11633.290000007451
00e12e8b_6262,11633.280000007453
00e12e8b_6263,11633.270000007455
00e12e8b_6264,11633.270000007456
00e12e8b_6265,11633.260000007456
00e12e8b_6266,11633.26000000746
00e12e8b_6267,11633.250000007461
00e12e8b_6268,11633.240000007463
00e12e8b_6269,11633.240000007463
00e12e8b_6270,11633.230000007467
00e12e8b_6271,11633.230000007468
00e12e8b_6272,11633.22000000747
00e12e8b_6273,11633.210000007472
00e12e8b_6274,11633.210000007473
00e12e8b_6275,11633.200000007477
00e12e8b_6276,11633.190000007477
00e12e8b_6277,11633.18000000748
00e12e8b_6278,11633.18000000748
00e12e8b_6279,11633.170000007482
00e12e8b_6280,11633.160000007485
00e12e8b_6281,11633.150000007485
00e12e8b_6282,11633.150000007488
00e12e8b_6283,11633.14000000749
00e12e8b_6284,11633.130000007492
00e12e8b_6285,11633.120000007493
00e12e8b_6286,11633.120000007495
00e12e8b_6287,11633.110000007498
00e12e8b_6288,11633.100000007498
00e12e8b_6289,11633.090000007502
00e12e8b_6290,11633.080000007501
00e12e8b_6291,11633.070000007505
00e12e8b_6292,11633.060000007506
00e12e8b_6293,11633.060000007506
00e12e8b_6294,11633.05000000751
00e12e8b_6295,11633.04000000751
00e12e8b_6296,11633.030000007513
00e12e8b_6297,11633.020000007517
00e12e8b_6298,11633.010000007516
00e12e8b_6299,11633.00000000752
00e12e8b_6300,11632.99000000752
00e12e8b_6301,11632.980000007523
00e12e8b_6302,11632.970000007525
00e12e8b_6303,11632.960000007526
00e12e8b_6304,11632.950000007528
00e12e8b_6305,11632.94000000753
00e12e8b_6306,11632.93000000753
00e12e8b_6307,11632.920000007533
00e12e8b_6308,11632.910000007534
00e12e8b_6309,11632.900000007536
00e12e8b_6310,11632.890000007537
00e12e8b_6311,11632.880000007539
00e12e8b_6312,11632.870000007542
00e12e8b_6313,11632.860000007542
00e12e8b_6314,11632.850000007546
00e12e8b_6315,11632.840000007545
00e12e8b_6316,11632.820000007549
00e12e8b_6317,11632.81000000755
00e12e8b_6318,11632.800000007552
00e12e8b_6319,11632.790000007553
00e12e8b_6320,11632.780000007555
00e12e8b_6321,11632.770000007557
00e12e8b_6322,11632.76000000756
00e12e8b_6323,11632.740000007561
00e12e8b_6324,11632.730000007563
00e12e8b_6325,11632.720000007565
00e12e8b_6326,11632.710000007566
00e12e8b_6327,11632.700000007568
00e12e8b_6328,11632.69000000757
00e12e8b_6329,11632.670000007573
00e12e8b_6330,11632.660000007574
00e12e8b_6331,11632.650000007576
00e12e8b_6332,11632.640000007577
00e12e8b_6333,11632.630000007579
00e12e8b_6334,11632.62000000758
00e12e8b_6335,11632.600000007584
00e12e8b_6336,11632.590000007584
00e12e8b_6337,11632.580000007587
00e12e8b_6338,11632.570000007589
00e12e8b_6339,11632.56000000759
00e12e8b_6340,11632.550000007592
00e12e8b_6341,11632.530000007595
00e12e8b_6342,11632.520000007595
00e12e8b_6343,11632.510000007598
00e12e8b_6344,11632.500000007598
00e12e8b_6345,11632.490000007601
00e12e8b_6346,11632.480000007603
00e12e8b_6347,11632.460000007603
00e12e8b_6348,11632.450000007606
00e12e8b_6349,11632.440000007606
00e12e8b_6350,11632.43000000761
00e12e8b_6351,11632.420000007613
00e12e8b_6352,11632.400000007612
00e12e8b_6353,11632.390000007614
00e12e8b_6354,11632.380000007617
00e12e8b_6355,11632.370000007617
00e12e8b_6356,11632.36000000762
00e12e8b_6357,11632.35000000762
00e12e8b_6358,11632.330000007623
00e12e8b_6359,11632.320000007625
00e12e8b_6360,11632.310000007627
00e12e8b_6361,11632.300000007628
00e12e8b_6362,11632.29000000763
00e12e8b_6363,11632.280000007631
00e12e8b_6364,11632.260000007635
00e12e8b_6365,11632.250000007636
00e12e8b_6366,11632.240000007638
00e12e8b_6367,11632.23000000764
00e12e8b_6368,11632.220000007641
00e12e8b_6369,11632.200000007644
00e12e8b_6370,11632.190000007646
00e12e8b_6371,11632.180000007647
00e12e8b_6372,11632.170000007649
00e12e8b_6373,11632.16000000765
00e12e8b_6374,11632.150000007652
00e12e8b_6375,11632.130000007655
00e12e8b_6376,11632.120000007655
00e12e8b_6377,11632.110000007659
00e12e8b_6378,11632.100000007658
00e12e8b_6379,11632.090000007662
00e12e8b_6380,11632.070000007663
00e12e8b_6381,11632.060000007663
00e12e8b_6382,11632.050000007666
00e12e8b_6383,11632.04000000767
